name,latitude,longitude,month,South-facing vertical (tilt=90deg;),South-facing; tilt=latitude,South-facing; tilt=latitude+15deg;,South-facing; tilt=latitude-15deg;,Two-axis sun-tracking,Horizontal (tilt=0deg;)
100 Mile House,-121.30,51.65,January,2.4,2.3,2.4,2.0,2.7,0.9
100 Mile House,-121.30,51.65,February,3.2,3.4,3.5,3.1,4.0,1.8
100 Mile House,-121.30,51.65,March,4.1,4.9,4.7,4.7,6.2,3.3
100 Mile House,-121.30,51.65,April,3.7,5.2,4.8,5.4,7.4,4.6
100 Mile House,-121.30,51.65,May,3.1,5.1,4.4,5.5,8.0,5.6
100 Mile House,-121.30,51.65,June,3.0,5.2,4.4,5.7,8.6,6.1
100 Mile House,-121.30,51.65,July,3.2,5.4,4.6,5.9,8.9,6.2
100 Mile House,-121.30,51.65,August,3.5,5.3,4.7,5.6,8.0,5.2
100 Mile House,-121.30,51.65,September,3.9,5.0,4.8,5.0,6.8,3.7
100 Mile House,-121.30,51.65,October,3.4,3.8,3.8,3.5,4.6,2.1
100 Mile House,-121.30,51.65,November,2.3,2.3,2.4,2.1,2.7,1.0
100 Mile House,-121.30,51.65,December,2.0,1.9,2.0,1.7,2.2,0.7
100 Mile House,-121.30,51.65,Annual,3.1,4.1,3.9,4.2,5.9,3.4
