name,latitude,longitude,month,South-facing vertical (tilt=90deg;),South-facing; tilt=latitude,South-facing; tilt=latitude+15deg;,South-facing; tilt=latitude-15deg;,Two-axis sun-tracking,Horizontal (tilt=0deg;)
108 Mile Ranch,-121.35,51.75,January,2.4,2.3,2.4,2.0,2.7,0.9
108 Mile Ranch,-121.35,51.75,February,3.2,3.4,3.5,3.1,4.0,1.8
108 Mile Ranch,-121.35,51.75,March,4.1,4.9,4.8,4.7,6.2,3.3
108 Mile Ranch,-121.35,51.75,April,3.7,5.2,4.8,5.4,7.4,4.6
108 Mile Ranch,-121.35,51.75,May,3.1,5.1,4.5,5.5,8.0,5.6
108 Mile Ranch,-121.35,51.75,June,3.0,5.2,4.4,5.7,8.6,6.1
108 Mile Ranch,-121.35,51.75,July,3.2,5.4,4.6,5.9,8.9,6.2
108 Mile Ranch,-121.35,51.75,August,3.5,5.3,4.7,5.6,7.9,5.2
108 Mile Ranch,-121.35,51.75,September,3.9,5.0,4.8,5.0,6.8,3.7
108 Mile Ranch,-121.35,51.75,October,3.3,3.7,3.7,3.5,4.6,2.1
108 Mile Ranch,-121.35,51.75,November,2.3,2.3,2.4,2.1,2.7,1.0
108 Mile Ranch,-121.35,51.75,December,2.0,1.9,2.0,1.7,2.2,0.7
108 Mile Ranch,-121.35,51.75,Annual,3.1,4.1,3.9,4.2,5.9,3.4
