name,latitude,longitude,month,South-facing vertical (tilt=90deg;),South-facing; tilt=latitude,South-facing; tilt=latitude+15deg;,South-facing; tilt=latitude-15deg;,Two-axis sun-tracking,Horizontal (tilt=0deg;)
70 Mile House,-121.40,51.30,January,2.3,2.3,2.4,2.0,2.6,0.9
70 Mile House,-121.40,51.30,February,3.2,3.3,3.4,3.1,4.0,1.9
70 Mile House,-121.40,51.30,March,4.0,4.8,4.7,4.7,6.2,3.3
70 Mile House,-121.40,51.30,April,3.6,5.2,4.8,5.4,7.4,4.7
70 Mile House,-121.40,51.30,May,3.1,5.1,4.5,5.5,8.0,5.6
70 Mile House,-121.40,51.30,June,3.0,5.2,4.4,5.7,8.7,6.1
70 Mile House,-121.40,51.30,July,3.2,5.5,4.7,6.0,9.0,6.2
70 Mile House,-121.40,51.30,August,3.5,5.4,4.8,5.7,8.1,5.3
70 Mile House,-121.40,51.30,September,3.9,5.1,4.8,5.0,6.9,3.8
70 Mile House,-121.40,51.30,October,3.5,3.9,3.9,3.6,4.8,2.2
70 Mile House,-121.40,51.30,November,2.3,2.3,2.4,2.1,2.7,1.1
70 Mile House,-121.40,51.30,December,2.0,1.9,2.0,1.7,2.2,0.7
70 Mile House,-121.40,51.30,Annual,3.1,4.2,3.9,4.2,5.9,3.5
