name,latitude,longitude,month,South-facing vertical (tilt=90deg;),South-facing; tilt=latitude,South-facing; tilt=latitude+15deg;,South-facing; tilt=latitude-15deg;,Two-axis sun-tracking,Horizontal (tilt=0deg;)
Abbotsford,-122.28,49.05,January,1.8,1.8,1.9,1.6,2.1,0.9
Abbotsford,-122.28,49.05,February,2.3,2.5,2.5,2.3,3.0,1.6
Abbotsford,-122.28,49.05,March,2.9,3.6,3.5,3.5,4.6,2.7
Abbotsford,-122.28,49.05,April,2.8,4.3,3.9,4.4,6.0,4.0
Abbotsford,-122.28,49.05,May,2.5,4.4,3.9,4.8,6.8,5.3
Abbotsford,-122.28,49.05,June,2.5,4.7,4.1,5.2,7.7,5.8
Abbotsford,-122.28,49.05,July,2.9,5.2,4.5,5.7,8.6,6.2
Abbotsford,-122.28,49.05,August,3.2,5.1,4.6,5.4,7.7,5.3
Abbotsford,-122.28,49.05,September,3.7,4.9,4.7,4.9,6.7,3.6
Abbotsford,-122.28,49.05,October,2.8,3.3,3.2,3.1,4.0,2.1
Abbotsford,-122.28,49.05,November,1.8,1.9,2.0,1.7,2.2,1.0
Abbotsford,-122.28,49.05,December,1.7,1.7,1.8,1.5,1.9,0.7
Abbotsford,-122.28,49.05,Annual,2.6,3.6,3.4,3.7,5.1,3.3
