name,latitude,longitude,month,South-facing vertical (tilt=90deg;),South-facing; tilt=latitude,South-facing; tilt=latitude+15deg;,South-facing; tilt=latitude-15deg;,Two-axis sun-tracking,Horizontal (tilt=0deg;)
Adams Lake,-119.69,50.96,January,2.1,2.0,2.1,1.8,2.4,1.0
Adams Lake,-119.69,50.96,February,3.0,3.2,3.2,2.9,3.8,1.9
Adams Lake,-119.69,50.96,March,3.9,4.7,4.5,4.5,5.9,3.3
Adams Lake,-119.69,50.96,April,3.6,5.2,4.8,5.4,7.4,4.7
Adams Lake,-119.69,50.96,May,3.1,5.1,4.5,5.6,8.0,5.7
Adams Lake,-119.69,50.96,June,3.0,5.4,4.6,5.9,8.9,6.2
Adams Lake,-119.69,50.96,July,3.2,5.6,4.8,6.1,9.3,6.4
Adams Lake,-119.69,50.96,August,3.5,5.5,4.9,5.8,8.3,5.4
Adams Lake,-119.69,50.96,September,3.9,5.1,4.9,5.1,7.0,3.8
Adams Lake,-119.69,50.96,October,3.4,3.8,3.8,3.6,4.7,2.2
Adams Lake,-119.69,50.96,November,2.3,2.3,2.4,2.1,2.7,1.1
Adams Lake,-119.69,50.96,December,1.8,1.7,1.8,1.5,2.0,0.7
Adams Lake,-119.69,50.96,Annual,3.1,4.1,3.9,4.2,5.9,3.6
