name,latitude,longitude,month,South-facing vertical (tilt=90deg;),South-facing; tilt=latitude,South-facing; tilt=latitude+15deg;,South-facing; tilt=latitude-15deg;,Two-axis sun-tracking,Horizontal (tilt=0deg;)
Alert Bay,-126.92,50.58,January,1.6,1.6,1.7,1.5,1.9,0.7
Alert Bay,-126.92,50.58,February,2.1,2.4,2.4,2.2,2.8,1.5
Alert Bay,-126.92,50.58,March,2.9,3.6,3.5,3.6,4.6,2.6
Alert Bay,-126.92,50.58,April,3.0,4.4,4.0,4.5,6.1,3.9
Alert Bay,-126.92,50.58,May,2.8,4.5,4.0,4.9,6.8,5.1
Alert Bay,-126.92,50.58,June,2.7,4.8,4.1,5.3,7.6,5.5
Alert Bay,-126.92,50.58,July,2.9,4.9,4.3,5.4,7.8,5.7
Alert Bay,-126.92,50.58,August,2.9,4.5,4.0,4.8,6.7,4.8
Alert Bay,-126.92,50.58,September,3.5,4.5,4.3,4.5,6.0,3.3
Alert Bay,-126.92,50.58,October,2.5,2.9,2.9,2.8,3.5,1.8
Alert Bay,-126.92,50.58,November,1.7,1.8,1.9,1.6,2.1,0.9
Alert Bay,-126.92,50.58,December,1.4,1.3,1.4,1.2,1.6,0.6
Alert Bay,-126.92,50.58,Annual,2.5,3.4,3.2,3.5,4.8,3.0
