name,latitude,longitude,month,South-facing vertical (tilt=90deg;),South-facing; tilt=latitude,South-facing; tilt=latitude+15deg;,South-facing; tilt=latitude-15deg;,Two-axis sun-tracking,Horizontal (tilt=0deg;)
Alexandria,-122.45,52.64,January,2.3,2.2,2.3,1.9,2.6,0.8
Alexandria,-122.45,52.64,February,3.1,3.3,3.4,3.0,3.9,1.7
Alexandria,-122.45,52.64,March,4.0,4.8,4.6,4.6,6.1,3.2
Alexandria,-122.45,52.64,April,3.7,5.2,4.7,5.4,7.4,4.6
Alexandria,-122.45,52.64,May,3.1,5.0,4.4,5.4,7.8,5.5
Alexandria,-122.45,52.64,June,3.0,5.1,4.4,5.6,8.5,6.0
Alexandria,-122.45,52.64,July,3.2,5.3,4.6,5.8,8.7,6.0
Alexandria,-122.45,52.64,August,3.5,5.2,4.7,5.5,7.9,5.0
Alexandria,-122.45,52.64,September,3.7,4.8,4.5,4.7,6.5,3.6
Alexandria,-122.45,52.64,October,3.0,3.4,3.4,3.2,4.2,2.0
Alexandria,-122.45,52.64,November,2.2,2.2,2.3,2.0,2.6,0.9
Alexandria,-122.45,52.64,December,1.8,1.8,1.9,1.5,2.0,0.6
Alexandria,-122.45,52.64,Annual,3.1,4.0,3.8,4.1,5.7,3.3
