name,latitude,longitude,month,South-facing vertical (tilt=90deg;),South-facing; tilt=latitude,South-facing; tilt=latitude+15deg;,South-facing; tilt=latitude-15deg;,Two-axis sun-tracking,Horizontal (tilt=0deg;)
Alexis Creek,-123.28,52.08,January,2.2,2.1,2.3,1.9,2.5,0.9
Alexis Creek,-123.28,52.08,February,3.1,3.2,3.3,3.0,3.9,1.8
Alexis Creek,-123.28,52.08,March,4.0,4.8,4.6,4.6,6.1,3.2
Alexis Creek,-123.28,52.08,April,3.6,5.1,4.7,5.3,7.3,4.6
Alexis Creek,-123.28,52.08,May,3.1,5.0,4.4,5.5,7.8,5.6
Alexis Creek,-123.28,52.08,June,3.0,5.1,4.4,5.6,8.4,6.0
Alexis Creek,-123.28,52.08,July,3.2,5.3,4.6,5.8,8.7,6.1
Alexis Creek,-123.28,52.08,August,3.5,5.3,4.7,5.6,8.0,5.1
Alexis Creek,-123.28,52.08,September,3.7,4.9,4.6,4.8,6.6,3.7
Alexis Creek,-123.28,52.08,October,3.1,3.5,3.5,3.3,4.4,2.1
Alexis Creek,-123.28,52.08,November,2.2,2.2,2.3,2.0,2.6,1.0
Alexis Creek,-123.28,52.08,December,1.8,1.7,1.8,1.5,2.0,0.6
Alexis Creek,-123.28,52.08,Annual,3.0,4.0,3.8,4.1,5.7,3.4
