name,latitude,longitude,month,South-facing vertical (tilt=90deg;),South-facing; tilt=latitude,South-facing; tilt=latitude+15deg;,South-facing; tilt=latitude-15deg;,Two-axis sun-tracking,Horizontal (tilt=0deg;)
Alkali Lake,-122.23,51.79,January,2.4,2.3,2.4,2.0,2.7,0.9
Alkali Lake,-122.23,51.79,February,3.2,3.4,3.4,3.1,4.0,1.8
Alkali Lake,-122.23,51.79,March,4.1,4.9,4.7,4.7,6.2,3.3
Alkali Lake,-122.23,51.79,April,3.6,5.2,4.8,5.4,7.4,4.7
Alkali Lake,-122.23,51.79,May,3.1,5.1,4.5,5.5,8.0,5.6
Alkali Lake,-122.23,51.79,June,3.0,5.2,4.4,5.7,8.7,6.1
Alkali Lake,-122.23,51.79,July,3.2,5.4,4.7,5.9,8.9,6.2
Alkali Lake,-122.23,51.79,August,3.5,5.3,4.8,5.6,8.0,5.2
Alkali Lake,-122.23,51.79,September,3.8,5.0,4.7,5.0,6.8,3.7
Alkali Lake,-122.23,51.79,October,3.3,3.7,3.7,3.5,4.5,2.1
Alkali Lake,-122.23,51.79,November,2.3,2.3,2.4,2.1,2.7,1.0
Alkali Lake,-122.23,51.79,December,2.0,1.9,2.0,1.6,2.2,0.6
Alkali Lake,-122.23,51.79,Annual,3.1,4.1,3.9,4.2,5.9,3.4
