name,latitude,longitude,month,South-facing vertical (tilt=90deg;),South-facing; tilt=latitude,South-facing; tilt=latitude+15deg;,South-facing; tilt=latitude-15deg;,Two-axis sun-tracking,Horizontal (tilt=0deg;)
Anahim Lake,-125.32,52.47,January,1.9,1.9,2.0,1.7,2.2,0.8
Anahim Lake,-125.32,52.47,February,2.9,3.0,3.1,2.8,3.6,1.7
Anahim Lake,-125.32,52.47,March,3.7,4.4,4.3,4.3,5.7,3.1
Anahim Lake,-125.32,52.47,April,3.4,4.9,4.5,5.1,7.1,4.6
Anahim Lake,-125.32,52.47,May,3.1,4.9,4.3,5.3,7.5,5.5
Anahim Lake,-125.32,52.47,June,3.0,5.0,4.3,5.5,8.2,5.8
Anahim Lake,-125.32,52.47,July,3.1,5.1,4.5,5.6,8.3,5.8
Anahim Lake,-125.32,52.47,August,3.4,5.2,4.7,5.5,7.8,5.0
Anahim Lake,-125.32,52.47,September,3.7,4.8,4.6,4.8,6.5,3.6
Anahim Lake,-125.32,52.47,October,2.9,3.2,3.2,3.1,4.0,1.9
Anahim Lake,-125.32,52.47,November,1.9,1.9,2.0,1.8,2.3,0.9
Anahim Lake,-125.32,52.47,December,1.5,1.5,1.6,1.3,1.7,0.5
Anahim Lake,-125.32,52.47,Annual,2.9,3.8,3.6,3.9,5.4,3.3
