name,latitude,longitude,month,South-facing vertical (tilt=90deg;),South-facing; tilt=latitude,South-facing; tilt=latitude+15deg;,South-facing; tilt=latitude-15deg;,Two-axis sun-tracking,Horizontal (tilt=0deg;)
Anglemont,-119.17,50.97,January,2.0,2.0,2.1,1.8,2.3,1.0
Anglemont,-119.17,50.97,February,2.9,3.1,3.1,2.8,3.6,1.8
Anglemont,-119.17,50.97,March,3.8,4.5,4.4,4.4,5.8,3.2
Anglemont,-119.17,50.97,April,3.6,5.2,4.7,5.3,7.3,4.6
Anglemont,-119.17,50.97,May,3.0,5.0,4.4,5.4,7.7,5.6
Anglemont,-119.17,50.97,June,3.0,5.3,4.5,5.8,8.7,6.2
Anglemont,-119.17,50.97,July,3.2,5.5,4.8,6.0,9.1,6.4
Anglemont,-119.17,50.97,August,3.4,5.3,4.8,5.6,8.0,5.3
Anglemont,-119.17,50.97,September,3.9,5.0,4.8,5.0,6.8,3.7
Anglemont,-119.17,50.97,October,3.3,3.7,3.7,3.5,4.7,2.2
Anglemont,-119.17,50.97,November,2.3,2.3,2.4,2.1,2.7,1.1
Anglemont,-119.17,50.97,December,1.7,1.7,1.7,1.5,1.9,0.8
Anglemont,-119.17,50.97,Annual,3.0,4.1,3.8,4.1,5.7,3.5
