name,latitude,longitude,month,South-facing vertical (tilt=90deg;),South-facing; tilt=latitude,South-facing; tilt=latitude+15deg;,South-facing; tilt=latitude-15deg;,Two-axis sun-tracking,Horizontal (tilt=0deg;)
Argenta,-116.92,50.17,January,2.2,2.2,2.3,1.9,2.6,1.1
Argenta,-116.92,50.17,February,3.0,3.2,3.2,2.9,3.8,1.9
Argenta,-116.92,50.17,March,3.7,4.5,4.4,4.4,5.7,3.3
Argenta,-116.92,50.17,April,3.5,5.1,4.7,5.3,7.4,4.7
Argenta,-116.92,50.17,May,3.0,5.0,4.4,5.4,7.9,5.8
Argenta,-116.92,50.17,June,3.0,5.4,4.6,6.0,9.1,6.3
Argenta,-116.92,50.17,July,3.2,5.7,4.9,6.2,9.5,6.6
Argenta,-116.92,50.17,August,3.4,5.4,4.8,5.7,8.2,5.5
Argenta,-116.92,50.17,September,4.0,5.3,5.0,5.2,7.2,3.8
Argenta,-116.92,50.17,October,3.6,4.1,4.1,3.8,5.1,2.3
Argenta,-116.92,50.17,November,2.5,2.5,2.6,2.3,3.1,1.2
Argenta,-116.92,50.17,December,1.8,1.8,1.9,1.5,2.1,0.9
Argenta,-116.92,50.17,Annual,3.1,4.2,3.9,4.2,6.0,3.6
