name,latitude,longitude,month,South-facing vertical (tilt=90deg;),South-facing; tilt=latitude,South-facing; tilt=latitude+15deg;,South-facing; tilt=latitude-15deg;,Two-axis sun-tracking,Horizontal (tilt=0deg;)
Armstrong,-119.19,50.45,January,1.9,1.9,2.0,1.7,2.2,1.0
Armstrong,-119.19,50.45,February,2.9,3.1,3.1,2.8,3.6,1.9
Armstrong,-119.19,50.45,March,3.8,4.6,4.5,4.5,5.8,3.4
Armstrong,-119.19,50.45,April,3.6,5.2,4.8,5.4,7.4,4.8
Armstrong,-119.19,50.45,May,3.1,5.2,4.5,5.6,7.9,5.7
Armstrong,-119.19,50.45,June,3.0,5.4,4.6,6.0,9.0,6.3
Armstrong,-119.19,50.45,July,3.2,5.7,4.9,6.2,9.4,6.5
Armstrong,-119.19,50.45,August,3.5,5.6,5.0,5.9,8.4,5.5
Armstrong,-119.19,50.45,September,4.0,5.2,5.0,5.2,7.1,3.9
Armstrong,-119.19,50.45,October,3.4,3.9,3.9,3.7,4.9,2.3
Armstrong,-119.19,50.45,November,2.2,2.3,2.4,2.1,2.7,1.1
Armstrong,-119.19,50.45,December,1.6,1.6,1.7,1.4,1.9,0.8
Armstrong,-119.19,50.45,Annual,3.0,4.1,3.9,4.2,5.9,3.6
