name,latitude,longitude,month,South-facing vertical (tilt=90deg;),South-facing; tilt=latitude,South-facing; tilt=latitude+15deg;,South-facing; tilt=latitude-15deg;,Two-axis sun-tracking,Horizontal (tilt=0deg;)
Ashcroft,-121.28,50.73,January,2.3,2.2,2.3,2.0,2.6,1.0
Ashcroft,-121.28,50.73,February,3.1,3.3,3.4,3.1,4.0,2.0
Ashcroft,-121.28,50.73,March,4.0,4.8,4.7,4.7,6.2,3.4
Ashcroft,-121.28,50.73,April,3.6,5.2,4.8,5.4,7.4,4.8
Ashcroft,-121.28,50.73,May,3.2,5.3,4.6,5.7,8.2,5.8
Ashcroft,-121.28,50.73,June,3.1,5.4,4.6,6.0,9.1,6.2
Ashcroft,-121.28,50.73,July,3.3,5.7,4.9,6.2,9.5,6.5
Ashcroft,-121.28,50.73,August,3.6,5.6,5.0,5.9,8.5,5.4
Ashcroft,-121.28,50.73,September,4.0,5.2,5.0,5.2,7.1,3.9
Ashcroft,-121.28,50.73,October,3.5,4.0,4.0,3.7,4.9,2.3
Ashcroft,-121.28,50.73,November,2.3,2.3,2.5,2.1,2.8,1.1
Ashcroft,-121.28,50.73,December,1.9,1.8,2.0,1.6,2.1,0.7
Ashcroft,-121.28,50.73,Annual,3.2,4.3,4.0,4.3,6.0,3.6
