name,latitude,longitude,month,South-facing vertical (tilt=90deg;),South-facing; tilt=latitude,South-facing; tilt=latitude+15deg;,South-facing; tilt=latitude-15deg;,Two-axis sun-tracking,Horizontal (tilt=0deg;)
Aspen Grove,-120.63,49.93,January,1.9,1.9,2.0,1.7,2.2,1.0
Aspen Grove,-120.63,49.93,February,2.8,3.0,3.1,2.8,3.6,1.9
Aspen Grove,-120.63,49.93,March,3.7,4.5,4.4,4.4,5.8,3.3
Aspen Grove,-120.63,49.93,April,3.4,5.1,4.6,5.2,7.2,4.7
Aspen Grove,-120.63,49.93,May,3.1,5.2,4.5,5.6,8.0,5.7
Aspen Grove,-120.63,49.93,June,2.9,5.3,4.5,5.8,8.8,6.2
Aspen Grove,-120.63,49.93,July,3.1,5.6,4.8,6.1,9.2,6.4
Aspen Grove,-120.63,49.93,August,3.5,5.6,5.0,5.9,8.4,5.5
Aspen Grove,-120.63,49.93,September,4.0,5.3,5.0,5.2,7.2,3.9
Aspen Grove,-120.63,49.93,October,3.4,3.9,3.9,3.7,4.9,2.3
Aspen Grove,-120.63,49.93,November,2.1,2.2,2.3,2.0,2.6,1.1
Aspen Grove,-120.63,49.93,December,1.7,1.6,1.7,1.5,1.9,0.8
Aspen Grove,-120.63,49.93,Annual,3.0,4.1,3.8,4.2,5.8,3.6
