name,latitude,longitude,month,South-facing vertical (tilt=90deg;),South-facing; tilt=latitude,South-facing; tilt=latitude+15deg;,South-facing; tilt=latitude-15deg;,Two-axis sun-tracking,Horizontal (tilt=0deg;)
Atlin,-133.69,59.58,January,1.3,1.3,1.3,1.1,1.4,0.4
Atlin,-133.69,59.58,February,2.8,2.9,3.0,2.7,3.4,1.1
Atlin,-133.69,59.58,March,3.9,4.4,4.3,4.3,5.6,2.6
Atlin,-133.69,59.58,April,4.0,5.2,4.8,5.4,7.5,4.5
Atlin,-133.69,59.58,May,3.5,5.1,4.4,5.5,8.0,5.4
Atlin,-133.69,59.58,June,3.5,5.1,4.4,5.6,8.4,5.8
Atlin,-133.69,59.58,July,3.3,4.8,4.1,5.3,7.7,5.3
Atlin,-133.69,59.58,August,3.5,4.8,4.3,5.1,7.1,4.2
Atlin,-133.69,59.58,September,3.0,3.7,3.5,3.7,4.9,2.7
Atlin,-133.69,59.58,October,2.0,2.2,2.2,2.1,2.7,1.3
Atlin,-133.69,59.58,November,1.3,1.3,1.4,1.2,1.5,0.5
Atlin,-133.69,59.58,December,0.8,0.7,0.8,0.6,0.8,0.2
Atlin,-133.69,59.58,Annual,2.7,3.5,3.2,3.6,4.9,2.8
