name,latitude,longitude,month,South-facing vertical (tilt=90deg;),South-facing; tilt=latitude,South-facing; tilt=latitude+15deg;,South-facing; tilt=latitude-15deg;,Two-axis sun-tracking,Horizontal (tilt=0deg;)
Australian,-122.45,52.72,January,2.3,2.2,2.3,1.9,2.5,0.8
Australian,-122.45,52.72,February,3.1,3.3,3.3,3.0,3.9,1.7
Australian,-122.45,52.72,March,4.0,4.7,4.6,4.6,6.1,3.2
Australian,-122.45,52.72,April,3.7,5.2,4.7,5.4,7.4,4.6
Australian,-122.45,52.72,May,3.1,5.0,4.4,5.4,7.8,5.5
Australian,-122.45,52.72,June,3.0,5.1,4.4,5.6,8.5,6.0
Australian,-122.45,52.72,July,3.2,5.3,4.6,5.8,8.7,6.0
Australian,-122.45,52.72,August,3.5,5.2,4.7,5.5,7.9,5.0
Australian,-122.45,52.72,September,3.7,4.7,4.5,4.7,6.4,3.5
Australian,-122.45,52.72,October,3.0,3.4,3.4,3.2,4.1,1.9
Australian,-122.45,52.72,November,2.2,2.2,2.3,2.0,2.6,0.9
Australian,-122.45,52.72,December,1.8,1.7,1.9,1.5,2.0,0.6
Australian,-122.45,52.72,Annual,3.1,4.0,3.8,4.1,5.7,3.3
