name,latitude,longitude,month,South-facing vertical (tilt=90deg;),South-facing; tilt=latitude,South-facing; tilt=latitude+15deg;,South-facing; tilt=latitude-15deg;,Two-axis sun-tracking,Horizontal (tilt=0deg;)
Avola,-119.32,51.79,January,2.2,2.1,2.3,1.9,2.5,0.9
Avola,-119.32,51.79,February,3.1,3.2,3.3,3.0,3.8,1.7
Avola,-119.32,51.79,March,4.0,4.7,4.6,4.6,6.0,3.2
Avola,-119.32,51.79,April,3.7,5.3,4.8,5.4,7.5,4.5
Avola,-119.32,51.79,May,3.0,4.9,4.3,5.3,7.6,5.5
Avola,-119.32,51.79,June,3.0,5.1,4.4,5.7,8.6,6.0
Avola,-119.32,51.79,July,3.1,5.3,4.6,5.8,8.8,6.2
Avola,-119.32,51.79,August,3.2,5.0,4.5,5.3,7.5,5.1
Avola,-119.32,51.79,September,3.7,4.8,4.5,4.8,6.4,3.5
Avola,-119.32,51.79,October,3.2,3.6,3.6,3.4,4.5,2.0
Avola,-119.32,51.79,November,2.4,2.4,2.5,2.2,2.8,1.0
Avola,-119.32,51.79,December,1.9,1.8,1.9,1.6,2.1,0.7
Avola,-119.32,51.79,Annual,3.0,4.0,3.8,4.1,5.7,3.4
