name,latitude,longitude,month,South-facing vertical (tilt=90deg;),South-facing; tilt=latitude,South-facing; tilt=latitude+15deg;,South-facing; tilt=latitude-15deg;,Two-axis sun-tracking,Horizontal (tilt=0deg;)
Balfour,-116.97,49.63,January,2.2,2.1,2.3,1.9,2.5,1.1
Balfour,-116.97,49.63,February,2.8,3.0,3.1,2.8,3.6,1.9
Balfour,-116.97,49.63,March,3.6,4.3,4.2,4.2,5.6,3.3
Balfour,-116.97,49.63,April,3.4,5.0,4.6,5.2,7.2,4.7
Balfour,-116.97,49.63,May,2.9,5.0,4.3,5.4,7.8,5.7
Balfour,-116.97,49.63,June,2.9,5.4,4.6,6.0,9.0,6.3
Balfour,-116.97,49.63,July,3.1,5.7,4.9,6.2,9.5,6.6
Balfour,-116.97,49.63,August,3.3,5.4,4.8,5.7,8.2,5.5
Balfour,-116.97,49.63,September,4.0,5.4,5.1,5.3,7.3,3.9
Balfour,-116.97,49.63,October,3.6,4.1,4.1,3.8,5.2,2.4
Balfour,-116.97,49.63,November,2.4,2.4,2.6,2.2,3.0,1.2
Balfour,-116.97,49.63,December,1.8,1.7,1.8,1.5,2.0,0.9
Balfour,-116.97,49.63,Annual,3.0,4.1,3.9,4.2,5.9,3.6
