name,latitude,longitude,month,South-facing vertical (tilt=90deg;),South-facing; tilt=latitude,South-facing; tilt=latitude+15deg;,South-facing; tilt=latitude-15deg;,Two-axis sun-tracking,Horizontal (tilt=0deg;)
Bamfield,-125.15,48.83,January,1.8,1.8,1.9,1.6,2.1,0.8
Bamfield,-125.15,48.83,February,2.0,2.3,2.3,2.1,2.7,1.5
Bamfield,-125.15,48.83,March,2.7,3.4,3.3,3.3,4.3,2.5
Bamfield,-125.15,48.83,April,2.8,4.2,3.8,4.3,5.7,3.6
Bamfield,-125.15,48.83,May,2.5,4.3,3.8,4.7,6.5,5.0
Bamfield,-125.15,48.83,June,2.6,4.7,4.0,5.2,7.5,5.5
Bamfield,-125.15,48.83,July,2.8,5.0,4.4,5.5,8.1,5.9
Bamfield,-125.15,48.83,August,2.9,4.7,4.2,5.0,7.1,5.0
Bamfield,-125.15,48.83,September,3.7,4.9,4.6,4.8,6.5,3.5
Bamfield,-125.15,48.83,October,2.8,3.2,3.2,3.0,3.9,2.0
Bamfield,-125.15,48.83,November,1.9,2.0,2.0,1.8,2.3,1.0
Bamfield,-125.15,48.83,December,1.6,1.6,1.7,1.4,1.8,0.7
Bamfield,-125.15,48.83,Annual,2.5,3.5,3.3,3.6,4.9,3.1
