name,latitude,longitude,month,South-facing vertical (tilt=90deg;),South-facing; tilt=latitude,South-facing; tilt=latitude+15deg;,South-facing; tilt=latitude-15deg;,Two-axis sun-tracking,Horizontal (tilt=0deg;)
Barrière,-120.13,51.18,January,2.2,2.1,2.3,1.9,2.5,1.0
Barrière,-120.13,51.18,February,3.1,3.3,3.3,3.0,3.9,1.9
Barrière,-120.13,51.18,March,4.0,4.8,4.6,4.6,6.1,3.3
Barrière,-120.13,51.18,April,3.7,5.3,4.8,5.4,7.5,4.7
Barrière,-120.13,51.18,May,3.2,5.2,4.5,5.6,8.1,5.7
Barrière,-120.13,51.18,June,3.0,5.3,4.6,5.9,8.9,6.2
Barrière,-120.13,51.18,July,3.2,5.6,4.8,6.1,9.2,6.4
Barrière,-120.13,51.18,August,3.5,5.5,4.9,5.8,8.3,5.4
Barrière,-120.13,51.18,September,4.0,5.1,4.9,5.1,7.0,3.8
Barrière,-120.13,51.18,October,3.4,3.9,3.9,3.6,4.8,2.2
Barrière,-120.13,51.18,November,2.3,2.3,2.4,2.1,2.8,1.1
Barrière,-120.13,51.18,December,1.9,1.8,1.9,1.6,2.1,0.7
Barrière,-120.13,51.18,Annual,3.1,4.2,3.9,4.2,5.9,3.5
