name,latitude,longitude,month,South-facing vertical (tilt=90deg;),South-facing; tilt=latitude,South-facing; tilt=latitude+15deg;,South-facing; tilt=latitude-15deg;,Two-axis sun-tracking,Horizontal (tilt=0deg;)
Baynes Lake,-115.22,49.23,January,2.9,2.8,3.0,2.5,3.3,1.2
Baynes Lake,-115.22,49.23,February,3.6,3.8,3.9,3.5,4.6,2.2
Baynes Lake,-115.22,49.23,March,4.0,4.8,4.7,4.7,6.2,3.6
Baynes Lake,-115.22,49.23,April,3.5,5.2,4.8,5.4,7.6,4.8
Baynes Lake,-115.22,49.23,May,3.0,5.1,4.5,5.5,8.0,5.8
Baynes Lake,-115.22,49.23,June,3.0,5.5,4.7,6.1,9.3,6.4
Baynes Lake,-115.22,49.23,July,3.2,5.8,5.0,6.3,9.7,6.7
Baynes Lake,-115.22,49.23,August,3.6,5.7,5.1,6.0,8.7,5.7
Baynes Lake,-115.22,49.23,September,4.2,5.6,5.3,5.5,7.6,4.0
Baynes Lake,-115.22,49.23,October,4.2,4.7,4.7,4.4,5.9,2.6
Baynes Lake,-115.22,49.23,November,3.0,3.0,3.1,2.6,3.6,1.3
Baynes Lake,-115.22,49.23,December,2.4,2.3,2.4,2.0,2.7,1.0
Baynes Lake,-115.22,49.23,Annual,3.4,4.5,4.3,4.5,6.4,3.8
