name,latitude,longitude,month,South-facing vertical (tilt=90deg;),South-facing; tilt=latitude,South-facing; tilt=latitude+15deg;,South-facing; tilt=latitude-15deg;,Two-axis sun-tracking,Horizontal (tilt=0deg;)
Bear Lake,-122.68,54.49,January,2.1,2.0,2.1,1.8,2.4,0.7
Bear Lake,-122.68,54.49,February,2.9,3.0,3.1,2.8,3.6,1.4
Bear Lake,-122.68,54.49,March,3.8,4.4,4.4,4.3,5.7,2.8
Bear Lake,-122.68,54.49,April,3.8,5.2,4.8,5.4,7.5,4.4
Bear Lake,-122.68,54.49,May,3.2,4.9,4.2,5.3,7.6,5.4
Bear Lake,-122.68,54.49,June,3.2,5.2,4.4,5.7,8.6,5.9
Bear Lake,-122.68,54.49,July,3.3,5.3,4.5,5.8,8.7,5.8
Bear Lake,-122.68,54.49,August,3.5,5.1,4.6,5.4,7.7,4.8
Bear Lake,-122.68,54.49,September,3.4,4.3,4.1,4.3,5.8,3.2
Bear Lake,-122.68,54.49,October,2.6,2.9,2.9,2.8,3.5,1.7
Bear Lake,-122.68,54.49,November,2.1,2.1,2.2,1.9,2.5,0.8
Bear Lake,-122.68,54.49,December,1.7,1.6,1.7,1.4,1.8,0.5
Bear Lake,-122.68,54.49,Annual,3.0,3.8,3.6,3.9,5.5,3.1
