name,latitude,longitude,month,South-facing vertical (tilt=90deg;),South-facing; tilt=latitude,South-facing; tilt=latitude+15deg;,South-facing; tilt=latitude-15deg;,Two-axis sun-tracking,Horizontal (tilt=0deg;)
Beaverdell,-119.08,49.44,January,1.8,1.8,1.9,1.6,2.1,1.1
Beaverdell,-119.08,49.44,February,2.6,2.9,2.9,2.7,3.4,2.0
Beaverdell,-119.08,49.44,March,3.5,4.4,4.3,4.3,5.6,3.4
Beaverdell,-119.08,49.44,April,3.4,5.0,4.6,5.2,7.1,4.8
Beaverdell,-119.08,49.44,May,3.0,5.1,4.4,5.5,7.7,5.7
Beaverdell,-119.08,49.44,June,2.9,5.3,4.5,5.9,8.8,6.3
Beaverdell,-119.08,49.44,July,3.2,5.7,4.9,6.3,9.4,6.6
Beaverdell,-119.08,49.44,August,3.5,5.6,5.0,5.9,8.4,5.5
Beaverdell,-119.08,49.44,September,4.1,5.4,5.2,5.4,7.4,4.0
Beaverdell,-119.08,49.44,October,3.5,4.0,4.0,3.8,5.1,2.4
Beaverdell,-119.08,49.44,November,2.2,2.2,2.3,2.0,2.7,1.2
Beaverdell,-119.08,49.44,December,1.5,1.5,1.6,1.3,1.7,0.8
Beaverdell,-119.08,49.44,Annual,2.9,4.1,3.8,4.2,5.8,3.7
