name,latitude,longitude,month,South-facing vertical (tilt=90deg;),South-facing; tilt=latitude,South-facing; tilt=latitude+15deg;,South-facing; tilt=latitude-15deg;,Two-axis sun-tracking,Horizontal (tilt=0deg;)
Bella Coola,-126.75,52.36,January,1.6,1.6,1.7,1.4,1.8,0.6
Bella Coola,-126.75,52.36,February,2.2,2.4,2.4,2.2,2.8,1.3
Bella Coola,-126.75,52.36,March,3.0,3.6,3.5,3.5,4.5,2.5
Bella Coola,-126.75,52.36,April,3.0,4.3,3.9,4.5,6.1,3.8
Bella Coola,-126.75,52.36,May,2.7,4.4,3.9,4.8,6.7,5.1
Bella Coola,-126.75,52.36,June,2.8,4.7,4.0,5.1,7.6,5.5
Bella Coola,-126.75,52.36,July,2.9,4.8,4.2,5.3,7.7,5.6
Bella Coola,-126.75,52.36,August,3.1,4.7,4.2,4.9,6.9,4.7
Bella Coola,-126.75,52.36,September,3.1,4.1,3.8,4.1,5.4,3.0
Bella Coola,-126.75,52.36,October,2.1,2.4,2.4,2.3,3.0,1.6
Bella Coola,-126.75,52.36,November,1.6,1.6,1.7,1.5,1.9,0.8
Bella Coola,-126.75,52.36,December,1.3,1.3,1.4,1.1,1.5,0.5
Bella Coola,-126.75,52.36,Annual,2.4,3.3,3.1,3.4,4.7,2.9
