name,latitude,longitude,month,South-facing vertical (tilt=90deg;),South-facing; tilt=latitude,South-facing; tilt=latitude+15deg;,South-facing; tilt=latitude-15deg;,Two-axis sun-tracking,Horizontal (tilt=0deg;)
Big Bay,-125.14,50.40,January,1.7,1.7,1.8,1.5,2.0,0.8
Big Bay,-125.14,50.40,February,2.2,2.4,2.4,2.2,2.8,1.5
Big Bay,-125.14,50.40,March,2.9,3.6,3.5,3.5,4.6,2.6
Big Bay,-125.14,50.40,April,3.0,4.4,4.0,4.6,6.2,4.0
Big Bay,-125.14,50.40,May,2.7,4.5,3.9,4.8,6.7,5.2
Big Bay,-125.14,50.40,June,2.7,4.7,4.0,5.2,7.5,5.6
Big Bay,-125.14,50.40,July,2.8,4.9,4.3,5.4,7.9,5.8
Big Bay,-125.14,50.40,August,3.0,4.7,4.2,5.0,7.0,4.9
Big Bay,-125.14,50.40,September,3.5,4.6,4.4,4.6,6.2,3.4
Big Bay,-125.14,50.40,October,2.5,2.9,2.9,2.7,3.5,1.8
Big Bay,-125.14,50.40,November,1.8,1.8,1.9,1.7,2.1,0.9
Big Bay,-125.14,50.40,December,1.5,1.4,1.5,1.3,1.7,0.6
Big Bay,-125.14,50.40,Annual,2.5,3.5,3.2,3.5,4.9,3.1
