name,latitude,longitude,month,South-facing vertical (tilt=90deg;),South-facing; tilt=latitude,South-facing; tilt=latitude+15deg;,South-facing; tilt=latitude-15deg;,Two-axis sun-tracking,Horizontal (tilt=0deg;)
Birch Island,-119.92,51.60,January,2.3,2.2,2.3,1.9,2.5,0.9
Birch Island,-119.92,51.60,February,3.1,3.3,3.4,3.0,3.9,1.8
Birch Island,-119.92,51.60,March,4.0,4.8,4.7,4.7,6.1,3.3
Birch Island,-119.92,51.60,April,3.7,5.3,4.8,5.4,7.5,4.7
Birch Island,-119.92,51.60,May,3.1,5.1,4.5,5.5,8.0,5.7
Birch Island,-119.92,51.60,June,3.0,5.3,4.5,5.9,8.9,6.1
Birch Island,-119.92,51.60,July,3.2,5.5,4.8,6.1,9.2,6.3
Birch Island,-119.92,51.60,August,3.4,5.3,4.7,5.5,7.9,5.3
Birch Island,-119.92,51.60,September,3.9,5.0,4.8,5.0,6.8,3.7
Birch Island,-119.92,51.60,October,3.4,3.8,3.8,3.5,4.6,2.1
Birch Island,-119.92,51.60,November,2.4,2.4,2.5,2.1,2.8,1.0
Birch Island,-119.92,51.60,December,1.9,1.8,1.9,1.6,2.1,0.7
Birch Island,-119.92,51.60,Annual,3.1,4.1,3.9,4.2,5.9,3.5
