name,latitude,longitude,month,South-facing vertical (tilt=90deg;),South-facing; tilt=latitude,South-facing; tilt=latitude+15deg;,South-facing; tilt=latitude-15deg;,Two-axis sun-tracking,Horizontal (tilt=0deg;)
Birken,-122.62,50.48,January,2.0,2.0,2.1,1.7,2.3,0.9
Birken,-122.62,50.48,February,2.7,2.9,2.9,2.7,3.4,1.7
Birken,-122.62,50.48,March,3.5,4.3,4.2,4.2,5.5,3.0
Birken,-122.62,50.48,April,3.4,4.9,4.5,5.1,7.0,4.5
Birken,-122.62,50.48,May,3.0,5.0,4.4,5.4,7.8,5.6
Birken,-122.62,50.48,June,2.9,5.2,4.4,5.7,8.5,6.0
Birken,-122.62,50.48,July,3.1,5.5,4.7,6.0,9.0,6.3
Birken,-122.62,50.48,August,3.4,5.4,4.8,5.7,8.1,5.3
Birken,-122.62,50.48,September,3.8,5.0,4.8,5.0,6.8,3.7
Birken,-122.62,50.48,October,3.0,3.4,3.4,3.2,4.2,2.1
Birken,-122.62,50.48,November,2.0,2.0,2.1,1.8,2.4,1.0
Birken,-122.62,50.48,December,1.8,1.7,1.8,1.5,2.0,0.7
Birken,-122.62,50.48,Annual,2.9,3.9,3.7,4.0,5.6,3.4
