name,latitude,longitude,month,South-facing vertical (tilt=90deg;),South-facing; tilt=latitude,South-facing; tilt=latitude+15deg;,South-facing; tilt=latitude-15deg;,Two-axis sun-tracking,Horizontal (tilt=0deg;)
Blue River,-119.31,52.11,January,2.2,2.1,2.3,1.9,2.5,0.9
Blue River,-119.31,52.11,February,3.0,3.2,3.2,2.9,3.8,1.7
Blue River,-119.31,52.11,March,3.9,4.5,4.4,4.4,5.8,3.0
Blue River,-119.31,52.11,April,3.7,5.2,4.8,5.4,7.5,4.5
Blue River,-119.31,52.11,May,3.0,4.9,4.3,5.3,7.7,5.5
Blue River,-119.31,52.11,June,3.0,5.1,4.4,5.6,8.6,6.0
Blue River,-119.31,52.11,July,3.1,5.3,4.6,5.8,8.7,6.1
Blue River,-119.31,52.11,August,3.2,5.0,4.4,5.2,7.5,5.1
Blue River,-119.31,52.11,September,3.6,4.7,4.4,4.7,6.3,3.4
Blue River,-119.31,52.11,October,3.1,3.5,3.5,3.3,4.2,2.0
Blue River,-119.31,52.11,November,2.3,2.3,2.4,2.1,2.8,1.0
Blue River,-119.31,52.11,December,1.9,1.8,1.9,1.6,2.1,0.7
Blue River,-119.31,52.11,Annual,3.0,4.0,3.7,4.0,5.6,3.3
