name,latitude,longitude,month,South-facing vertical (tilt=90deg;),South-facing; tilt=latitude,South-facing; tilt=latitude+15deg;,South-facing; tilt=latitude-15deg;,Two-axis sun-tracking,Horizontal (tilt=0deg;)
Boston Bar,-121.44,49.86,January,1.9,1.9,1.9,1.7,2.2,0.9
Boston Bar,-121.44,49.86,February,2.5,2.7,2.7,2.5,3.2,1.7
Boston Bar,-121.44,49.86,March,3.3,4.1,3.9,4.0,5.2,3.0
Boston Bar,-121.44,49.86,April,3.2,4.8,4.4,5.0,6.8,4.4
Boston Bar,-121.44,49.86,May,3.0,5.0,4.4,5.4,7.7,5.6
Boston Bar,-121.44,49.86,June,2.9,5.2,4.5,5.7,8.6,6.1
Boston Bar,-121.44,49.86,July,3.1,5.6,4.8,6.1,9.3,6.5
Boston Bar,-121.44,49.86,August,3.5,5.5,5.0,5.8,8.4,5.5
Boston Bar,-121.44,49.86,September,3.8,5.1,4.8,5.1,6.9,3.8
Boston Bar,-121.44,49.86,October,3.0,3.4,3.4,3.2,4.2,2.1
Boston Bar,-121.44,49.86,November,1.9,2.0,2.0,1.8,2.3,1.0
Boston Bar,-121.44,49.86,December,1.7,1.7,1.8,1.5,1.9,0.7
Boston Bar,-121.44,49.86,Annual,2.8,3.9,3.6,4.0,5.6,3.5
