name,latitude,longitude,month,South-facing vertical (tilt=90deg;),South-facing; tilt=latitude,South-facing; tilt=latitude+15deg;,South-facing; tilt=latitude-15deg;,Two-axis sun-tracking,Horizontal (tilt=0deg;)
Bowen Bay,-123.42,49.36,January,1.7,1.7,1.8,1.6,2.0,0.9
Bowen Bay,-123.42,49.36,February,2.3,2.5,2.6,2.4,3.0,1.6
Bowen Bay,-123.42,49.36,March,2.9,3.7,3.6,3.6,4.7,2.7
Bowen Bay,-123.42,49.36,April,3.0,4.4,4.0,4.6,6.2,4.1
Bowen Bay,-123.42,49.36,May,2.8,4.6,4.1,5.0,7.1,5.4
Bowen Bay,-123.42,49.36,June,2.7,4.9,4.2,5.4,8.0,5.9
Bowen Bay,-123.42,49.36,July,2.9,5.3,4.6,5.8,8.6,6.1
Bowen Bay,-123.42,49.36,August,3.2,5.2,4.6,5.5,7.8,5.2
Bowen Bay,-123.42,49.36,September,3.7,5.0,4.8,5.0,6.8,3.6
Bowen Bay,-123.42,49.36,October,2.7,3.2,3.2,3.0,3.9,2.0
Bowen Bay,-123.42,49.36,November,1.9,1.9,2.0,1.7,2.3,1.0
Bowen Bay,-123.42,49.36,December,1.6,1.6,1.7,1.4,1.9,0.7
Bowen Bay,-123.42,49.36,Annual,2.6,3.7,3.4,3.7,5.2,3.3
