name,latitude,longitude,month,South-facing vertical (tilt=90deg;),South-facing; tilt=latitude,South-facing; tilt=latitude+15deg;,South-facing; tilt=latitude-15deg;,Two-axis sun-tracking,Horizontal (tilt=0deg;)
Brackendale,-123.15,49.77,January,1.7,1.7,1.8,1.5,2.0,0.8
Brackendale,-123.15,49.77,February,2.2,2.4,2.4,2.2,2.8,1.5
Brackendale,-123.15,49.77,March,2.9,3.5,3.4,3.5,4.5,2.5
Brackendale,-123.15,49.77,April,2.9,4.2,3.9,4.4,5.9,3.7
Brackendale,-123.15,49.77,May,2.6,4.4,3.9,4.7,6.7,5.2
Brackendale,-123.15,49.77,June,2.6,4.7,4.1,5.2,7.7,5.7
Brackendale,-123.15,49.77,July,2.9,5.2,4.5,5.7,8.4,6.0
Brackendale,-123.15,49.77,August,3.2,5.1,4.5,5.3,7.6,5.2
Brackendale,-123.15,49.77,September,3.5,4.7,4.5,4.7,6.4,3.4
Brackendale,-123.15,49.77,October,2.5,2.9,2.9,2.8,3.6,1.9
Brackendale,-123.15,49.77,November,1.8,1.9,1.9,1.7,2.2,1.0
Brackendale,-123.15,49.77,December,1.6,1.6,1.7,1.4,1.9,0.7
Brackendale,-123.15,49.77,Annual,2.5,3.5,3.3,3.6,5.0,3.1
