name,latitude,longitude,month,South-facing vertical (tilt=90deg;),South-facing; tilt=latitude,South-facing; tilt=latitude+15deg;,South-facing; tilt=latitude-15deg;,Two-axis sun-tracking,Horizontal (tilt=0deg;)
Brisco,-116.27,50.83,January,2.6,2.5,2.6,2.2,3.0,1.1
Brisco,-116.27,50.83,February,3.6,3.7,3.8,3.4,4.5,2.0
Brisco,-116.27,50.83,March,4.1,4.9,4.8,4.8,6.3,3.5
Brisco,-116.27,50.83,April,3.8,5.4,5.0,5.6,7.8,4.9
Brisco,-116.27,50.83,May,3.1,5.1,4.5,5.5,8.2,5.8
Brisco,-116.27,50.83,June,3.1,5.5,4.7,6.1,9.3,6.4
Brisco,-116.27,50.83,July,3.3,5.8,5.0,6.3,9.7,6.6
Brisco,-116.27,50.83,August,3.5,5.5,4.9,5.8,8.4,5.5
Brisco,-116.27,50.83,September,4.0,5.3,5.0,5.2,7.2,3.8
Brisco,-116.27,50.83,October,3.9,4.3,4.4,4.1,5.5,2.4
Brisco,-116.27,50.83,November,2.9,2.9,3.1,2.6,3.5,1.2
Brisco,-116.27,50.83,December,2.2,2.0,2.2,1.8,2.4,0.9
Brisco,-116.27,50.83,Annual,3.3,4.4,4.2,4.5,6.3,3.7
