name,latitude,longitude,month,South-facing vertical (tilt=90deg;),South-facing; tilt=latitude,South-facing; tilt=latitude+15deg;,South-facing; tilt=latitude-15deg;,Two-axis sun-tracking,Horizontal (tilt=0deg;)
Britannia Beach,-123.20,49.63,January,1.7,1.7,1.8,1.5,2.0,0.8
Britannia Beach,-123.20,49.63,February,2.2,2.4,2.4,2.2,2.8,1.5
Britannia Beach,-123.20,49.63,March,2.8,3.5,3.4,3.4,4.4,2.5
Britannia Beach,-123.20,49.63,April,2.8,4.2,3.8,4.3,5.8,3.7
Britannia Beach,-123.20,49.63,May,2.6,4.4,3.8,4.7,6.6,5.1
Britannia Beach,-123.20,49.63,June,2.6,4.7,4.0,5.2,7.6,5.7
Britannia Beach,-123.20,49.63,July,2.9,5.1,4.4,5.6,8.3,6.0
Britannia Beach,-123.20,49.63,August,3.1,5.0,4.5,5.3,7.5,5.1
Britannia Beach,-123.20,49.63,September,3.5,4.7,4.5,4.7,6.4,3.4
Britannia Beach,-123.20,49.63,October,2.5,2.9,2.9,2.8,3.6,1.9
Britannia Beach,-123.20,49.63,November,1.8,1.9,1.9,1.7,2.2,1.0
Britannia Beach,-123.20,49.63,December,1.6,1.6,1.7,1.4,1.9,0.7
Britannia Beach,-123.20,49.63,Annual,2.5,3.5,3.3,3.6,4.9,3.1
