name,latitude,longitude,month,South-facing vertical (tilt=90deg;),South-facing; tilt=latitude,South-facing; tilt=latitude+15deg;,South-facing; tilt=latitude-15deg;,Two-axis sun-tracking,Horizontal (tilt=0deg;)
Buick,-121.28,56.76,January,2.6,2.5,2.6,2.2,2.9,0.6
Buick,-121.28,56.76,February,3.8,3.8,3.9,3.4,4.5,1.5
Buick,-121.28,56.76,March,4.7,5.2,5.1,5.0,6.7,2.9
Buick,-121.28,56.76,April,4.4,5.7,5.2,5.9,8.3,4.5
Buick,-121.28,56.76,May,3.5,5.1,4.5,5.5,8.4,5.4
Buick,-121.28,56.76,June,3.4,5.3,4.5,5.9,9.3,5.9
Buick,-121.28,56.76,July,3.4,5.1,4.4,5.6,8.6,5.7
Buick,-121.28,56.76,August,3.5,4.9,4.4,5.2,7.6,4.7
Buick,-121.28,56.76,September,3.6,4.3,4.1,4.3,5.8,3.1
Buick,-121.28,56.76,October,3.3,3.5,3.5,3.3,4.2,1.6
Buick,-121.28,56.76,November,2.6,2.5,2.6,2.2,2.9,0.8
Buick,-121.28,56.76,December,2.2,2.1,2.2,1.8,2.4,0.4
Buick,-121.28,56.76,Annual,3.4,4.2,3.9,4.2,6.0,3.1
