name,latitude,longitude,month,South-facing vertical (tilt=90deg;),South-facing; tilt=latitude,South-facing; tilt=latitude+15deg;,South-facing; tilt=latitude-15deg;,Two-axis sun-tracking,Horizontal (tilt=0deg;)
Burnaby,-123.02,49.26,January,1.7,1.8,1.8,1.6,2.1,0.9
Burnaby,-123.02,49.26,February,2.3,2.5,2.5,2.3,3.0,1.6
Burnaby,-123.02,49.26,March,2.9,3.6,3.5,3.6,4.6,2.7
Burnaby,-123.02,49.26,April,2.9,4.3,4.0,4.5,6.1,4.0
Burnaby,-123.02,49.26,May,2.7,4.5,4.0,4.9,6.9,5.4
Burnaby,-123.02,49.26,June,2.6,4.8,4.1,5.3,7.8,5.9
Burnaby,-123.02,49.26,July,2.9,5.2,4.5,5.7,8.6,6.1
Burnaby,-123.02,49.26,August,3.2,5.1,4.6,5.4,7.7,5.2
Burnaby,-123.02,49.26,September,3.7,4.9,4.7,4.9,6.7,3.6
Burnaby,-123.02,49.26,October,2.7,3.2,3.2,3.0,3.9,2.0
Burnaby,-123.02,49.26,November,1.8,1.9,2.0,1.7,2.2,1.0
Burnaby,-123.02,49.26,December,1.7,1.6,1.7,1.4,1.9,0.7
Burnaby,-123.02,49.26,Annual,2.6,3.6,3.4,3.7,5.1,3.3
