name,latitude,longitude,month,South-facing vertical (tilt=90deg;),South-facing; tilt=latitude,South-facing; tilt=latitude+15deg;,South-facing; tilt=latitude-15deg;,Two-axis sun-tracking,Horizontal (tilt=0deg;)
Burns Lake,-125.76,54.23,January,2.0,1.9,2.0,1.7,2.2,0.7
Burns Lake,-125.76,54.23,February,2.8,3.0,3.0,2.7,3.5,1.5
Burns Lake,-125.76,54.23,March,3.6,4.3,4.2,4.2,5.5,2.9
Burns Lake,-125.76,54.23,April,3.5,4.8,4.4,5.0,7.0,4.5
Burns Lake,-125.76,54.23,May,3.0,4.7,4.1,5.1,7.4,5.4
Burns Lake,-125.76,54.23,June,3.0,4.8,4.1,5.4,8.1,5.8
Burns Lake,-125.76,54.23,July,3.1,5.0,4.3,5.5,8.2,5.7
Burns Lake,-125.76,54.23,August,3.4,5.0,4.5,5.3,7.5,4.8
Burns Lake,-125.76,54.23,September,3.4,4.4,4.2,4.4,5.9,3.3
Burns Lake,-125.76,54.23,October,2.6,2.9,2.9,2.7,3.6,1.8
Burns Lake,-125.76,54.23,November,1.9,1.9,2.0,1.7,2.2,0.8
Burns Lake,-125.76,54.23,December,1.5,1.4,1.5,1.3,1.7,0.5
Burns Lake,-125.76,54.23,Annual,2.8,3.7,3.4,3.7,5.2,3.2
