name,latitude,longitude,month,South-facing vertical (tilt=90deg;),South-facing; tilt=latitude,South-facing; tilt=latitude+15deg;,South-facing; tilt=latitude-15deg;,Two-axis sun-tracking,Horizontal (tilt=0deg;)
Cache Creek,-121.33,50.81,January,2.3,2.2,2.3,2.0,2.6,1.0
Cache Creek,-121.33,50.81,February,3.2,3.3,3.4,3.1,4.0,1.9
Cache Creek,-121.33,50.81,March,4.0,4.8,4.7,4.7,6.2,3.4
Cache Creek,-121.33,50.81,April,3.6,5.2,4.8,5.4,7.4,4.8
Cache Creek,-121.33,50.81,May,3.2,5.2,4.6,5.6,8.2,5.7
Cache Creek,-121.33,50.81,June,3.0,5.4,4.6,5.9,8.9,6.2
Cache Creek,-121.33,50.81,July,3.2,5.7,4.9,6.2,9.4,6.4
Cache Creek,-121.33,50.81,August,3.6,5.6,5.0,5.9,8.5,5.4
Cache Creek,-121.33,50.81,September,4.0,5.2,5.0,5.2,7.1,3.9
Cache Creek,-121.33,50.81,October,3.5,3.9,3.9,3.7,4.8,2.3
Cache Creek,-121.33,50.81,November,2.3,2.3,2.4,2.1,2.8,1.1
Cache Creek,-121.33,50.81,December,1.9,1.8,2.0,1.6,2.1,0.7
Cache Creek,-121.33,50.81,Annual,3.1,4.2,4.0,4.3,6.0,3.6
