name,latitude,longitude,month,South-facing vertical (tilt=90deg;),South-facing; tilt=latitude,South-facing; tilt=latitude+15deg;,South-facing; tilt=latitude-15deg;,Two-axis sun-tracking,Horizontal (tilt=0deg;)
Campbell River,-125.28,50.03,January,1.7,1.7,1.8,1.5,2.0,0.8
Campbell River,-125.28,50.03,February,2.2,2.4,2.4,2.3,2.9,1.5
Campbell River,-125.28,50.03,March,3.0,3.7,3.6,3.7,4.8,2.6
Campbell River,-125.28,50.03,April,3.1,4.5,4.1,4.7,6.3,4.0
Campbell River,-125.28,50.03,May,2.9,4.8,4.2,5.1,7.2,5.3
Campbell River,-125.28,50.03,June,2.8,5.0,4.3,5.5,8.0,5.7
Campbell River,-125.28,50.03,July,2.9,5.2,4.5,5.6,8.3,5.9
Campbell River,-125.28,50.03,August,3.1,4.9,4.4,5.2,7.4,5.1
Campbell River,-125.28,50.03,September,3.7,4.9,4.7,4.9,6.6,3.6
Campbell River,-125.28,50.03,October,2.7,3.1,3.1,2.9,3.8,1.9
Campbell River,-125.28,50.03,November,1.8,1.9,1.9,1.7,2.2,0.9
Campbell River,-125.28,50.03,December,1.5,1.5,1.5,1.3,1.7,0.6
Campbell River,-125.28,50.03,Annual,2.6,3.6,3.4,3.7,5.1,3.2
