name,latitude,longitude,month,South-facing vertical (tilt=90deg;),South-facing; tilt=latitude,South-facing; tilt=latitude+15deg;,South-facing; tilt=latitude-15deg;,Two-axis sun-tracking,Horizontal (tilt=0deg;)
Canal Flats,-115.81,50.15,January,2.7,2.6,2.8,2.3,3.1,1.2
Canal Flats,-115.81,50.15,February,3.6,3.8,3.9,3.5,4.6,2.1
Canal Flats,-115.81,50.15,March,4.1,4.9,4.8,4.8,6.3,3.6
Canal Flats,-115.81,50.15,April,3.7,5.4,4.9,5.5,7.7,4.9
Canal Flats,-115.81,50.15,May,3.1,5.2,4.6,5.6,8.3,5.8
Canal Flats,-115.81,50.15,June,3.1,5.6,4.8,6.2,9.5,6.4
Canal Flats,-115.81,50.15,July,3.3,5.9,5.1,6.4,9.8,6.7
Canal Flats,-115.81,50.15,August,3.6,5.6,5.0,5.9,8.6,5.6
Canal Flats,-115.81,50.15,September,4.1,5.4,5.2,5.4,7.4,4.0
Canal Flats,-115.81,50.15,October,4.1,4.6,4.6,4.3,5.8,2.5
Canal Flats,-115.81,50.15,November,3.0,2.9,3.1,2.6,3.6,1.3
Canal Flats,-115.81,50.15,December,2.3,2.1,2.3,1.9,2.5,0.9
Canal Flats,-115.81,50.15,Annual,3.4,4.5,4.2,4.5,6.5,3.8
