name,latitude,longitude,month,South-facing vertical (tilt=90deg;),South-facing; tilt=latitude,South-facing; tilt=latitude+15deg;,South-facing; tilt=latitude-15deg;,Two-axis sun-tracking,Horizontal (tilt=0deg;)
Castlegar,-117.66,49.29,January,2.0,2.0,2.1,1.8,2.3,1.1
Castlegar,-117.66,49.29,February,2.6,2.8,2.9,2.7,3.4,2.0
Castlegar,-117.66,49.29,March,3.4,4.2,4.1,4.1,5.4,3.3
Castlegar,-117.66,49.29,April,3.3,4.9,4.5,5.1,7.0,4.7
Castlegar,-117.66,49.29,May,2.8,4.9,4.3,5.3,7.6,5.7
Castlegar,-117.66,49.29,June,2.9,5.3,4.5,5.8,8.8,6.3
Castlegar,-117.66,49.29,July,3.1,5.7,4.9,6.2,9.4,6.6
Castlegar,-117.66,49.29,August,3.4,5.5,5.0,5.8,8.4,5.6
Castlegar,-117.66,49.29,September,4.0,5.4,5.1,5.3,7.3,4.0
Castlegar,-117.66,49.29,October,3.5,4.0,4.0,3.8,5.1,2.4
Castlegar,-117.66,49.29,November,2.3,2.3,2.4,2.1,2.8,1.2
Castlegar,-117.66,49.29,December,1.6,1.6,1.6,1.4,1.8,0.9
Castlegar,-117.66,49.29,Annual,2.9,4.1,3.8,4.1,5.8,3.7
