name,latitude,longitude,month,South-facing vertical (tilt=90deg;),South-facing; tilt=latitude,South-facing; tilt=latitude+15deg;,South-facing; tilt=latitude-15deg;,Two-axis sun-tracking,Horizontal (tilt=0deg;)
Cedar,-123.88,49.12,January,1.8,1.8,1.9,1.6,2.1,0.9
Cedar,-123.88,49.12,February,2.4,2.6,2.6,2.4,3.1,1.7
Cedar,-123.88,49.12,March,3.1,3.9,3.8,3.8,5.0,2.9
Cedar,-123.88,49.12,April,3.2,4.7,4.3,4.9,6.6,4.4
Cedar,-123.88,49.12,May,2.9,5.0,4.4,5.4,7.7,5.5
Cedar,-123.88,49.12,June,2.8,5.1,4.4,5.6,8.3,5.9
Cedar,-123.88,49.12,July,3.0,5.5,4.7,6.0,8.9,6.3
Cedar,-123.88,49.12,August,3.3,5.3,4.8,5.6,8.1,5.4
Cedar,-123.88,49.12,September,4.0,5.3,5.1,5.3,7.3,3.9
Cedar,-123.88,49.12,October,3.1,3.5,3.5,3.3,4.4,2.2
Cedar,-123.88,49.12,November,1.9,2.0,2.1,1.8,2.4,1.0
Cedar,-123.88,49.12,December,1.6,1.6,1.7,1.4,1.9,0.7
Cedar,-123.88,49.12,Annual,2.8,3.9,3.6,3.9,5.5,3.4
