name,latitude,longitude,month,South-facing vertical (tilt=90deg;),South-facing; tilt=latitude,South-facing; tilt=latitude+15deg;,South-facing; tilt=latitude-15deg;,Two-axis sun-tracking,Horizontal (tilt=0deg;)
Charlie Lake,-120.96,56.28,January,2.7,2.5,2.7,2.2,2.9,0.7
Charlie Lake,-120.96,56.28,February,3.8,3.8,3.9,3.5,4.5,1.5
Charlie Lake,-120.96,56.28,March,4.7,5.2,5.1,5.0,6.7,3.0
Charlie Lake,-120.96,56.28,April,4.3,5.7,5.2,5.9,8.3,4.6
Charlie Lake,-120.96,56.28,May,3.5,5.3,4.6,5.7,8.6,5.5
Charlie Lake,-120.96,56.28,June,3.4,5.4,4.6,5.9,9.3,6.0
Charlie Lake,-120.96,56.28,July,3.4,5.2,4.5,5.7,8.8,5.8
Charlie Lake,-120.96,56.28,August,3.6,5.1,4.5,5.3,7.7,4.7
Charlie Lake,-120.96,56.28,September,3.6,4.4,4.2,4.4,5.9,3.1
Charlie Lake,-120.96,56.28,October,3.3,3.6,3.6,3.4,4.3,1.7
Charlie Lake,-120.96,56.28,November,2.6,2.5,2.7,2.3,3.0,0.8
Charlie Lake,-120.96,56.28,December,2.3,2.2,2.3,1.9,2.5,0.5
Charlie Lake,-120.96,56.28,Annual,3.4,4.2,4.0,4.3,6.1,3.2
