name,latitude,longitude,month,South-facing vertical (tilt=90deg;),South-facing; tilt=latitude,South-facing; tilt=latitude+15deg;,South-facing; tilt=latitude-15deg;,Two-axis sun-tracking,Horizontal (tilt=0deg;)
Chase,-119.68,50.82,January,2.1,2.0,2.1,1.8,2.3,1.0
Chase,-119.68,50.82,February,3.0,3.1,3.2,2.9,3.8,1.9
Chase,-119.68,50.82,March,3.8,4.6,4.5,4.5,5.9,3.3
Chase,-119.68,50.82,April,3.6,5.2,4.8,5.4,7.4,4.7
Chase,-119.68,50.82,May,3.1,5.2,4.5,5.6,8.0,5.7
Chase,-119.68,50.82,June,3.0,5.4,4.6,5.9,8.9,6.3
Chase,-119.68,50.82,July,3.2,5.6,4.8,6.1,9.3,6.5
Chase,-119.68,50.82,August,3.5,5.5,4.9,5.8,8.4,5.4
Chase,-119.68,50.82,September,4.0,5.2,4.9,5.1,7.0,3.8
Chase,-119.68,50.82,October,3.4,3.8,3.8,3.6,4.8,2.3
Chase,-119.68,50.82,November,2.3,2.3,2.4,2.1,2.7,1.1
Chase,-119.68,50.82,December,1.7,1.7,1.8,1.5,1.9,0.8
Chase,-119.68,50.82,Annual,3.1,4.1,3.9,4.2,5.9,3.6
