name,latitude,longitude,month,South-facing vertical (tilt=90deg;),South-facing; tilt=latitude,South-facing; tilt=latitude+15deg;,South-facing; tilt=latitude-15deg;,Two-axis sun-tracking,Horizontal (tilt=0deg;)
Cherryville,-118.62,50.24,January,1.9,1.9,2.0,1.7,2.2,1.1
Cherryville,-118.62,50.24,February,2.8,3.0,3.0,2.8,3.6,2.0
Cherryville,-118.62,50.24,March,3.7,4.5,4.3,4.3,5.7,3.3
Cherryville,-118.62,50.24,April,3.5,5.1,4.7,5.3,7.2,4.7
Cherryville,-118.62,50.24,May,3.0,5.0,4.3,5.4,7.6,5.7
Cherryville,-118.62,50.24,June,2.9,5.2,4.5,5.8,8.7,6.2
Cherryville,-118.62,50.24,July,3.1,5.6,4.8,6.1,9.2,6.5
Cherryville,-118.62,50.24,August,3.4,5.4,4.8,5.7,8.2,5.4
Cherryville,-118.62,50.24,September,3.9,5.2,4.9,5.1,7.0,3.8
Cherryville,-118.62,50.24,October,3.4,3.9,3.9,3.6,4.8,2.3
Cherryville,-118.62,50.24,November,2.3,2.3,2.4,2.1,2.7,1.2
Cherryville,-118.62,50.24,December,1.6,1.6,1.6,1.4,1.8,0.8
Cherryville,-118.62,50.24,Annual,2.9,4.0,3.8,4.1,5.7,3.6
