name,latitude,longitude,month,South-facing vertical (tilt=90deg;),South-facing; tilt=latitude,South-facing; tilt=latitude+15deg;,South-facing; tilt=latitude-15deg;,Two-axis sun-tracking,Horizontal (tilt=0deg;)
Chetwynd,-121.63,55.70,January,2.5,2.4,2.6,2.1,2.8,0.7
Chetwynd,-121.63,55.70,February,3.6,3.6,3.7,3.3,4.3,1.5
Chetwynd,-121.63,55.70,March,4.4,5.0,4.9,4.8,6.4,3.0
Chetwynd,-121.63,55.70,April,4.2,5.6,5.1,5.7,8.1,4.6
Chetwynd,-121.63,55.70,May,3.4,5.1,4.5,5.5,8.3,5.5
Chetwynd,-121.63,55.70,June,3.4,5.3,4.5,5.9,9.1,5.9
Chetwynd,-121.63,55.70,July,3.4,5.2,4.5,5.7,8.7,5.8
Chetwynd,-121.63,55.70,August,3.6,5.1,4.5,5.4,7.8,4.8
Chetwynd,-121.63,55.70,September,3.6,4.4,4.2,4.4,5.9,3.2
Chetwynd,-121.63,55.70,October,3.2,3.5,3.5,3.3,4.2,1.7
Chetwynd,-121.63,55.70,November,2.5,2.5,2.6,2.2,2.9,0.8
Chetwynd,-121.63,55.70,December,2.1,2.0,2.1,1.7,2.3,0.5
Chetwynd,-121.63,55.70,Annual,3.3,4.1,3.9,4.2,5.9,3.2
