name,latitude,longitude,month,South-facing vertical (tilt=90deg;),South-facing; tilt=latitude,South-facing; tilt=latitude+15deg;,South-facing; tilt=latitude-15deg;,Two-axis sun-tracking,Horizontal (tilt=0deg;)
Chilliwack,-121.95,49.17,January,1.8,1.8,1.9,1.6,2.1,0.9
Chilliwack,-121.95,49.17,February,2.3,2.5,2.5,2.3,3.0,1.6
Chilliwack,-121.95,49.17,March,2.9,3.6,3.5,3.6,4.6,2.7
Chilliwack,-121.95,49.17,April,2.9,4.3,3.9,4.5,6.0,3.9
Chilliwack,-121.95,49.17,May,2.6,4.5,3.9,4.9,6.9,5.3
Chilliwack,-121.95,49.17,June,2.5,4.7,4.1,5.2,7.7,5.9
Chilliwack,-121.95,49.17,July,2.9,5.3,4.5,5.8,8.6,6.2
Chilliwack,-121.95,49.17,August,3.2,5.2,4.7,5.5,7.9,5.3
Chilliwack,-121.95,49.17,September,3.7,4.9,4.7,4.9,6.7,3.6
Chilliwack,-121.95,49.17,October,2.8,3.2,3.2,3.1,4.0,2.1
Chilliwack,-121.95,49.17,November,1.8,1.9,1.9,1.7,2.2,1.0
Chilliwack,-121.95,49.17,December,1.7,1.6,1.7,1.5,1.9,0.7
Chilliwack,-121.95,49.17,Annual,2.6,3.6,3.4,3.7,5.2,3.3
