name,latitude,longitude,month,South-facing vertical (tilt=90deg;),South-facing; tilt=latitude,South-facing; tilt=latitude+15deg;,South-facing; tilt=latitude-15deg;,Two-axis sun-tracking,Horizontal (tilt=0deg;)
Christian Valley,-118.82,49.55,January,1.8,1.8,1.9,1.6,2.1,1.1
Christian Valley,-118.82,49.55,February,2.5,2.8,2.8,2.6,3.3,2.0
Christian Valley,-118.82,49.55,March,3.4,4.3,4.1,4.2,5.4,3.3
Christian Valley,-118.82,49.55,April,3.4,5.0,4.6,5.2,7.0,4.7
Christian Valley,-118.82,49.55,May,2.9,5.0,4.3,5.3,7.5,5.7
Christian Valley,-118.82,49.55,June,2.9,5.2,4.5,5.7,8.6,6.2
Christian Valley,-118.82,49.55,July,3.1,5.6,4.8,6.1,9.3,6.5
Christian Valley,-118.82,49.55,August,3.4,5.4,4.9,5.7,8.2,5.5
Christian Valley,-118.82,49.55,September,4.0,5.3,5.1,5.3,7.3,3.9
Christian Valley,-118.82,49.55,October,3.4,4.0,4.0,3.7,5.0,2.4
Christian Valley,-118.82,49.55,November,2.1,2.2,2.3,2.0,2.6,1.2
Christian Valley,-118.82,49.55,December,1.5,1.5,1.6,1.3,1.7,0.8
Christian Valley,-118.82,49.55,Annual,2.9,4.0,3.7,4.1,5.7,3.6
