name,latitude,longitude,month,South-facing vertical (tilt=90deg;),South-facing; tilt=latitude,South-facing; tilt=latitude+15deg;,South-facing; tilt=latitude-15deg;,Two-axis sun-tracking,Horizontal (tilt=0deg;)
Christina Lake,-118.20,49.05,January,1.9,1.9,2.0,1.7,2.2,1.2
Christina Lake,-118.20,49.05,February,2.6,2.9,2.9,2.7,3.4,2.1
Christina Lake,-118.20,49.05,March,3.5,4.3,4.2,4.2,5.6,3.4
Christina Lake,-118.20,49.05,April,3.3,4.9,4.5,5.1,7.0,4.8
Christina Lake,-118.20,49.05,May,2.9,4.9,4.3,5.3,7.6,5.7
Christina Lake,-118.20,49.05,June,2.9,5.3,4.5,5.8,8.7,6.3
Christina Lake,-118.20,49.05,July,3.1,5.7,4.9,6.3,9.5,6.7
Christina Lake,-118.20,49.05,August,3.5,5.7,5.1,6.0,8.6,5.7
Christina Lake,-118.20,49.05,September,4.1,5.5,5.2,5.4,7.5,4.1
Christina Lake,-118.20,49.05,October,3.6,4.1,4.1,3.9,5.2,2.5
Christina Lake,-118.20,49.05,November,2.2,2.3,2.4,2.1,2.8,1.2
Christina Lake,-118.20,49.05,December,1.5,1.5,1.6,1.4,1.8,0.9
Christina Lake,-118.20,49.05,Annual,2.9,4.1,3.8,4.2,5.8,3.7
