name,latitude,longitude,month,South-facing vertical (tilt=90deg;),South-facing; tilt=latitude,South-facing; tilt=latitude+15deg;,South-facing; tilt=latitude-15deg;,Two-axis sun-tracking,Horizontal (tilt=0deg;)
Clearwater,-120.03,51.65,January,2.3,2.2,2.3,2.0,2.6,0.9
Clearwater,-120.03,51.65,February,3.1,3.3,3.4,3.0,3.9,1.8
Clearwater,-120.03,51.65,March,4.0,4.8,4.7,4.7,6.1,3.3
Clearwater,-120.03,51.65,April,3.7,5.2,4.8,5.4,7.5,4.6
Clearwater,-120.03,51.65,May,3.1,5.1,4.5,5.5,8.0,5.6
Clearwater,-120.03,51.65,June,3.0,5.3,4.5,5.8,8.9,6.1
Clearwater,-120.03,51.65,July,3.2,5.5,4.8,6.1,9.2,6.3
Clearwater,-120.03,51.65,August,3.4,5.2,4.7,5.5,7.9,5.2
Clearwater,-120.03,51.65,September,3.9,5.0,4.7,5.0,6.7,3.7
Clearwater,-120.03,51.65,October,3.3,3.7,3.7,3.5,4.6,2.1
Clearwater,-120.03,51.65,November,2.3,2.3,2.4,2.1,2.8,1.0
Clearwater,-120.03,51.65,December,1.9,1.8,1.9,1.6,2.1,0.7
Clearwater,-120.03,51.65,Annual,3.1,4.1,3.9,4.2,5.9,3.5
