name,latitude,longitude,month,South-facing vertical (tilt=90deg;),South-facing; tilt=latitude,South-facing; tilt=latitude+15deg;,South-facing; tilt=latitude-15deg;,Two-axis sun-tracking,Horizontal (tilt=0deg;)
Clinton,-121.59,51.09,January,2.3,2.2,2.4,2.0,2.6,0.9
Clinton,-121.59,51.09,February,3.2,3.3,3.4,3.1,4.0,1.9
Clinton,-121.59,51.09,March,4.0,4.8,4.7,4.7,6.2,3.3
Clinton,-121.59,51.09,April,3.6,5.2,4.7,5.3,7.4,4.7
Clinton,-121.59,51.09,May,3.1,5.2,4.5,5.6,8.0,5.7
Clinton,-121.59,51.09,June,3.0,5.2,4.5,5.8,8.7,6.1
Clinton,-121.59,51.09,July,3.2,5.6,4.8,6.1,9.1,6.3
Clinton,-121.59,51.09,August,3.5,5.4,4.9,5.7,8.2,5.3
Clinton,-121.59,51.09,September,3.9,5.1,4.9,5.1,7.0,3.8
Clinton,-121.59,51.09,October,3.5,3.9,3.9,3.6,4.8,2.2
Clinton,-121.59,51.09,November,2.3,2.3,2.4,2.1,2.7,1.1
Clinton,-121.59,51.09,December,2.0,1.9,2.0,1.6,2.2,0.7
Clinton,-121.59,51.09,Annual,3.1,4.2,3.9,4.2,5.9,3.5
