name,latitude,longitude,month,South-facing vertical (tilt=90deg;),South-facing; tilt=latitude,South-facing; tilt=latitude+15deg;,South-facing; tilt=latitude-15deg;,Two-axis sun-tracking,Horizontal (tilt=0deg;)
Coal Harbour,-127.58,50.60,January,1.5,1.6,1.6,1.4,1.8,0.7
Coal Harbour,-127.58,50.60,February,2.0,2.3,2.3,2.1,2.7,1.4
Coal Harbour,-127.58,50.60,March,2.7,3.4,3.3,3.3,4.2,2.4
Coal Harbour,-127.58,50.60,April,2.8,4.1,3.8,4.3,5.7,3.6
Coal Harbour,-127.58,50.60,May,2.7,4.5,3.9,4.8,6.6,5.0
Coal Harbour,-127.58,50.60,June,2.7,4.7,4.1,5.2,7.4,5.4
Coal Harbour,-127.58,50.60,July,2.8,4.8,4.2,5.3,7.6,5.6
Coal Harbour,-127.58,50.60,August,2.9,4.5,4.0,4.8,6.6,4.7
Coal Harbour,-127.58,50.60,September,3.3,4.4,4.1,4.4,5.8,3.2
Coal Harbour,-127.58,50.60,October,2.4,2.8,2.8,2.7,3.4,1.8
Coal Harbour,-127.58,50.60,November,1.7,1.8,1.8,1.6,2.1,0.9
Coal Harbour,-127.58,50.60,December,1.3,1.3,1.4,1.2,1.5,0.6
Coal Harbour,-127.58,50.60,Annual,2.4,3.4,3.1,3.4,4.6,3.0
