name,latitude,longitude,month,South-facing vertical (tilt=90deg;),South-facing; tilt=latitude,South-facing; tilt=latitude+15deg;,South-facing; tilt=latitude-15deg;,Two-axis sun-tracking,Horizontal (tilt=0deg;)
Cobble Hill,-123.59,48.70,January,1.8,1.8,1.9,1.6,2.1,0.9
Cobble Hill,-123.59,48.70,February,2.3,2.5,2.6,2.4,3.0,1.7
Cobble Hill,-123.59,48.70,March,3.0,3.8,3.7,3.7,4.9,2.9
Cobble Hill,-123.59,48.70,April,3.1,4.7,4.3,4.8,6.5,4.4
Cobble Hill,-123.59,48.70,May,2.9,5.0,4.3,5.4,7.7,5.6
Cobble Hill,-123.59,48.70,June,2.8,5.2,4.4,5.7,8.4,6.0
Cobble Hill,-123.59,48.70,July,3.0,5.5,4.8,6.0,9.0,6.4
Cobble Hill,-123.59,48.70,August,3.3,5.4,4.9,5.7,8.2,5.4
Cobble Hill,-123.59,48.70,September,4.0,5.4,5.1,5.3,7.3,4.0
Cobble Hill,-123.59,48.70,October,3.1,3.6,3.6,3.4,4.4,2.2
Cobble Hill,-123.59,48.70,November,1.9,2.0,2.1,1.8,2.4,1.0
Cobble Hill,-123.59,48.70,December,1.7,1.6,1.7,1.4,1.9,0.7
Cobble Hill,-123.59,48.70,Annual,2.7,3.9,3.6,3.9,5.5,3.4
