name,latitude,longitude,month,South-facing vertical (tilt=90deg;),South-facing; tilt=latitude,South-facing; tilt=latitude+15deg;,South-facing; tilt=latitude-15deg;,Two-axis sun-tracking,Horizontal (tilt=0deg;)
Coldstream,-119.25,50.23,January,1.9,1.9,2.0,1.7,2.2,1.1
Coldstream,-119.25,50.23,February,2.8,3.0,3.1,2.8,3.6,2.0
Coldstream,-119.25,50.23,March,3.7,4.6,4.4,4.4,5.8,3.4
Coldstream,-119.25,50.23,April,3.5,5.2,4.7,5.3,7.3,4.8
Coldstream,-119.25,50.23,May,3.1,5.2,4.5,5.6,7.9,5.7
Coldstream,-119.25,50.23,June,3.0,5.4,4.6,5.9,8.9,6.3
Coldstream,-119.25,50.23,July,3.2,5.7,4.9,6.2,9.4,6.5
Coldstream,-119.25,50.23,August,3.6,5.6,5.0,5.9,8.5,5.5
Coldstream,-119.25,50.23,September,4.0,5.3,5.0,5.2,7.1,3.9
Coldstream,-119.25,50.23,October,3.5,3.9,3.9,3.7,4.9,2.3
Coldstream,-119.25,50.23,November,2.2,2.3,2.4,2.0,2.7,1.2
Coldstream,-119.25,50.23,December,1.6,1.6,1.7,1.4,1.8,0.8
Coldstream,-119.25,50.23,Annual,3.0,4.1,3.9,4.2,5.9,3.6
