name,latitude,longitude,month,South-facing vertical (tilt=90deg;),South-facing; tilt=latitude,South-facing; tilt=latitude+15deg;,South-facing; tilt=latitude-15deg;,Two-axis sun-tracking,Horizontal (tilt=0deg;)
Collettville,-120.80,50.10,January,2.0,2.0,2.1,1.8,2.3,1.0
Collettville,-120.80,50.10,February,2.9,3.1,3.2,2.9,3.7,2.0
Collettville,-120.80,50.10,March,3.8,4.6,4.5,4.5,5.9,3.4
Collettville,-120.80,50.10,April,3.5,5.1,4.7,5.3,7.3,4.8
Collettville,-120.80,50.10,May,3.1,5.3,4.6,5.7,8.1,5.8
Collettville,-120.80,50.10,June,3.0,5.4,4.6,5.9,8.9,6.2
Collettville,-120.80,50.10,July,3.2,5.7,4.9,6.2,9.4,6.5
Collettville,-120.80,50.10,August,3.6,5.7,5.1,6.0,8.6,5.5
Collettville,-120.80,50.10,September,4.0,5.3,5.1,5.3,7.3,4.0
Collettville,-120.80,50.10,October,3.5,3.9,3.9,3.7,4.9,2.3
Collettville,-120.80,50.10,November,2.2,2.2,2.3,2.0,2.6,1.1
Collettville,-120.80,50.10,December,1.8,1.7,1.8,1.5,2.0,0.8
Collettville,-120.80,50.10,Annual,3.0,4.2,3.9,4.2,5.9,3.6
