name,latitude,longitude,month,South-facing vertical (tilt=90deg;),South-facing; tilt=latitude,South-facing; tilt=latitude+15deg;,South-facing; tilt=latitude-15deg;,Two-axis sun-tracking,Horizontal (tilt=0deg;)
Cooper Creek,-116.96,50.20,January,2.2,2.2,2.3,1.9,2.6,1.1
Cooper Creek,-116.96,50.20,February,3.0,3.2,3.2,2.9,3.8,1.9
Cooper Creek,-116.96,50.20,March,3.7,4.5,4.4,4.4,5.8,3.3
Cooper Creek,-116.96,50.20,April,3.5,5.2,4.7,5.3,7.4,4.7
Cooper Creek,-116.96,50.20,May,3.0,5.0,4.4,5.5,7.9,5.8
Cooper Creek,-116.96,50.20,June,3.0,5.4,4.6,6.0,9.1,6.3
Cooper Creek,-116.96,50.20,July,3.2,5.7,4.9,6.2,9.5,6.6
Cooper Creek,-116.96,50.20,August,3.4,5.4,4.8,5.7,8.2,5.5
Cooper Creek,-116.96,50.20,September,4.0,5.2,5.0,5.2,7.2,3.8
Cooper Creek,-116.96,50.20,October,3.6,4.1,4.1,3.8,5.2,2.3
Cooper Creek,-116.96,50.20,November,2.5,2.5,2.7,2.3,3.1,1.2
Cooper Creek,-116.96,50.20,December,1.8,1.8,1.9,1.5,2.1,0.9
Cooper Creek,-116.96,50.20,Annual,3.1,4.2,3.9,4.2,6.0,3.6
