name,latitude,longitude,month,South-facing vertical (tilt=90deg;),South-facing; tilt=latitude,South-facing; tilt=latitude+15deg;,South-facing; tilt=latitude-15deg;,Two-axis sun-tracking,Horizontal (tilt=0deg;)
Cowichan Bay,-123.62,48.74,January,1.8,1.8,1.9,1.6,2.1,0.9
Cowichan Bay,-123.62,48.74,February,2.3,2.6,2.6,2.4,3.1,1.7
Cowichan Bay,-123.62,48.74,March,3.0,3.8,3.7,3.8,4.9,2.9
Cowichan Bay,-123.62,48.74,April,3.1,4.7,4.3,4.9,6.6,4.4
Cowichan Bay,-123.62,48.74,May,2.9,5.0,4.3,5.4,7.7,5.6
Cowichan Bay,-123.62,48.74,June,2.8,5.2,4.4,5.7,8.5,6.0
Cowichan Bay,-123.62,48.74,July,3.0,5.5,4.8,6.0,9.0,6.4
Cowichan Bay,-123.62,48.74,August,3.3,5.4,4.9,5.7,8.2,5.4
Cowichan Bay,-123.62,48.74,September,4.0,5.3,5.1,5.3,7.3,4.0
Cowichan Bay,-123.62,48.74,October,3.1,3.6,3.6,3.4,4.5,2.2
Cowichan Bay,-123.62,48.74,November,1.9,2.0,2.1,1.8,2.4,1.0
Cowichan Bay,-123.62,48.74,December,1.7,1.6,1.7,1.4,1.9,0.7
Cowichan Bay,-123.62,48.74,Annual,2.8,3.9,3.6,4.0,5.5,3.4
