name,latitude,longitude,month,South-facing vertical (tilt=90deg;),South-facing; tilt=latitude,South-facing; tilt=latitude+15deg;,South-facing; tilt=latitude-15deg;,Two-axis sun-tracking,Horizontal (tilt=0deg;)
Cranbrook,-115.76,49.52,January,2.7,2.6,2.8,2.3,3.1,1.2
Cranbrook,-115.76,49.52,February,3.5,3.7,3.8,3.4,4.5,2.2
Cranbrook,-115.76,49.52,March,4.0,4.8,4.7,4.7,6.2,3.6
Cranbrook,-115.76,49.52,April,3.6,5.3,4.8,5.4,7.6,4.9
Cranbrook,-115.76,49.52,May,3.0,5.2,4.5,5.6,8.2,5.8
Cranbrook,-115.76,49.52,June,3.0,5.5,4.7,6.1,9.3,6.4
Cranbrook,-115.76,49.52,July,3.2,5.9,5.0,6.4,9.8,6.8
Cranbrook,-115.76,49.52,August,3.6,5.8,5.2,6.1,8.8,5.7
Cranbrook,-115.76,49.52,September,4.2,5.5,5.3,5.5,7.6,4.0
Cranbrook,-115.76,49.52,October,4.1,4.6,4.7,4.3,5.9,2.5
Cranbrook,-115.76,49.52,November,2.9,2.9,3.0,2.6,3.5,1.3
Cranbrook,-115.76,49.52,December,2.2,2.1,2.2,1.8,2.5,0.9
Cranbrook,-115.76,49.52,Annual,3.3,4.5,4.2,4.5,6.4,3.8
