name,latitude,longitude,month,South-facing vertical (tilt=90deg;),South-facing; tilt=latitude,South-facing; tilt=latitude+15deg;,South-facing; tilt=latitude-15deg;,Two-axis sun-tracking,Horizontal (tilt=0deg;)
Crawford Bay,-116.82,49.68,January,2.3,2.2,2.3,2.0,2.6,1.1
Crawford Bay,-116.82,49.68,February,2.8,3.1,3.1,2.8,3.7,1.9
Crawford Bay,-116.82,49.68,March,3.6,4.4,4.3,4.3,5.6,3.3
Crawford Bay,-116.82,49.68,April,3.4,5.1,4.7,5.3,7.3,4.7
Crawford Bay,-116.82,49.68,May,2.9,5.0,4.4,5.4,7.9,5.7
Crawford Bay,-116.82,49.68,June,3.0,5.4,4.6,6.0,9.1,6.4
Crawford Bay,-116.82,49.68,July,3.2,5.7,4.9,6.3,9.5,6.6
Crawford Bay,-116.82,49.68,August,3.3,5.4,4.8,5.7,8.2,5.5
Crawford Bay,-116.82,49.68,September,4.1,5.4,5.1,5.3,7.4,3.9
Crawford Bay,-116.82,49.68,October,3.7,4.2,4.2,3.9,5.3,2.4
Crawford Bay,-116.82,49.68,November,2.5,2.5,2.6,2.2,3.0,1.2
Crawford Bay,-116.82,49.68,December,1.8,1.7,1.8,1.5,2.0,0.9
Crawford Bay,-116.82,49.68,Annual,3.0,4.2,3.9,4.2,6.0,3.7
