name,latitude,longitude,month,South-facing vertical (tilt=90deg;),South-facing; tilt=latitude,South-facing; tilt=latitude+15deg;,South-facing; tilt=latitude-15deg;,Two-axis sun-tracking,Horizontal (tilt=0deg;)
Creston,-116.50,49.10,January,2.4,2.3,2.4,2.0,2.7,1.2
Creston,-116.50,49.10,February,3.0,3.2,3.3,3.0,3.9,2.1
Creston,-116.50,49.10,March,3.6,4.5,4.3,4.3,5.7,3.4
Creston,-116.50,49.10,April,3.4,5.1,4.6,5.2,7.3,4.7
Creston,-116.50,49.10,May,2.9,5.0,4.4,5.4,7.8,5.8
Creston,-116.50,49.10,June,2.9,5.4,4.6,6.0,9.1,6.4
Creston,-116.50,49.10,July,3.2,5.8,5.0,6.4,9.7,6.8
Creston,-116.50,49.10,August,3.5,5.7,5.1,6.0,8.6,5.7
Creston,-116.50,49.10,September,4.1,5.5,5.3,5.5,7.6,4.0
Creston,-116.50,49.10,October,3.8,4.3,4.4,4.1,5.5,2.5
Creston,-116.50,49.10,November,2.5,2.6,2.7,2.3,3.1,1.3
Creston,-116.50,49.10,December,1.9,1.8,1.9,1.6,2.2,0.9
Creston,-116.50,49.10,Annual,3.1,4.3,4.0,4.3,6.1,3.7
