name,latitude,longitude,month,South-facing vertical (tilt=90deg;),South-facing; tilt=latitude,South-facing; tilt=latitude+15deg;,South-facing; tilt=latitude-15deg;,Two-axis sun-tracking,Horizontal (tilt=0deg;)
Cultus Lake,-121.96,49.07,January,1.8,1.8,1.9,1.6,2.1,0.9
Cultus Lake,-121.96,49.07,February,2.3,2.5,2.5,2.3,3.0,1.6
Cultus Lake,-121.96,49.07,March,2.9,3.6,3.5,3.6,4.6,2.8
Cultus Lake,-121.96,49.07,April,2.8,4.3,3.9,4.5,6.0,4.0
Cultus Lake,-121.96,49.07,May,2.6,4.5,3.9,4.8,6.9,5.3
Cultus Lake,-121.96,49.07,June,2.5,4.8,4.1,5.2,7.8,5.9
Cultus Lake,-121.96,49.07,July,2.9,5.3,4.5,5.8,8.6,6.2
Cultus Lake,-121.96,49.07,August,3.2,5.3,4.7,5.5,7.9,5.4
Cultus Lake,-121.96,49.07,September,3.6,4.9,4.7,4.9,6.7,3.6
Cultus Lake,-121.96,49.07,October,2.8,3.3,3.2,3.1,4.0,2.1
Cultus Lake,-121.96,49.07,November,1.8,1.9,2.0,1.7,2.2,1.0
Cultus Lake,-121.96,49.07,December,1.7,1.7,1.7,1.5,1.9,0.8
Cultus Lake,-121.96,49.07,Annual,2.6,3.7,3.4,3.7,5.2,3.3
