name,latitude,longitude,month,South-facing vertical (tilt=90deg;),South-facing; tilt=latitude,South-facing; tilt=latitude+15deg;,South-facing; tilt=latitude-15deg;,Two-axis sun-tracking,Horizontal (tilt=0deg;)
Cumberland,-125.04,49.66,January,1.7,1.7,1.8,1.5,2.0,0.8
Cumberland,-125.04,49.66,February,2.2,2.4,2.4,2.3,2.9,1.5
Cumberland,-125.04,49.66,March,3.0,3.7,3.6,3.6,4.7,2.6
Cumberland,-125.04,49.66,April,3.1,4.6,4.2,4.7,6.4,4.1
Cumberland,-125.04,49.66,May,2.9,4.9,4.3,5.2,7.4,5.4
Cumberland,-125.04,49.66,June,2.8,5.0,4.3,5.6,8.2,5.8
Cumberland,-125.04,49.66,July,3.0,5.3,4.6,5.8,8.6,6.1
Cumberland,-125.04,49.66,August,3.2,5.1,4.6,5.4,7.7,5.1
Cumberland,-125.04,49.66,September,3.9,5.1,4.8,5.1,6.9,3.7
Cumberland,-125.04,49.66,October,2.8,3.2,3.2,3.0,3.9,1.9
Cumberland,-125.04,49.66,November,1.9,1.9,2.0,1.7,2.2,0.9
Cumberland,-125.04,49.66,December,1.5,1.5,1.6,1.3,1.8,0.7
Cumberland,-125.04,49.66,Annual,2.7,3.7,3.5,3.8,5.2,3.2
