name,latitude,longitude,month,South-facing vertical (tilt=90deg;),South-facing; tilt=latitude,South-facing; tilt=latitude+15deg;,South-facing; tilt=latitude-15deg;,Two-axis sun-tracking,Horizontal (tilt=0deg;)
Dawson Creek,-120.22,55.76,January,2.8,2.6,2.8,2.3,3.0,0.7
Dawson Creek,-120.22,55.76,February,3.8,3.8,4.0,3.5,4.6,1.5
Dawson Creek,-120.22,55.76,March,4.7,5.2,5.1,5.0,6.7,3.0
Dawson Creek,-120.22,55.76,April,4.3,5.7,5.3,5.9,8.4,4.6
Dawson Creek,-120.22,55.76,May,3.5,5.3,4.6,5.7,8.6,5.5
Dawson Creek,-120.22,55.76,June,3.4,5.4,4.6,6.0,9.4,6.0
Dawson Creek,-120.22,55.76,July,3.4,5.3,4.5,5.8,8.9,5.9
Dawson Creek,-120.22,55.76,August,3.5,5.0,4.5,5.3,7.7,4.8
Dawson Creek,-120.22,55.76,September,3.6,4.4,4.2,4.4,5.9,3.1
Dawson Creek,-120.22,55.76,October,3.4,3.7,3.7,3.5,4.4,1.8
Dawson Creek,-120.22,55.76,November,2.7,2.7,2.8,2.4,3.1,0.8
Dawson Creek,-120.22,55.76,December,2.4,2.2,2.4,1.9,2.6,0.5
Dawson Creek,-120.22,55.76,Annual,3.5,4.3,4.0,4.3,6.1,3.2
