name,latitude,longitude,month,South-facing vertical (tilt=90deg;),South-facing; tilt=latitude,South-facing; tilt=latitude+15deg;,South-facing; tilt=latitude-15deg;,Two-axis sun-tracking,Horizontal (tilt=0deg;)
Dease Lake,-130.01,58.46,January,1.6,1.5,1.6,1.3,1.7,0.5
Dease Lake,-130.01,58.46,February,3.0,3.0,3.1,2.8,3.5,1.2
Dease Lake,-130.01,58.46,March,3.7,4.3,4.2,4.2,5.4,2.7
Dease Lake,-130.01,58.46,April,3.7,5.0,4.5,5.2,7.2,4.5
Dease Lake,-130.01,58.46,May,3.4,4.9,4.3,5.3,7.8,5.3
Dease Lake,-130.01,58.46,June,3.3,4.9,4.2,5.4,8.2,5.7
Dease Lake,-130.01,58.46,July,3.1,4.6,4.0,5.0,7.4,5.3
Dease Lake,-130.01,58.46,August,3.4,4.6,4.1,4.9,6.9,4.3
Dease Lake,-130.01,58.46,September,3.0,3.7,3.5,3.7,4.9,2.8
Dease Lake,-130.01,58.46,October,2.2,2.4,2.4,2.3,2.9,1.4
Dease Lake,-130.01,58.46,November,1.5,1.5,1.6,1.4,1.8,0.6
Dease Lake,-130.01,58.46,December,1.0,1.0,1.0,0.8,1.1,0.3
Dease Lake,-130.01,58.46,Annual,2.7,3.4,3.2,3.5,4.9,2.9
