name,latitude,longitude,month,South-facing vertical (tilt=90deg;),South-facing; tilt=latitude,South-facing; tilt=latitude+15deg;,South-facing; tilt=latitude-15deg;,Two-axis sun-tracking,Horizontal (tilt=0deg;)
Decker Lake,-125.83,54.30,January,2.0,1.9,2.0,1.7,2.2,0.7
Decker Lake,-125.83,54.30,February,2.8,2.9,3.0,2.7,3.5,1.5
Decker Lake,-125.83,54.30,March,3.6,4.3,4.2,4.2,5.5,2.9
Decker Lake,-125.83,54.30,April,3.5,4.8,4.4,5.0,7.0,4.5
Decker Lake,-125.83,54.30,May,3.0,4.7,4.1,5.1,7.3,5.4
Decker Lake,-125.83,54.30,June,3.0,4.8,4.1,5.3,8.1,5.8
Decker Lake,-125.83,54.30,July,3.1,5.0,4.3,5.5,8.2,5.7
Decker Lake,-125.83,54.30,August,3.4,5.0,4.5,5.3,7.5,4.7
Decker Lake,-125.83,54.30,September,3.4,4.4,4.1,4.3,5.9,3.3
Decker Lake,-125.83,54.30,October,2.6,2.9,2.9,2.7,3.6,1.8
Decker Lake,-125.83,54.30,November,1.9,1.9,2.0,1.7,2.2,0.8
Decker Lake,-125.83,54.30,December,1.5,1.4,1.5,1.3,1.7,0.5
Decker Lake,-125.83,54.30,Annual,2.8,3.7,3.4,3.7,5.2,3.1
