name,latitude,longitude,month,South-facing vertical (tilt=90deg;),South-facing; tilt=latitude,South-facing; tilt=latitude+15deg;,South-facing; tilt=latitude-15deg;,Two-axis sun-tracking,Horizontal (tilt=0deg;)
Deer Park,-118.05,49.42,January,2.0,1.9,2.0,1.7,2.3,1.1
Deer Park,-118.05,49.42,February,2.7,2.9,3.0,2.7,3.5,2.1
Deer Park,-118.05,49.42,March,3.6,4.4,4.3,4.3,5.6,3.4
Deer Park,-118.05,49.42,April,3.4,5.0,4.6,5.2,7.1,4.8
Deer Park,-118.05,49.42,May,2.9,5.0,4.4,5.4,7.7,5.8
Deer Park,-118.05,49.42,June,2.9,5.3,4.6,5.9,8.8,6.3
Deer Park,-118.05,49.42,July,3.2,5.7,4.9,6.3,9.5,6.6
Deer Park,-118.05,49.42,August,3.5,5.6,5.0,5.9,8.5,5.6
Deer Park,-118.05,49.42,September,4.0,5.4,5.1,5.4,7.4,4.0
Deer Park,-118.05,49.42,October,3.6,4.1,4.1,3.8,5.2,2.4
Deer Park,-118.05,49.42,November,2.3,2.3,2.4,2.1,2.8,1.2
Deer Park,-118.05,49.42,December,1.6,1.5,1.6,1.4,1.8,0.9
Deer Park,-118.05,49.42,Annual,3.0,4.1,3.8,4.2,5.9,3.7
