name,latitude,longitude,month,South-facing vertical (tilt=90deg;),South-facing; tilt=latitude,South-facing; tilt=latitude+15deg;,South-facing; tilt=latitude-15deg;,Two-axis sun-tracking,Horizontal (tilt=0deg;)
Delta,-122.99,49.12,January,1.8,1.8,1.9,1.6,2.1,0.9
Delta,-122.99,49.12,February,2.4,2.6,2.7,2.5,3.2,1.7
Delta,-122.99,49.12,March,3.1,3.8,3.7,3.7,4.9,2.9
Delta,-122.99,49.12,April,3.0,4.5,4.1,4.6,6.3,4.2
Delta,-122.99,49.12,May,2.8,4.7,4.1,5.1,7.3,5.5
Delta,-122.99,49.12,June,2.7,5.0,4.3,5.5,8.1,6.0
Delta,-122.99,49.12,July,3.0,5.4,4.6,5.9,8.8,6.3
Delta,-122.99,49.12,August,3.3,5.3,4.7,5.6,8.0,5.3
Delta,-122.99,49.12,September,3.8,5.1,4.9,5.1,7.0,3.8
Delta,-122.99,49.12,October,2.9,3.4,3.4,3.2,4.2,2.1
Delta,-122.99,49.12,November,1.9,2.0,2.0,1.8,2.3,1.0
Delta,-122.99,49.12,December,1.7,1.6,1.7,1.4,1.9,0.7
Delta,-122.99,49.12,Annual,2.7,3.8,3.5,3.8,5.4,3.4
