name,latitude,longitude,month,South-facing vertical (tilt=90deg;),South-facing; tilt=latitude,South-facing; tilt=latitude+15deg;,South-facing; tilt=latitude-15deg;,Two-axis sun-tracking,Horizontal (tilt=0deg;)
Dogwood Valley,-121.43,49.48,January,1.7,1.7,1.8,1.5,2.0,0.9
Dogwood Valley,-121.43,49.48,February,2.2,2.5,2.5,2.3,2.9,1.6
Dogwood Valley,-121.43,49.48,March,3.0,3.7,3.6,3.6,4.7,2.8
Dogwood Valley,-121.43,49.48,April,3.0,4.5,4.1,4.6,6.3,4.1
Dogwood Valley,-121.43,49.48,May,2.8,4.7,4.1,5.1,7.3,5.5
Dogwood Valley,-121.43,49.48,June,2.7,5.0,4.3,5.5,8.2,6.0
Dogwood Valley,-121.43,49.48,July,3.0,5.5,4.7,6.0,8.9,6.3
Dogwood Valley,-121.43,49.48,August,3.4,5.4,4.8,5.7,8.1,5.4
Dogwood Valley,-121.43,49.48,September,3.7,5.0,4.7,4.9,6.8,3.6
Dogwood Valley,-121.43,49.48,October,2.8,3.2,3.2,3.0,4.0,2.0
Dogwood Valley,-121.43,49.48,November,1.8,1.9,1.9,1.7,2.2,1.0
Dogwood Valley,-121.43,49.48,December,1.6,1.6,1.7,1.4,1.9,0.8
Dogwood Valley,-121.43,49.48,Annual,2.6,3.7,3.5,3.8,5.3,3.4
