name,latitude,longitude,month,South-facing vertical (tilt=90deg;),South-facing; tilt=latitude,South-facing; tilt=latitude+15deg;,South-facing; tilt=latitude-15deg;,Two-axis sun-tracking,Horizontal (tilt=0deg;)
Donald,-117.18,51.49,January,2.3,2.2,2.4,2.0,2.7,1.0
Donald,-117.18,51.49,February,3.4,3.5,3.6,3.2,4.2,1.9
Donald,-117.18,51.49,March,4.1,4.8,4.7,4.7,6.1,3.3
Donald,-117.18,51.49,April,3.8,5.4,5.0,5.6,7.8,4.8
Donald,-117.18,51.49,May,3.1,5.1,4.4,5.5,8.1,5.8
Donald,-117.18,51.49,June,3.1,5.4,4.6,6.0,9.2,6.3
Donald,-117.18,51.49,July,3.2,5.6,4.8,6.1,9.3,6.5
Donald,-117.18,51.49,August,3.4,5.3,4.7,5.5,8.0,5.4
Donald,-117.18,51.49,September,3.9,5.0,4.8,5.0,6.8,3.7
Donald,-117.18,51.49,October,3.5,4.0,4.0,3.7,5.0,2.2
Donald,-117.18,51.49,November,2.7,2.7,2.8,2.4,3.2,1.1
Donald,-117.18,51.49,December,2.0,1.9,2.0,1.7,2.2,0.8
Donald,-117.18,51.49,Annual,3.2,4.2,4.0,4.3,6.1,3.6
