name,latitude,longitude,month,South-facing vertical (tilt=90deg;),South-facing; tilt=latitude,South-facing; tilt=latitude+15deg;,South-facing; tilt=latitude-15deg;,Two-axis sun-tracking,Horizontal (tilt=0deg;)
Douglas Lake,-120.21,50.17,January,2.0,2.0,2.1,1.8,2.3,1.0
Douglas Lake,-120.21,50.17,February,2.9,3.1,3.2,2.9,3.7,2.0
Douglas Lake,-120.21,50.17,March,3.8,4.6,4.5,4.5,5.9,3.4
Douglas Lake,-120.21,50.17,April,3.5,5.2,4.7,5.3,7.3,4.8
Douglas Lake,-120.21,50.17,May,3.1,5.2,4.6,5.6,8.1,5.7
Douglas Lake,-120.21,50.17,June,3.0,5.3,4.6,5.9,8.8,6.2
Douglas Lake,-120.21,50.17,July,3.2,5.7,4.9,6.2,9.3,6.5
Douglas Lake,-120.21,50.17,August,3.6,5.6,5.0,5.9,8.5,5.5
Douglas Lake,-120.21,50.17,September,4.0,5.3,5.0,5.2,7.2,3.9
Douglas Lake,-120.21,50.17,October,3.5,4.0,4.0,3.7,4.9,2.3
Douglas Lake,-120.21,50.17,November,2.2,2.3,2.4,2.1,2.7,1.1
Douglas Lake,-120.21,50.17,December,1.7,1.6,1.7,1.5,1.9,0.8
Douglas Lake,-120.21,50.17,Annual,3.0,4.2,3.9,4.2,5.9,3.6
