name,latitude,longitude,month,South-facing vertical (tilt=90deg;),South-facing; tilt=latitude,South-facing; tilt=latitude+15deg;,South-facing; tilt=latitude-15deg;,Two-axis sun-tracking,Horizontal (tilt=0deg;)
Edgewater,-116.13,50.71,January,2.6,2.5,2.7,2.2,3.0,1.1
Edgewater,-116.13,50.71,February,3.6,3.8,3.9,3.5,4.6,2.1
Edgewater,-116.13,50.71,March,4.1,4.9,4.8,4.8,6.3,3.5
Edgewater,-116.13,50.71,April,3.7,5.4,5.0,5.6,7.8,4.9
Edgewater,-116.13,50.71,May,3.1,5.1,4.5,5.5,8.2,5.8
Edgewater,-116.13,50.71,June,3.1,5.5,4.7,6.1,9.3,6.4
Edgewater,-116.13,50.71,July,3.3,5.8,5.0,6.3,9.7,6.6
Edgewater,-116.13,50.71,August,3.5,5.5,5.0,5.8,8.5,5.5
Edgewater,-116.13,50.71,September,4.1,5.3,5.1,5.3,7.3,3.9
Edgewater,-116.13,50.71,October,3.9,4.4,4.4,4.1,5.5,2.4
Edgewater,-116.13,50.71,November,3.0,2.9,3.1,2.6,3.5,1.2
Edgewater,-116.13,50.71,December,2.2,2.1,2.2,1.8,2.5,0.9
Edgewater,-116.13,50.71,Annual,3.3,4.4,4.2,4.5,6.4,3.7
