name,latitude,longitude,month,South-facing vertical (tilt=90deg;),South-facing; tilt=latitude,South-facing; tilt=latitude+15deg;,South-facing; tilt=latitude-15deg;,Two-axis sun-tracking,Horizontal (tilt=0deg;)
Edgewood,-118.13,49.78,January,1.9,1.9,2.0,1.7,2.2,1.1
Edgewood,-118.13,49.78,February,2.7,2.9,3.0,2.7,3.5,2.0
Edgewood,-118.13,49.78,March,3.6,4.4,4.2,4.3,5.6,3.3
Edgewood,-118.13,49.78,April,3.4,5.0,4.6,5.2,7.1,4.7
Edgewood,-118.13,49.78,May,2.9,4.9,4.3,5.3,7.6,5.7
Edgewood,-118.13,49.78,June,2.9,5.3,4.5,5.8,8.7,6.2
Edgewood,-118.13,49.78,July,3.1,5.6,4.8,6.1,9.3,6.5
Edgewood,-118.13,49.78,August,3.4,5.5,4.9,5.8,8.3,5.5
Edgewood,-118.13,49.78,September,4.0,5.3,5.0,5.2,7.2,3.9
Edgewood,-118.13,49.78,October,3.4,3.9,3.9,3.7,5.0,2.4
Edgewood,-118.13,49.78,November,2.3,2.3,2.4,2.1,2.8,1.2
Edgewood,-118.13,49.78,December,1.6,1.5,1.6,1.4,1.8,0.9
Edgewood,-118.13,49.78,Annual,2.9,4.0,3.8,4.1,5.8,3.6
