name,latitude,longitude,month,South-facing vertical (tilt=90deg;),South-facing; tilt=latitude,South-facing; tilt=latitude+15deg;,South-facing; tilt=latitude-15deg;,Two-axis sun-tracking,Horizontal (tilt=0deg;)
Elkford,-114.92,50.01,January,3.0,2.9,3.1,2.5,3.5,1.2
Elkford,-114.92,50.01,February,3.7,3.9,4.0,3.6,4.8,2.1
Elkford,-114.92,50.01,March,4.0,4.8,4.7,4.7,6.2,3.5
Elkford,-114.92,50.01,April,3.6,5.3,4.8,5.4,7.6,4.8
Elkford,-114.92,50.01,May,3.1,5.1,4.5,5.6,8.2,5.7
Elkford,-114.92,50.01,June,3.0,5.5,4.7,6.1,9.4,6.4
Elkford,-114.92,50.01,July,3.2,5.8,5.0,6.3,9.7,6.7
Elkford,-114.92,50.01,August,3.5,5.5,4.9,5.8,8.4,5.5
Elkford,-114.92,50.01,September,4.1,5.4,5.1,5.4,7.4,3.9
Elkford,-114.92,50.01,October,4.1,4.6,4.6,4.3,5.8,2.5
Elkford,-114.92,50.01,November,3.1,3.0,3.2,2.7,3.7,1.3
Elkford,-114.92,50.01,December,2.6,2.4,2.6,2.1,2.9,0.9
Elkford,-114.92,50.01,Annual,3.4,4.5,4.3,4.5,6.5,3.7
