name,latitude,longitude,month,South-facing vertical (tilt=90deg;),South-facing; tilt=latitude,South-facing; tilt=latitude+15deg;,South-facing; tilt=latitude-15deg;,Two-axis sun-tracking,Horizontal (tilt=0deg;)
Elko,-115.11,49.31,January,2.9,2.8,3.0,2.4,3.3,1.2
Elko,-115.11,49.31,February,3.5,3.7,3.8,3.4,4.5,2.1
Elko,-115.11,49.31,March,3.9,4.7,4.6,4.6,6.1,3.5
Elko,-115.11,49.31,April,3.5,5.2,4.7,5.3,7.4,4.7
Elko,-115.11,49.31,May,2.9,5.0,4.4,5.4,7.9,5.7
Elko,-115.11,49.31,June,2.9,5.4,4.6,6.0,9.1,6.3
Elko,-115.11,49.31,July,3.1,5.7,4.9,6.3,9.5,6.7
Elko,-115.11,49.31,August,3.5,5.6,5.0,5.9,8.6,5.6
Elko,-115.11,49.31,September,4.1,5.5,5.2,5.4,7.5,3.9
Elko,-115.11,49.31,October,4.1,4.6,4.6,4.3,5.8,2.5
Elko,-115.11,49.31,November,2.9,2.9,3.0,2.6,3.5,1.3
Elko,-115.11,49.31,December,2.4,2.3,2.4,2.0,2.7,1.0
Elko,-115.11,49.31,Annual,3.3,4.4,4.2,4.5,6.3,3.7
