name,latitude,longitude,month,South-facing vertical (tilt=90deg;),South-facing; tilt=latitude,South-facing; tilt=latitude+15deg;,South-facing; tilt=latitude-15deg;,Two-axis sun-tracking,Horizontal (tilt=0deg;)
Enderby,-119.14,50.54,January,2.0,1.9,2.0,1.7,2.3,1.0
Enderby,-119.14,50.54,February,2.9,3.1,3.1,2.8,3.7,1.9
Enderby,-119.14,50.54,March,3.8,4.6,4.4,4.4,5.8,3.3
Enderby,-119.14,50.54,April,3.6,5.2,4.8,5.4,7.4,4.7
Enderby,-119.14,50.54,May,3.1,5.1,4.5,5.5,7.9,5.7
Enderby,-119.14,50.54,June,3.0,5.4,4.6,5.9,8.9,6.2
Enderby,-119.14,50.54,July,3.2,5.7,4.9,6.2,9.4,6.5
Enderby,-119.14,50.54,August,3.5,5.5,4.9,5.8,8.4,5.5
Enderby,-119.14,50.54,September,4.0,5.2,4.9,5.2,7.1,3.8
Enderby,-119.14,50.54,October,3.4,3.9,3.9,3.7,4.8,2.3
Enderby,-119.14,50.54,November,2.3,2.3,2.4,2.1,2.7,1.1
Enderby,-119.14,50.54,December,1.7,1.6,1.7,1.4,1.9,0.8
Enderby,-119.14,50.54,Annual,3.0,4.1,3.8,4.2,5.9,3.6
