name,latitude,longitude,month,South-facing vertical (tilt=90deg;),South-facing; tilt=latitude,South-facing; tilt=latitude+15deg;,South-facing; tilt=latitude-15deg;,Two-axis sun-tracking,Horizontal (tilt=0deg;)
Errington,-124.37,49.28,January,1.7,1.8,1.8,1.6,2.1,0.9
Errington,-124.37,49.28,February,2.3,2.5,2.5,2.3,3.0,1.6
Errington,-124.37,49.28,March,3.1,3.9,3.7,3.8,4.9,2.8
Errington,-124.37,49.28,April,3.1,4.6,4.2,4.8,6.5,4.2
Errington,-124.37,49.28,May,2.9,4.9,4.3,5.3,7.5,5.4
Errington,-124.37,49.28,June,2.8,5.1,4.3,5.6,8.2,5.9
Errington,-124.37,49.28,July,3.0,5.4,4.7,5.9,8.8,6.2
Errington,-124.37,49.28,August,3.3,5.2,4.7,5.5,7.9,5.3
Errington,-124.37,49.28,September,3.9,5.2,5.0,5.2,7.1,3.8
Errington,-124.37,49.28,October,3.0,3.4,3.4,3.2,4.2,2.1
Errington,-124.37,49.28,November,1.9,2.0,2.0,1.8,2.3,1.0
Errington,-124.37,49.28,December,1.6,1.6,1.7,1.4,1.8,0.7
Errington,-124.37,49.28,Annual,2.7,3.8,3.5,3.9,5.4,3.3
