name,latitude,longitude,month,South-facing vertical (tilt=90deg;),South-facing; tilt=latitude,South-facing; tilt=latitude+15deg;,South-facing; tilt=latitude-15deg;,Two-axis sun-tracking,Horizontal (tilt=0deg;)
Fairmont Hot Springs,-115.86,50.34,January,2.7,2.6,2.8,2.3,3.1,1.2
Fairmont Hot Springs,-115.86,50.34,February,3.6,3.8,3.9,3.5,4.6,2.1
Fairmont Hot Springs,-115.86,50.34,March,4.1,4.9,4.8,4.8,6.3,3.6
Fairmont Hot Springs,-115.86,50.34,April,3.7,5.4,4.9,5.5,7.8,4.9
Fairmont Hot Springs,-115.86,50.34,May,3.1,5.2,4.5,5.6,8.2,5.8
Fairmont Hot Springs,-115.86,50.34,June,3.1,5.6,4.7,6.1,9.4,6.4
Fairmont Hot Springs,-115.86,50.34,July,3.3,5.8,5.0,6.4,9.8,6.7
Fairmont Hot Springs,-115.86,50.34,August,3.5,5.6,5.0,5.9,8.6,5.6
Fairmont Hot Springs,-115.86,50.34,September,4.1,5.4,5.1,5.4,7.4,3.9
Fairmont Hot Springs,-115.86,50.34,October,4.0,4.5,4.5,4.2,5.7,2.5
Fairmont Hot Springs,-115.86,50.34,November,3.0,3.0,3.1,2.6,3.6,1.2
Fairmont Hot Springs,-115.86,50.34,December,2.3,2.1,2.3,1.9,2.5,0.9
Fairmont Hot Springs,-115.86,50.34,Annual,3.4,4.5,4.2,4.5,6.4,3.7
