name,latitude,longitude,month,South-facing vertical (tilt=90deg;),South-facing; tilt=latitude,South-facing; tilt=latitude+15deg;,South-facing; tilt=latitude-15deg;,Two-axis sun-tracking,Horizontal (tilt=0deg;)
Falkland,-119.55,50.50,January,2.0,1.9,2.0,1.7,2.3,1.0
Falkland,-119.55,50.50,February,2.9,3.1,3.1,2.9,3.7,1.9
Falkland,-119.55,50.50,March,3.8,4.6,4.5,4.5,5.9,3.4
Falkland,-119.55,50.50,April,3.6,5.2,4.8,5.3,7.4,4.8
Falkland,-119.55,50.50,May,3.1,5.2,4.5,5.6,8.0,5.8
Falkland,-119.55,50.50,June,3.0,5.4,4.6,5.9,8.9,6.3
Falkland,-119.55,50.50,July,3.2,5.7,4.9,6.2,9.3,6.5
Falkland,-119.55,50.50,August,3.5,5.6,5.0,5.8,8.4,5.5
Falkland,-119.55,50.50,September,4.0,5.2,5.0,5.2,7.1,3.9
Falkland,-119.55,50.50,October,3.4,3.9,3.9,3.7,4.9,2.3
Falkland,-119.55,50.50,November,2.2,2.3,2.4,2.0,2.7,1.1
Falkland,-119.55,50.50,December,1.7,1.6,1.7,1.4,1.9,0.8
Falkland,-119.55,50.50,Annual,3.0,4.1,3.9,4.2,5.9,3.6
