name,latitude,longitude,month,South-facing vertical (tilt=90deg;),South-facing; tilt=latitude,South-facing; tilt=latitude+15deg;,South-facing; tilt=latitude-15deg;,Two-axis sun-tracking,Horizontal (tilt=0deg;)
False Bay,-124.35,49.49,January,1.8,1.8,1.9,1.6,2.1,0.9
False Bay,-124.35,49.49,February,2.4,2.6,2.6,2.4,3.1,1.7
False Bay,-124.35,49.49,March,3.2,4.0,3.9,3.9,5.1,2.9
False Bay,-124.35,49.49,April,3.2,4.7,4.3,4.8,6.6,4.3
False Bay,-124.35,49.49,May,2.9,4.9,4.3,5.3,7.5,5.5
False Bay,-124.35,49.49,June,2.8,5.0,4.3,5.5,8.2,5.9
False Bay,-124.35,49.49,July,3.0,5.4,4.7,5.9,8.8,6.2
False Bay,-124.35,49.49,August,3.3,5.2,4.7,5.5,7.9,5.3
False Bay,-124.35,49.49,September,3.9,5.1,4.9,5.1,7.0,3.8
False Bay,-124.35,49.49,October,3.0,3.5,3.5,3.3,4.3,2.1
False Bay,-124.35,49.49,November,1.9,2.0,2.0,1.8,2.3,1.0
False Bay,-124.35,49.49,December,1.6,1.6,1.7,1.4,1.8,0.7
False Bay,-124.35,49.49,Annual,2.7,3.8,3.6,3.9,5.4,3.3
