name,latitude,longitude,month,South-facing vertical (tilt=90deg;),South-facing; tilt=latitude,South-facing; tilt=latitude+15deg;,South-facing; tilt=latitude-15deg;,Two-axis sun-tracking,Horizontal (tilt=0deg;)
Fanny Bay,-124.81,49.49,January,1.7,1.7,1.8,1.5,2.0,0.8
Fanny Bay,-124.81,49.49,February,2.2,2.4,2.4,2.2,2.8,1.5
Fanny Bay,-124.81,49.49,March,3.0,3.7,3.6,3.6,4.7,2.6
Fanny Bay,-124.81,49.49,April,3.1,4.6,4.2,4.7,6.4,4.1
Fanny Bay,-124.81,49.49,May,2.9,4.9,4.3,5.3,7.5,5.4
Fanny Bay,-124.81,49.49,June,2.8,5.1,4.4,5.6,8.3,5.8
Fanny Bay,-124.81,49.49,July,3.0,5.4,4.6,5.9,8.7,6.1
Fanny Bay,-124.81,49.49,August,3.2,5.2,4.6,5.4,7.8,5.2
Fanny Bay,-124.81,49.49,September,3.9,5.1,4.9,5.1,6.9,3.8
Fanny Bay,-124.81,49.49,October,2.8,3.2,3.2,3.0,3.9,2.0
Fanny Bay,-124.81,49.49,November,1.9,1.9,2.0,1.7,2.2,1.0
Fanny Bay,-124.81,49.49,December,1.5,1.5,1.6,1.3,1.8,0.7
Fanny Bay,-124.81,49.49,Annual,2.7,3.7,3.5,3.8,5.3,3.3
