name,latitude,longitude,month,South-facing vertical (tilt=90deg;),South-facing; tilt=latitude,South-facing; tilt=latitude+15deg;,South-facing; tilt=latitude-15deg;,Two-axis sun-tracking,Horizontal (tilt=0deg;)
Fauquier,-118.07,49.87,January,1.9,1.9,2.0,1.7,2.3,1.1
Fauquier,-118.07,49.87,February,2.7,2.9,3.0,2.7,3.5,2.0
Fauquier,-118.07,49.87,March,3.6,4.4,4.2,4.2,5.6,3.3
Fauquier,-118.07,49.87,April,3.4,5.0,4.6,5.1,7.1,4.7
Fauquier,-118.07,49.87,May,2.9,4.9,4.3,5.3,7.6,5.7
Fauquier,-118.07,49.87,June,2.9,5.2,4.5,5.8,8.7,6.2
Fauquier,-118.07,49.87,July,3.1,5.6,4.8,6.1,9.2,6.5
Fauquier,-118.07,49.87,August,3.4,5.4,4.9,5.7,8.2,5.5
Fauquier,-118.07,49.87,September,3.9,5.2,5.0,5.2,7.1,3.8
Fauquier,-118.07,49.87,October,3.4,3.9,3.9,3.7,4.9,2.3
Fauquier,-118.07,49.87,November,2.3,2.3,2.4,2.1,2.8,1.2
Fauquier,-118.07,49.87,December,1.6,1.6,1.6,1.4,1.8,0.8
Fauquier,-118.07,49.87,Annual,2.9,4.0,3.8,4.1,5.7,3.6
