name,latitude,longitude,month,South-facing vertical (tilt=90deg;),South-facing; tilt=latitude,South-facing; tilt=latitude+15deg;,South-facing; tilt=latitude-15deg;,Two-axis sun-tracking,Horizontal (tilt=0deg;)
Ferndale,-122.48,53.98,January,2.1,2.0,2.2,1.8,2.4,0.7
Ferndale,-122.48,53.98,February,3.0,3.1,3.1,2.8,3.6,1.5
Ferndale,-122.48,53.98,March,3.8,4.5,4.4,4.4,5.7,2.9
Ferndale,-122.48,53.98,April,3.7,5.2,4.7,5.3,7.4,4.4
Ferndale,-122.48,53.98,May,3.1,4.8,4.2,5.2,7.5,5.4
Ferndale,-122.48,53.98,June,3.1,5.1,4.4,5.6,8.5,5.9
Ferndale,-122.48,53.98,July,3.3,5.3,4.6,5.8,8.7,5.9
Ferndale,-122.48,53.98,August,3.5,5.1,4.6,5.4,7.7,4.9
Ferndale,-122.48,53.98,September,3.4,4.4,4.2,4.4,5.9,3.2
Ferndale,-122.48,53.98,October,2.6,2.9,2.9,2.8,3.6,1.7
Ferndale,-122.48,53.98,November,2.1,2.1,2.2,1.9,2.5,0.8
Ferndale,-122.48,53.98,December,1.7,1.6,1.7,1.4,1.8,0.5
Ferndale,-122.48,53.98,Annual,3.0,3.8,3.6,3.9,5.5,3.2
