name,latitude,longitude,month,South-facing vertical (tilt=90deg;),South-facing; tilt=latitude,South-facing; tilt=latitude+15deg;,South-facing; tilt=latitude-15deg;,Two-axis sun-tracking,Horizontal (tilt=0deg;)
Fernie,-115.07,49.50,January,2.9,2.8,2.9,2.4,3.3,1.2
Fernie,-115.07,49.50,February,3.5,3.6,3.7,3.3,4.4,2.0
Fernie,-115.07,49.50,March,3.8,4.6,4.5,4.5,6.0,3.3
Fernie,-115.07,49.50,April,3.5,5.1,4.7,5.3,7.4,4.6
Fernie,-115.07,49.50,May,2.9,5.0,4.4,5.4,7.9,5.7
Fernie,-115.07,49.50,June,2.9,5.4,4.6,6.0,9.1,6.3
Fernie,-115.07,49.50,July,3.1,5.7,4.9,6.3,9.5,6.7
Fernie,-115.07,49.50,August,3.5,5.6,5.0,5.9,8.5,5.6
Fernie,-115.07,49.50,September,4.1,5.4,5.1,5.3,7.4,3.9
Fernie,-115.07,49.50,October,3.9,4.4,4.4,4.1,5.5,2.4
Fernie,-115.07,49.50,November,2.8,2.8,3.0,2.5,3.4,1.2
Fernie,-115.07,49.50,December,2.4,2.3,2.4,2.0,2.7,0.9
Fernie,-115.07,49.50,Annual,3.3,4.4,4.1,4.4,6.3,3.7
