name,latitude,longitude,month,South-facing vertical (tilt=90deg;),South-facing; tilt=latitude,South-facing; tilt=latitude+15deg;,South-facing; tilt=latitude-15deg;,Two-axis sun-tracking,Horizontal (tilt=0deg;)
Field,-116.50,51.39,January,2.5,2.4,2.6,2.1,2.9,1.1
Field,-116.50,51.39,February,3.6,3.7,3.8,3.4,4.5,1.9
Field,-116.50,51.39,March,4.2,4.9,4.8,4.8,6.3,3.4
Field,-116.50,51.39,April,3.8,5.4,5.0,5.6,7.8,4.8
Field,-116.50,51.39,May,3.0,5.0,4.4,5.4,8.0,5.7
Field,-116.50,51.39,June,3.1,5.4,4.6,6.0,9.2,6.3
Field,-116.50,51.39,July,3.2,5.5,4.8,6.1,9.2,6.4
Field,-116.50,51.39,August,3.4,5.3,4.7,5.5,8.0,5.3
Field,-116.50,51.39,September,3.9,5.1,4.8,5.1,6.9,3.7
Field,-116.50,51.39,October,3.7,4.1,4.2,3.9,5.2,2.3
Field,-116.50,51.39,November,2.9,2.9,3.0,2.6,3.4,1.1
Field,-116.50,51.39,December,2.1,2.0,2.1,1.8,2.4,0.8
Field,-116.50,51.39,Annual,3.3,4.3,4.1,4.4,6.2,3.6
