name,latitude,longitude,month,South-facing vertical (tilt=90deg;),South-facing; tilt=latitude,South-facing; tilt=latitude+15deg;,South-facing; tilt=latitude-15deg;,Two-axis sun-tracking,Horizontal (tilt=0deg;)
Forest Grove,-121.10,51.77,January,2.4,2.3,2.4,2.0,2.6,0.9
Forest Grove,-121.10,51.77,February,3.2,3.4,3.5,3.1,4.0,1.8
Forest Grove,-121.10,51.77,March,4.1,4.8,4.7,4.7,6.2,3.3
Forest Grove,-121.10,51.77,April,3.7,5.2,4.7,5.3,7.4,4.6
Forest Grove,-121.10,51.77,May,3.1,5.0,4.4,5.4,7.9,5.6
Forest Grove,-121.10,51.77,June,2.9,5.1,4.4,5.6,8.5,6.1
Forest Grove,-121.10,51.77,July,3.1,5.3,4.6,5.8,8.8,6.2
Forest Grove,-121.10,51.77,August,3.4,5.2,4.7,5.5,7.9,5.2
Forest Grove,-121.10,51.77,September,3.9,5.0,4.8,5.0,6.8,3.6
Forest Grove,-121.10,51.77,October,3.3,3.7,3.7,3.5,4.5,2.1
Forest Grove,-121.10,51.77,November,2.3,2.3,2.4,2.1,2.7,1.0
Forest Grove,-121.10,51.77,December,2.0,1.9,2.0,1.7,2.2,0.7
Forest Grove,-121.10,51.77,Annual,3.1,4.1,3.9,4.2,5.8,3.4
