name,latitude,longitude,month,South-facing vertical (tilt=90deg;),South-facing; tilt=latitude,South-facing; tilt=latitude+15deg;,South-facing; tilt=latitude-15deg;,Two-axis sun-tracking,Horizontal (tilt=0deg;)
Fort Babine,-126.63,55.32,January,2.0,1.9,2.0,1.7,2.2,0.6
Fort Babine,-126.63,55.32,February,2.9,3.0,3.1,2.8,3.5,1.4
Fort Babine,-126.63,55.32,March,3.6,4.2,4.1,4.1,5.4,2.8
Fort Babine,-126.63,55.32,April,3.4,4.7,4.3,4.9,6.9,4.4
Fort Babine,-126.63,55.32,May,3.0,4.5,3.9,4.9,7.1,5.4
Fort Babine,-126.63,55.32,June,2.9,4.7,4.0,5.2,8.0,5.7
Fort Babine,-126.63,55.32,July,3.0,4.8,4.1,5.3,7.8,5.5
Fort Babine,-126.63,55.32,August,3.3,4.8,4.3,5.1,7.3,4.6
Fort Babine,-126.63,55.32,September,3.2,4.1,3.9,4.1,5.5,3.1
Fort Babine,-126.63,55.32,October,2.4,2.6,2.6,2.5,3.3,1.6
Fort Babine,-126.63,55.32,November,1.8,1.8,1.9,1.6,2.1,0.7
Fort Babine,-126.63,55.32,December,1.5,1.4,1.5,1.2,1.6,0.4
Fort Babine,-126.63,55.32,Annual,2.8,3.5,3.3,3.6,5.1,3.0
