name,latitude,longitude,month,South-facing vertical (tilt=90deg;),South-facing; tilt=latitude,South-facing; tilt=latitude+15deg;,South-facing; tilt=latitude-15deg;,Two-axis sun-tracking,Horizontal (tilt=0deg;)
Fort Fraser,-124.55,54.06,January,2.0,1.9,2.0,1.7,2.3,0.7
Fort Fraser,-124.55,54.06,February,2.9,3.0,3.1,2.8,3.6,1.6
Fort Fraser,-124.55,54.06,March,3.7,4.4,4.3,4.3,5.6,3.0
Fort Fraser,-124.55,54.06,April,3.6,5.0,4.6,5.2,7.2,4.5
Fort Fraser,-124.55,54.06,May,3.1,4.8,4.2,5.2,7.4,5.4
Fort Fraser,-124.55,54.06,June,3.1,5.0,4.3,5.6,8.4,5.8
Fort Fraser,-124.55,54.06,July,3.2,5.1,4.4,5.6,8.3,5.8
Fort Fraser,-124.55,54.06,August,3.4,5.0,4.5,5.3,7.6,4.8
Fort Fraser,-124.55,54.06,September,3.4,4.4,4.2,4.4,6.0,3.3
Fort Fraser,-124.55,54.06,October,2.6,3.0,3.0,2.8,3.7,1.8
Fort Fraser,-124.55,54.06,November,2.0,2.0,2.1,1.8,2.3,0.8
Fort Fraser,-124.55,54.06,December,1.5,1.4,1.5,1.3,1.7,0.5
Fort Fraser,-124.55,54.06,Annual,2.9,3.8,3.5,3.8,5.3,3.2
