name,latitude,longitude,month,South-facing vertical (tilt=90deg;),South-facing; tilt=latitude,South-facing; tilt=latitude+15deg;,South-facing; tilt=latitude-15deg;,Two-axis sun-tracking,Horizontal (tilt=0deg;)
Fort St. James,-124.25,54.44,January,2.0,1.9,2.1,1.7,2.3,0.7
Fort St. James,-124.25,54.44,February,2.9,3.0,3.1,2.8,3.6,1.5
Fort St. James,-124.25,54.44,March,3.8,4.4,4.3,4.3,5.7,3.0
Fort St. James,-124.25,54.44,April,3.6,5.0,4.6,5.2,7.3,4.5
Fort St. James,-124.25,54.44,May,3.1,4.8,4.2,5.2,7.5,5.4
Fort St. James,-124.25,54.44,June,3.2,5.1,4.4,5.6,8.5,5.9
Fort St. James,-124.25,54.44,July,3.2,5.2,4.5,5.7,8.5,5.8
Fort St. James,-124.25,54.44,August,3.5,5.1,4.6,5.4,7.7,4.8
Fort St. James,-124.25,54.44,September,3.4,4.4,4.1,4.4,5.9,3.3
Fort St. James,-124.25,54.44,October,2.6,3.0,2.9,2.8,3.7,1.7
Fort St. James,-124.25,54.44,November,2.0,2.0,2.1,1.8,2.4,0.8
Fort St. James,-124.25,54.44,December,1.5,1.5,1.6,1.3,1.7,0.5
Fort St. James,-124.25,54.44,Annual,2.9,3.8,3.5,3.8,5.4,3.2
