name,latitude,longitude,month,South-facing vertical (tilt=90deg;),South-facing; tilt=latitude,South-facing; tilt=latitude+15deg;,South-facing; tilt=latitude-15deg;,Two-axis sun-tracking,Horizontal (tilt=0deg;)
Fort Nelson,-122.70,58.81,January,2.1,2.0,2.1,1.8,2.3,0.5
Fort Nelson,-122.70,58.81,February,3.6,3.6,3.7,3.3,4.3,1.3
Fort Nelson,-122.70,58.81,March,4.8,5.2,5.2,5.0,6.7,2.8
Fort Nelson,-122.70,58.81,April,4.4,5.7,5.2,5.8,8.4,4.4
Fort Nelson,-122.70,58.81,May,3.4,4.9,4.3,5.3,8.1,5.4
Fort Nelson,-122.70,58.81,June,3.5,5.2,4.5,5.8,9.3,5.9
Fort Nelson,-122.70,58.81,July,3.3,4.9,4.2,5.3,8.3,5.5
Fort Nelson,-122.70,58.81,August,3.4,4.6,4.1,4.9,7.0,4.4
Fort Nelson,-122.70,58.81,September,3.4,4.1,3.8,4.1,5.4,2.8
Fort Nelson,-122.70,58.81,October,2.7,2.9,2.9,2.7,3.5,1.4
Fort Nelson,-122.70,58.81,November,2.2,2.1,2.2,1.9,2.5,0.6
Fort Nelson,-122.70,58.81,December,1.7,1.6,1.7,1.4,1.8,0.3
Fort Nelson,-122.70,58.81,Annual,3.2,3.9,3.7,3.9,5.6,3.0
