name,latitude,longitude,month,South-facing vertical (tilt=90deg;),South-facing; tilt=latitude,South-facing; tilt=latitude+15deg;,South-facing; tilt=latitude-15deg;,Two-axis sun-tracking,Horizontal (tilt=0deg;)
Fort Langley,-122.58,49.16,January,1.8,1.8,1.9,1.6,2.1,0.9
Fort Langley,-122.58,49.16,February,2.3,2.5,2.5,2.3,3.0,1.6
Fort Langley,-122.58,49.16,March,2.9,3.6,3.5,3.5,4.6,2.7
Fort Langley,-122.58,49.16,April,2.9,4.3,3.9,4.4,6.0,3.9
Fort Langley,-122.58,49.16,May,2.6,4.4,3.9,4.8,6.8,5.3
Fort Langley,-122.58,49.16,June,2.6,4.8,4.1,5.3,7.8,5.8
Fort Langley,-122.58,49.16,July,2.9,5.2,4.5,5.7,8.5,6.1
Fort Langley,-122.58,49.16,August,3.1,5.1,4.5,5.3,7.6,5.2
Fort Langley,-122.58,49.16,September,3.6,4.9,4.7,4.9,6.7,3.6
Fort Langley,-122.58,49.16,October,2.8,3.2,3.2,3.1,4.0,2.0
Fort Langley,-122.58,49.16,November,1.8,1.9,2.0,1.7,2.2,1.0
Fort Langley,-122.58,49.16,December,1.7,1.7,1.7,1.5,1.9,0.7
Fort Langley,-122.58,49.16,Annual,2.6,3.6,3.4,3.7,5.1,3.3
