name,latitude,longitude,month,South-facing vertical (tilt=90deg;),South-facing; tilt=latitude,South-facing; tilt=latitude+15deg;,South-facing; tilt=latitude-15deg;,Two-axis sun-tracking,Horizontal (tilt=0deg;)
Fort St. John,-120.85,56.25,January,2.7,2.6,2.7,2.2,3.0,0.7
Fort St. John,-120.85,56.25,February,3.8,3.8,3.9,3.5,4.6,1.5
Fort St. John,-120.85,56.25,March,4.7,5.2,5.2,5.1,6.7,3.0
Fort St. John,-120.85,56.25,April,4.3,5.7,5.3,5.9,8.3,4.6
Fort St. John,-120.85,56.25,May,3.5,5.3,4.6,5.7,8.6,5.5
Fort St. John,-120.85,56.25,June,3.4,5.4,4.6,6.0,9.4,6.0
Fort St. John,-120.85,56.25,July,3.4,5.2,4.5,5.7,8.8,5.8
Fort St. John,-120.85,56.25,August,3.6,5.1,4.5,5.3,7.8,4.8
Fort St. John,-120.85,56.25,September,3.6,4.4,4.2,4.4,5.9,3.1
Fort St. John,-120.85,56.25,October,3.4,3.6,3.6,3.4,4.3,1.7
Fort St. John,-120.85,56.25,November,2.7,2.6,2.7,2.3,3.0,0.8
Fort St. John,-120.85,56.25,December,2.4,2.2,2.3,1.9,2.5,0.5
Fort St. John,-120.85,56.25,Annual,3.5,4.3,4.0,4.3,6.1,3.2
