name,latitude,longitude,month,South-facing vertical (tilt=90deg;),South-facing; tilt=latitude,South-facing; tilt=latitude+15deg;,South-facing; tilt=latitude-15deg;,Two-axis sun-tracking,Horizontal (tilt=0deg;)
Fruitvale,-117.56,49.10,January,2.0,2.0,2.1,1.8,2.3,1.1
Fruitvale,-117.56,49.10,February,2.6,2.9,2.9,2.7,3.4,2.0
Fruitvale,-117.56,49.10,March,3.4,4.3,4.1,4.1,5.4,3.3
Fruitvale,-117.56,49.10,April,3.3,5.0,4.5,5.1,7.1,4.7
Fruitvale,-117.56,49.10,May,2.9,4.9,4.3,5.3,7.7,5.7
Fruitvale,-117.56,49.10,June,2.9,5.3,4.6,5.9,8.9,6.3
Fruitvale,-117.56,49.10,July,3.1,5.7,4.9,6.3,9.5,6.7
Fruitvale,-117.56,49.10,August,3.4,5.6,5.0,5.8,8.4,5.6
Fruitvale,-117.56,49.10,September,4.1,5.4,5.2,5.4,7.4,4.0
Fruitvale,-117.56,49.10,October,3.6,4.1,4.1,3.8,5.2,2.4
Fruitvale,-117.56,49.10,November,2.3,2.3,2.4,2.1,2.8,1.2
Fruitvale,-117.56,49.10,December,1.6,1.6,1.7,1.4,1.8,0.9
Fruitvale,-117.56,49.10,Annual,2.9,4.1,3.8,4.2,5.8,3.7
