name,latitude,longitude,month,South-facing vertical (tilt=90deg;),South-facing; tilt=latitude,South-facing; tilt=latitude+15deg;,South-facing; tilt=latitude-15deg;,Two-axis sun-tracking,Horizontal (tilt=0deg;)
Fulford Harbour,-123.46,48.77,January,1.8,1.8,1.9,1.6,2.1,0.9
Fulford Harbour,-123.46,48.77,February,2.4,2.6,2.7,2.5,3.2,1.7
Fulford Harbour,-123.46,48.77,March,3.1,3.9,3.8,3.8,5.0,3.0
Fulford Harbour,-123.46,48.77,April,3.1,4.7,4.3,4.9,6.6,4.4
Fulford Harbour,-123.46,48.77,May,2.9,5.0,4.3,5.4,7.7,5.6
Fulford Harbour,-123.46,48.77,June,2.8,5.2,4.4,5.7,8.5,6.0
Fulford Harbour,-123.46,48.77,July,3.0,5.5,4.8,6.0,9.1,6.4
Fulford Harbour,-123.46,48.77,August,3.3,5.4,4.9,5.7,8.2,5.4
Fulford Harbour,-123.46,48.77,September,4.0,5.4,5.1,5.3,7.3,4.0
Fulford Harbour,-123.46,48.77,October,3.1,3.6,3.6,3.4,4.5,2.2
Fulford Harbour,-123.46,48.77,November,2.0,2.0,2.1,1.8,2.4,1.0
Fulford Harbour,-123.46,48.77,December,1.7,1.6,1.7,1.4,1.9,0.7
Fulford Harbour,-123.46,48.77,Annual,2.8,3.9,3.6,4.0,5.6,3.5
