name,latitude,longitude,month,South-facing vertical (tilt=90deg;),South-facing; tilt=latitude,South-facing; tilt=latitude+15deg;,South-facing; tilt=latitude-15deg;,Two-axis sun-tracking,Horizontal (tilt=0deg;)
Ganges,-123.50,48.85,January,1.8,1.8,1.9,1.6,2.1,0.9
Ganges,-123.50,48.85,February,2.4,2.7,2.7,2.5,3.2,1.7
Ganges,-123.50,48.85,March,3.1,3.9,3.8,3.8,5.0,3.0
Ganges,-123.50,48.85,April,3.1,4.7,4.3,4.9,6.6,4.5
Ganges,-123.50,48.85,May,2.9,5.0,4.3,5.4,7.7,5.6
Ganges,-123.50,48.85,June,2.8,5.2,4.4,5.7,8.5,6.0
Ganges,-123.50,48.85,July,3.0,5.5,4.8,6.0,9.0,6.4
Ganges,-123.50,48.85,August,3.3,5.4,4.9,5.7,8.2,5.4
Ganges,-123.50,48.85,September,4.0,5.4,5.1,5.3,7.3,4.0
Ganges,-123.50,48.85,October,3.1,3.6,3.6,3.4,4.5,2.2
Ganges,-123.50,48.85,November,2.0,2.0,2.1,1.8,2.4,1.0
Ganges,-123.50,48.85,December,1.7,1.6,1.7,1.4,1.9,0.7
Ganges,-123.50,48.85,Annual,2.8,3.9,3.6,4.0,5.6,3.5
