name,latitude,longitude,month,South-facing vertical (tilt=90deg;),South-facing; tilt=latitude,South-facing; tilt=latitude+15deg;,South-facing; tilt=latitude-15deg;,Two-axis sun-tracking,Horizontal (tilt=0deg;)
Garden Bay,-124.06,49.65,January,1.7,1.7,1.8,1.5,2.0,0.8
Garden Bay,-124.06,49.65,February,2.3,2.5,2.5,2.3,3.0,1.6
Garden Bay,-124.06,49.65,March,3.0,3.7,3.6,3.6,4.8,2.8
Garden Bay,-124.06,49.65,April,3.0,4.4,4.1,4.6,6.2,4.1
Garden Bay,-124.06,49.65,May,2.8,4.6,4.0,5.0,7.0,5.4
Garden Bay,-124.06,49.65,June,2.7,4.8,4.1,5.3,7.8,5.8
Garden Bay,-124.06,49.65,July,2.9,5.2,4.5,5.7,8.5,6.1
Garden Bay,-124.06,49.65,August,3.2,5.1,4.6,5.4,7.7,5.2
Garden Bay,-124.06,49.65,September,3.7,4.9,4.7,4.9,6.7,3.6
Garden Bay,-124.06,49.65,October,2.7,3.1,3.1,3.0,3.9,2.0
Garden Bay,-124.06,49.65,November,1.8,1.9,2.0,1.7,2.2,1.0
Garden Bay,-124.06,49.65,December,1.6,1.5,1.6,1.4,1.8,0.7
Garden Bay,-124.06,49.65,Annual,2.6,3.6,3.4,3.7,5.1,3.3
