name,latitude,longitude,month,South-facing vertical (tilt=90deg;),South-facing; tilt=latitude,South-facing; tilt=latitude+15deg;,South-facing; tilt=latitude-15deg;,Two-axis sun-tracking,Horizontal (tilt=0deg;)
Germansen Landing,-124.70,55.78,January,2.0,1.9,2.1,1.7,2.3,0.6
Germansen Landing,-124.70,55.78,February,3.0,3.1,3.2,2.8,3.7,1.4
Germansen Landing,-124.70,55.78,March,3.9,4.5,4.4,4.3,5.7,2.9
Germansen Landing,-124.70,55.78,April,3.7,5.0,4.6,5.2,7.3,4.4
Germansen Landing,-124.70,55.78,May,3.1,4.7,4.1,5.1,7.5,5.3
Germansen Landing,-124.70,55.78,June,3.2,5.0,4.3,5.5,8.5,5.8
Germansen Landing,-124.70,55.78,July,3.2,5.0,4.3,5.5,8.2,5.7
Germansen Landing,-124.70,55.78,August,3.5,5.0,4.4,5.2,7.5,4.7
Germansen Landing,-124.70,55.78,September,3.3,4.2,3.9,4.2,5.6,3.1
Germansen Landing,-124.70,55.78,October,2.5,2.8,2.8,2.7,3.4,1.6
Germansen Landing,-124.70,55.78,November,2.0,1.9,2.0,1.7,2.3,0.7
Germansen Landing,-124.70,55.78,December,1.6,1.5,1.6,1.3,1.7,0.4
Germansen Landing,-124.70,55.78,Annual,2.9,3.7,3.5,3.8,5.3,3.1
