name,latitude,longitude,month,South-facing vertical (tilt=90deg;),South-facing; tilt=latitude,South-facing; tilt=latitude+15deg;,South-facing; tilt=latitude-15deg;,Two-axis sun-tracking,Horizontal (tilt=0deg;)
Gibsons,-123.51,49.40,January,1.7,1.7,1.8,1.5,2.0,0.8
Gibsons,-123.51,49.40,February,2.3,2.5,2.5,2.3,3.0,1.6
Gibsons,-123.51,49.40,March,2.9,3.7,3.6,3.6,4.7,2.7
Gibsons,-123.51,49.40,April,2.9,4.4,4.0,4.5,6.1,4.0
Gibsons,-123.51,49.40,May,2.7,4.6,4.0,4.9,7.0,5.3
Gibsons,-123.51,49.40,June,2.7,4.9,4.2,5.4,7.9,5.8
Gibsons,-123.51,49.40,July,2.9,5.2,4.5,5.7,8.5,6.1
Gibsons,-123.51,49.40,August,3.2,5.1,4.6,5.4,7.7,5.2
Gibsons,-123.51,49.40,September,3.7,5.0,4.7,4.9,6.8,3.6
Gibsons,-123.51,49.40,October,2.7,3.2,3.1,3.0,3.9,2.0
Gibsons,-123.51,49.40,November,1.8,1.9,2.0,1.7,2.2,1.0
Gibsons,-123.51,49.40,December,1.6,1.6,1.7,1.4,1.9,0.7
Gibsons,-123.51,49.40,Annual,2.6,3.6,3.4,3.7,5.2,3.2
