name,latitude,longitude,month,South-facing vertical (tilt=90deg;),South-facing; tilt=latitude,South-facing; tilt=latitude+15deg;,South-facing; tilt=latitude-15deg;,Two-axis sun-tracking,Horizontal (tilt=0deg;)
Gillies Bay,-124.48,49.68,January,1.7,1.8,1.8,1.6,2.1,0.8
Gillies Bay,-124.48,49.68,February,2.4,2.6,2.6,2.4,3.1,1.7
Gillies Bay,-124.48,49.68,March,3.2,4.0,3.8,3.9,5.1,2.9
Gillies Bay,-124.48,49.68,April,3.2,4.6,4.3,4.8,6.5,4.3
Gillies Bay,-124.48,49.68,May,2.9,4.8,4.2,5.2,7.4,5.4
Gillies Bay,-124.48,49.68,June,2.8,5.0,4.3,5.5,8.1,5.8
Gillies Bay,-124.48,49.68,July,3.0,5.3,4.6,5.8,8.6,6.1
Gillies Bay,-124.48,49.68,August,3.2,5.2,4.6,5.4,7.8,5.2
Gillies Bay,-124.48,49.68,September,3.9,5.1,4.8,5.1,6.9,3.8
Gillies Bay,-124.48,49.68,October,3.0,3.4,3.4,3.2,4.2,2.0
Gillies Bay,-124.48,49.68,November,1.9,2.0,2.0,1.8,2.3,1.0
Gillies Bay,-124.48,49.68,December,1.6,1.5,1.6,1.4,1.8,0.7
Gillies Bay,-124.48,49.68,Annual,2.7,3.8,3.5,3.8,5.3,3.3
