name,latitude,longitude,month,South-facing vertical (tilt=90deg;),South-facing; tilt=latitude,South-facing; tilt=latitude+15deg;,South-facing; tilt=latitude-15deg;,Two-axis sun-tracking,Horizontal (tilt=0deg;)
Gingolx,-129.95,54.99,January,1.5,1.5,1.5,1.3,1.7,0.5
Gingolx,-129.95,54.99,February,2.3,2.4,2.4,2.2,2.8,1.1
Gingolx,-129.95,54.99,March,2.7,3.3,3.2,3.2,4.1,2.3
Gingolx,-129.95,54.99,April,2.9,4.0,3.6,4.2,5.6,3.7
Gingolx,-129.95,54.99,May,2.7,4.2,3.7,4.6,6.5,4.9
Gingolx,-129.95,54.99,June,2.7,4.3,3.7,4.8,7.0,5.4
Gingolx,-129.95,54.99,July,2.7,4.3,3.7,4.7,6.6,5.1
Gingolx,-129.95,54.99,August,2.8,4.1,3.6,4.3,5.9,4.1
Gingolx,-129.95,54.99,September,2.6,3.3,3.1,3.4,4.3,2.5
Gingolx,-129.95,54.99,October,1.8,2.0,2.0,2.0,2.4,1.3
Gingolx,-129.95,54.99,November,1.4,1.4,1.5,1.3,1.6,0.7
Gingolx,-129.95,54.99,December,1.2,1.1,1.2,1.0,1.3,0.4
Gingolx,-129.95,54.99,Annual,2.3,3.0,2.8,3.1,4.2,2.7
