name,latitude,longitude,month,South-facing vertical (tilt=90deg;),South-facing; tilt=latitude,South-facing; tilt=latitude+15deg;,South-facing; tilt=latitude-15deg;,Two-axis sun-tracking,Horizontal (tilt=0deg;)
Gitwinksihlkw,-129.22,55.19,January,1.6,1.6,1.6,1.4,1.8,0.5
Gitwinksihlkw,-129.22,55.19,February,2.5,2.6,2.7,2.4,3.1,1.2
Gitwinksihlkw,-129.22,55.19,March,3.2,3.8,3.6,3.7,4.8,2.7
Gitwinksihlkw,-129.22,55.19,April,3.1,4.4,3.9,4.5,6.3,4.2
Gitwinksihlkw,-129.22,55.19,May,2.9,4.4,3.9,4.8,7.0,5.2
Gitwinksihlkw,-129.22,55.19,June,2.8,4.5,3.9,5.0,7.5,5.5
Gitwinksihlkw,-129.22,55.19,July,2.8,4.5,3.9,4.9,7.2,5.3
Gitwinksihlkw,-129.22,55.19,August,3.1,4.4,4.0,4.7,6.6,4.3
Gitwinksihlkw,-129.22,55.19,September,2.8,3.6,3.3,3.6,4.7,2.7
Gitwinksihlkw,-129.22,55.19,October,1.8,2.1,2.1,2.0,2.5,1.4
Gitwinksihlkw,-129.22,55.19,November,1.5,1.5,1.5,1.3,1.7,0.7
Gitwinksihlkw,-129.22,55.19,December,1.3,1.2,1.3,1.0,1.4,0.4
Gitwinksihlkw,-129.22,55.19,Annual,2.4,3.2,3.0,3.3,4.5,2.8
