name,latitude,longitude,month,South-facing vertical (tilt=90deg;),South-facing; tilt=latitude,South-facing; tilt=latitude+15deg;,South-facing; tilt=latitude-15deg;,Two-axis sun-tracking,Horizontal (tilt=0deg;)
Gold River,-126.08,49.75,January,1.7,1.7,1.8,1.5,2.0,0.8
Gold River,-126.08,49.75,February,2.0,2.3,2.3,2.1,2.7,1.4
Gold River,-126.08,49.75,March,2.8,3.5,3.3,3.4,4.4,2.4
Gold River,-126.08,49.75,April,2.9,4.2,3.9,4.3,5.8,3.6
Gold River,-126.08,49.75,May,2.7,4.4,3.9,4.8,6.6,5.0
Gold River,-126.08,49.75,June,2.7,4.7,4.1,5.2,7.5,5.4
Gold River,-126.08,49.75,July,2.8,4.9,4.3,5.4,7.9,5.7
Gold River,-126.08,49.75,August,2.9,4.6,4.1,4.8,6.8,4.9
Gold River,-126.08,49.75,September,3.5,4.6,4.4,4.6,6.2,3.3
Gold River,-126.08,49.75,October,2.6,3.0,3.0,2.9,3.6,1.9
Gold River,-126.08,49.75,November,1.8,1.9,2.0,1.7,2.2,0.9
Gold River,-126.08,49.75,December,1.5,1.5,1.5,1.3,1.7,0.6
Gold River,-126.08,49.75,Annual,2.5,3.5,3.2,3.5,4.8,3.0
