name,latitude,longitude,month,South-facing vertical (tilt=90deg;),South-facing; tilt=latitude,South-facing; tilt=latitude+15deg;,South-facing; tilt=latitude-15deg;,Two-axis sun-tracking,Horizontal (tilt=0deg;)
Golden,-116.95,51.30,January,2.4,2.3,2.4,2.0,2.7,1.0
Golden,-116.95,51.30,February,3.4,3.6,3.7,3.3,4.3,1.9
Golden,-116.95,51.30,March,4.1,4.9,4.8,4.7,6.2,3.4
Golden,-116.95,51.30,April,3.8,5.4,5.0,5.6,7.8,4.8
Golden,-116.95,51.30,May,3.1,5.1,4.5,5.5,8.1,5.8
Golden,-116.95,51.30,June,3.1,5.5,4.7,6.1,9.3,6.4
Golden,-116.95,51.30,July,3.2,5.7,4.9,6.2,9.4,6.5
Golden,-116.95,51.30,August,3.4,5.3,4.8,5.6,8.1,5.4
Golden,-116.95,51.30,September,3.9,5.1,4.9,5.1,7.0,3.7
Golden,-116.95,51.30,October,3.7,4.1,4.1,3.9,5.2,2.3
Golden,-116.95,51.30,November,2.8,2.8,2.9,2.5,3.3,1.1
Golden,-116.95,51.30,December,2.0,1.9,2.0,1.7,2.3,0.8
Golden,-116.95,51.30,Annual,3.2,4.3,4.0,4.4,6.2,3.6
