name,latitude,longitude,month,South-facing vertical (tilt=90deg;),South-facing; tilt=latitude,South-facing; tilt=latitude+15deg;,South-facing; tilt=latitude-15deg;,Two-axis sun-tracking,Horizontal (tilt=0deg;)
Granisle,-126.22,54.88,January,2.0,1.9,2.0,1.7,2.2,0.6
Granisle,-126.22,54.88,February,2.9,3.0,3.0,2.7,3.5,1.5
Granisle,-126.22,54.88,March,3.6,4.2,4.1,4.1,5.4,2.9
Granisle,-126.22,54.88,April,3.4,4.8,4.3,5.0,6.9,4.5
Granisle,-126.22,54.88,May,3.0,4.6,4.0,5.0,7.2,5.3
Granisle,-126.22,54.88,June,3.0,4.8,4.1,5.3,8.1,5.7
Granisle,-126.22,54.88,July,3.1,4.9,4.2,5.4,8.0,5.6
Granisle,-126.22,54.88,August,3.3,4.9,4.4,5.2,7.4,4.7
Granisle,-126.22,54.88,September,3.3,4.2,4.0,4.2,5.7,3.2
Granisle,-126.22,54.88,October,2.5,2.8,2.8,2.6,3.4,1.7
Granisle,-126.22,54.88,November,1.8,1.8,1.9,1.6,2.1,0.8
Granisle,-126.22,54.88,December,1.5,1.4,1.5,1.3,1.7,0.4
Granisle,-126.22,54.88,Annual,2.8,3.6,3.4,3.7,5.1,3.1
