name,latitude,longitude,month,South-facing vertical (tilt=90deg;),South-facing; tilt=latitude,South-facing; tilt=latitude+15deg;,South-facing; tilt=latitude-15deg;,Two-axis sun-tracking,Horizontal (tilt=0deg;)
Grand Forks,-118.45,49.03,January,1.9,1.8,1.9,1.7,2.2,1.1
Grand Forks,-118.45,49.03,February,2.6,2.8,2.9,2.6,3.4,2.1
Grand Forks,-118.45,49.03,March,3.5,4.3,4.2,4.2,5.6,3.4
Grand Forks,-118.45,49.03,April,3.3,5.0,4.5,5.1,7.0,4.8
Grand Forks,-118.45,49.03,May,2.9,5.0,4.3,5.3,7.6,5.7
Grand Forks,-118.45,49.03,June,2.9,5.3,4.5,5.9,8.8,6.3
Grand Forks,-118.45,49.03,July,3.1,5.7,4.9,6.3,9.5,6.7
Grand Forks,-118.45,49.03,August,3.5,5.7,5.1,6.0,8.6,5.6
Grand Forks,-118.45,49.03,September,4.1,5.5,5.3,5.5,7.5,4.1
Grand Forks,-118.45,49.03,October,3.6,4.1,4.1,3.9,5.2,2.5
Grand Forks,-118.45,49.03,November,2.2,2.3,2.4,2.0,2.7,1.2
Grand Forks,-118.45,49.03,December,1.5,1.5,1.6,1.3,1.8,0.9
Grand Forks,-118.45,49.03,Annual,2.9,4.1,3.8,4.2,5.8,3.7
