name,latitude,longitude,month,South-facing vertical (tilt=90deg;),South-facing; tilt=latitude,South-facing; tilt=latitude+15deg;,South-facing; tilt=latitude-15deg;,Two-axis sun-tracking,Horizontal (tilt=0deg;)
Grasmere,-115.08,49.10,January,2.9,2.8,3.0,2.5,3.4,1.3
Grasmere,-115.08,49.10,February,3.6,3.8,3.9,3.5,4.6,2.2
Grasmere,-115.08,49.10,March,4.0,4.8,4.7,4.7,6.2,3.6
Grasmere,-115.08,49.10,April,3.5,5.2,4.8,5.4,7.5,4.8
Grasmere,-115.08,49.10,May,2.9,5.0,4.4,5.4,7.9,5.7
Grasmere,-115.08,49.10,June,2.9,5.5,4.7,6.1,9.2,6.3
Grasmere,-115.08,49.10,July,3.1,5.8,5.0,6.3,9.6,6.7
Grasmere,-115.08,49.10,August,3.5,5.7,5.1,6.0,8.7,5.6
Grasmere,-115.08,49.10,September,4.2,5.6,5.3,5.5,7.6,4.0
Grasmere,-115.08,49.10,October,4.2,4.7,4.8,4.4,6.0,2.6
Grasmere,-115.08,49.10,November,3.0,3.0,3.1,2.6,3.6,1.3
Grasmere,-115.08,49.10,December,2.4,2.3,2.5,2.0,2.7,1.0
Grasmere,-115.08,49.10,Annual,3.4,4.5,4.3,4.5,6.4,3.8
