name,latitude,longitude,month,South-facing vertical (tilt=90deg;),South-facing; tilt=latitude,South-facing; tilt=latitude+15deg;,South-facing; tilt=latitude-15deg;,Two-axis sun-tracking,Horizontal (tilt=0deg;)
Greenwood,-118.68,49.09,January,1.8,1.8,1.9,1.6,2.1,1.1
Greenwood,-118.68,49.09,February,2.5,2.8,2.8,2.6,3.3,2.0
Greenwood,-118.68,49.09,March,3.4,4.3,4.2,4.2,5.5,3.4
Greenwood,-118.68,49.09,April,3.3,5.0,4.6,5.2,7.1,4.8
Greenwood,-118.68,49.09,May,2.9,4.9,4.3,5.3,7.5,5.7
Greenwood,-118.68,49.09,June,2.9,5.4,4.6,5.9,8.8,6.3
Greenwood,-118.68,49.09,July,3.1,5.7,4.9,6.3,9.5,6.7
Greenwood,-118.68,49.09,August,3.5,5.6,5.0,5.9,8.5,5.6
Greenwood,-118.68,49.09,September,4.1,5.5,5.3,5.5,7.6,4.1
Greenwood,-118.68,49.09,October,3.6,4.1,4.1,3.9,5.2,2.5
Greenwood,-118.68,49.09,November,2.2,2.2,2.3,2.0,2.7,1.2
Greenwood,-118.68,49.09,December,1.5,1.5,1.5,1.3,1.7,0.9
Greenwood,-118.68,49.09,Annual,2.9,4.1,3.8,4.1,5.8,3.7
