name,latitude,longitude,month,South-facing vertical (tilt=90deg;),South-facing; tilt=latitude,South-facing; tilt=latitude+15deg;,South-facing; tilt=latitude-15deg;,Two-axis sun-tracking,Horizontal (tilt=0deg;)
Grindrod,-119.12,50.63,January,2.0,1.9,2.0,1.7,2.3,1.0
Grindrod,-119.12,50.63,February,2.9,3.1,3.1,2.8,3.6,1.9
Grindrod,-119.12,50.63,March,3.7,4.5,4.4,4.4,5.8,3.3
Grindrod,-119.12,50.63,April,3.6,5.2,4.8,5.3,7.4,4.7
Grindrod,-119.12,50.63,May,3.1,5.1,4.5,5.5,7.9,5.7
Grindrod,-119.12,50.63,June,3.0,5.4,4.6,5.9,8.9,6.2
Grindrod,-119.12,50.63,July,3.2,5.6,4.8,6.2,9.3,6.5
Grindrod,-119.12,50.63,August,3.5,5.5,4.9,5.8,8.3,5.4
Grindrod,-119.12,50.63,September,3.9,5.2,4.9,5.1,7.0,3.8
Grindrod,-119.12,50.63,October,3.4,3.8,3.8,3.6,4.8,2.3
Grindrod,-119.12,50.63,November,2.3,2.3,2.4,2.1,2.7,1.1
Grindrod,-119.12,50.63,December,1.7,1.6,1.7,1.4,1.9,0.8
Grindrod,-119.12,50.63,Annual,3.0,4.1,3.8,4.2,5.8,3.6
