name,latitude,longitude,month,South-facing vertical (tilt=90deg;),South-facing; tilt=latitude,South-facing; tilt=latitude+15deg;,South-facing; tilt=latitude-15deg;,Two-axis sun-tracking,Horizontal (tilt=0deg;)
Hagensborg,-126.55,52.38,January,1.6,1.6,1.7,1.4,1.9,0.6
Hagensborg,-126.55,52.38,February,2.3,2.5,2.5,2.3,3.0,1.4
Hagensborg,-126.55,52.38,March,3.1,3.8,3.7,3.7,4.8,2.7
Hagensborg,-126.55,52.38,April,3.1,4.5,4.1,4.6,6.3,4.0
Hagensborg,-126.55,52.38,May,2.9,4.6,4.0,5.0,7.0,5.2
Hagensborg,-126.55,52.38,June,2.8,4.8,4.1,5.3,7.8,5.6
Hagensborg,-126.55,52.38,July,3.0,5.0,4.3,5.4,8.0,5.7
Hagensborg,-126.55,52.38,August,3.2,4.8,4.3,5.1,7.2,4.8
Hagensborg,-126.55,52.38,September,3.2,4.2,4.0,4.2,5.6,3.1
Hagensborg,-126.55,52.38,October,2.2,2.5,2.5,2.4,3.1,1.6
Hagensborg,-126.55,52.38,November,1.6,1.6,1.7,1.5,1.9,0.8
Hagensborg,-126.55,52.38,December,1.3,1.3,1.4,1.2,1.5,0.5
Hagensborg,-126.55,52.38,Annual,2.5,3.4,3.2,3.5,4.9,3.0
