name,latitude,longitude,month,South-facing vertical (tilt=90deg;),South-facing; tilt=latitude,South-facing; tilt=latitude+15deg;,South-facing; tilt=latitude-15deg;,Two-axis sun-tracking,Horizontal (tilt=0deg;)
Harrison Hot Springs,-121.78,49.30,January,1.7,1.8,1.8,1.6,2.0,0.9
Harrison Hot Springs,-121.78,49.30,February,2.2,2.4,2.5,2.3,2.9,1.6
Harrison Hot Springs,-121.78,49.30,March,2.8,3.6,3.5,3.5,4.5,2.7
Harrison Hot Springs,-121.78,49.30,April,2.8,4.3,3.9,4.4,5.9,3.9
Harrison Hot Springs,-121.78,49.30,May,2.6,4.5,3.9,4.8,6.8,5.3
Harrison Hot Springs,-121.78,49.30,June,2.6,4.8,4.1,5.2,7.8,5.9
Harrison Hot Springs,-121.78,49.30,July,2.9,5.3,4.5,5.7,8.6,6.2
Harrison Hot Springs,-121.78,49.30,August,3.2,5.2,4.7,5.5,7.9,5.3
Harrison Hot Springs,-121.78,49.30,September,3.6,4.9,4.6,4.8,6.6,3.6
Harrison Hot Springs,-121.78,49.30,October,2.7,3.2,3.1,3.0,3.9,2.0
Harrison Hot Springs,-121.78,49.30,November,1.8,1.9,1.9,1.7,2.2,1.0
Harrison Hot Springs,-121.78,49.30,December,1.7,1.6,1.7,1.4,1.9,0.7
Harrison Hot Springs,-121.78,49.30,Annual,2.6,3.6,3.4,3.7,5.1,3.3
