name,latitude,longitude,month,South-facing vertical (tilt=90deg;),South-facing; tilt=latitude,South-facing; tilt=latitude+15deg;,South-facing; tilt=latitude-15deg;,Two-axis sun-tracking,Horizontal (tilt=0deg;)
Harrogate,-116.45,50.99,January,2.5,2.4,2.6,2.1,2.9,1.1
Harrogate,-116.45,50.99,February,3.5,3.7,3.8,3.4,4.4,2.0
Harrogate,-116.45,50.99,March,4.1,4.9,4.8,4.7,6.3,3.5
Harrogate,-116.45,50.99,April,3.8,5.4,5.0,5.6,7.8,4.9
Harrogate,-116.45,50.99,May,3.1,5.1,4.5,5.6,8.2,5.8
Harrogate,-116.45,50.99,June,3.1,5.5,4.7,6.1,9.3,6.4
Harrogate,-116.45,50.99,July,3.3,5.8,5.0,6.3,9.7,6.6
Harrogate,-116.45,50.99,August,3.5,5.5,4.9,5.8,8.4,5.5
Harrogate,-116.45,50.99,September,4.0,5.2,5.0,5.2,7.1,3.8
Harrogate,-116.45,50.99,October,3.8,4.3,4.3,4.0,5.4,2.3
Harrogate,-116.45,50.99,November,2.9,2.9,3.0,2.6,3.5,1.2
Harrogate,-116.45,50.99,December,2.1,2.0,2.1,1.7,2.4,0.8
Harrogate,-116.45,50.99,Annual,3.3,4.4,4.1,4.4,6.3,3.7
