name,latitude,longitude,month,South-facing vertical (tilt=90deg;),South-facing; tilt=latitude,South-facing; tilt=latitude+15deg;,South-facing; tilt=latitude-15deg;,Two-axis sun-tracking,Horizontal (tilt=0deg;)
Hatzic,-122.24,49.15,January,1.8,1.8,1.9,1.6,2.1,0.9
Hatzic,-122.24,49.15,February,2.3,2.5,2.5,2.3,3.0,1.6
Hatzic,-122.24,49.15,March,2.9,3.6,3.5,3.5,4.6,2.7
Hatzic,-122.24,49.15,April,2.8,4.2,3.9,4.4,5.9,3.9
Hatzic,-122.24,49.15,May,2.5,4.4,3.8,4.7,6.7,5.3
Hatzic,-122.24,49.15,June,2.5,4.7,4.0,5.2,7.6,5.8
Hatzic,-122.24,49.15,July,2.9,5.2,4.5,5.7,8.5,6.2
Hatzic,-122.24,49.15,August,3.1,5.1,4.6,5.4,7.7,5.3
Hatzic,-122.24,49.15,September,3.6,4.9,4.7,4.9,6.7,3.6
Hatzic,-122.24,49.15,October,2.7,3.2,3.2,3.0,3.9,2.0
Hatzic,-122.24,49.15,November,1.8,1.9,2.0,1.7,2.2,1.0
Hatzic,-122.24,49.15,December,1.7,1.7,1.8,1.5,1.9,0.7
Hatzic,-122.24,49.15,Annual,2.6,3.6,3.4,3.7,5.1,3.3
