name,latitude,longitude,month,South-facing vertical (tilt=90deg;),South-facing; tilt=latitude,South-facing; tilt=latitude+15deg;,South-facing; tilt=latitude-15deg;,Two-axis sun-tracking,Horizontal (tilt=0deg;)
Hazelton,-127.68,55.25,January,1.9,1.8,1.9,1.6,2.1,0.6
Hazelton,-127.68,55.25,February,2.8,2.9,3.0,2.7,3.5,1.4
Hazelton,-127.68,55.25,March,3.5,4.1,4.0,4.0,5.3,2.9
Hazelton,-127.68,55.25,April,3.3,4.6,4.2,4.8,6.7,4.4
Hazelton,-127.68,55.25,May,2.9,4.5,3.9,4.9,7.1,5.3
Hazelton,-127.68,55.25,June,2.9,4.6,4.0,5.1,7.8,5.7
Hazelton,-127.68,55.25,July,2.9,4.7,4.1,5.1,7.6,5.5
Hazelton,-127.68,55.25,August,3.3,4.8,4.3,5.0,7.2,4.5
Hazelton,-127.68,55.25,September,3.1,4.0,3.8,4.0,5.3,3.1
Hazelton,-127.68,55.25,October,2.3,2.5,2.5,2.4,3.1,1.6
Hazelton,-127.68,55.25,November,1.7,1.7,1.8,1.5,2.0,0.7
Hazelton,-127.68,55.25,December,1.5,1.4,1.5,1.2,1.6,0.4
Hazelton,-127.68,55.25,Annual,2.7,3.5,3.2,3.5,4.9,3.0
