name,latitude,longitude,month,South-facing vertical (tilt=90deg;),South-facing; tilt=latitude,South-facing; tilt=latitude+15deg;,South-facing; tilt=latitude-15deg;,Two-axis sun-tracking,Horizontal (tilt=0deg;)
Hedley,-120.07,49.35,January,1.8,1.8,1.9,1.6,2.1,1.1
Hedley,-120.07,49.35,February,2.7,2.9,3.0,2.7,3.5,2.1
Hedley,-120.07,49.35,March,3.6,4.5,4.3,4.3,5.7,3.4
Hedley,-120.07,49.35,April,3.4,5.1,4.6,5.2,7.1,4.8
Hedley,-120.07,49.35,May,3.1,5.2,4.6,5.6,7.9,5.8
Hedley,-120.07,49.35,June,2.9,5.4,4.6,5.9,8.8,6.3
Hedley,-120.07,49.35,July,3.2,5.7,4.9,6.2,9.4,6.6
Hedley,-120.07,49.35,August,3.5,5.6,5.1,5.9,8.5,5.6
Hedley,-120.07,49.35,September,4.1,5.5,5.2,5.4,7.5,4.1
Hedley,-120.07,49.35,October,3.5,4.1,4.1,3.8,5.1,2.5
Hedley,-120.07,49.35,November,2.2,2.2,2.3,2.0,2.6,1.2
Hedley,-120.07,49.35,December,1.6,1.5,1.6,1.4,1.8,0.8
Hedley,-120.07,49.35,Annual,3.0,4.1,3.8,4.2,5.9,3.7
