name,latitude,longitude,month,South-facing vertical (tilt=90deg;),South-facing; tilt=latitude,South-facing; tilt=latitude+15deg;,South-facing; tilt=latitude-15deg;,Two-axis sun-tracking,Horizontal (tilt=0deg;)
Heriot Bay,-125.19,50.09,January,1.7,1.7,1.8,1.5,2.0,0.8
Heriot Bay,-125.19,50.09,February,2.2,2.4,2.5,2.3,2.9,1.5
Heriot Bay,-125.19,50.09,March,3.0,3.8,3.6,3.7,4.8,2.6
Heriot Bay,-125.19,50.09,April,3.1,4.5,4.1,4.7,6.3,4.0
Heriot Bay,-125.19,50.09,May,2.9,4.7,4.2,5.1,7.2,5.3
Heriot Bay,-125.19,50.09,June,2.8,4.9,4.2,5.4,7.9,5.7
Heriot Bay,-125.19,50.09,July,2.9,5.1,4.5,5.6,8.3,5.9
Heriot Bay,-125.19,50.09,August,3.1,4.9,4.4,5.2,7.4,5.0
Heriot Bay,-125.19,50.09,September,3.7,4.9,4.6,4.9,6.6,3.6
Heriot Bay,-125.19,50.09,October,2.7,3.1,3.1,2.9,3.8,1.9
Heriot Bay,-125.19,50.09,November,1.8,1.9,1.9,1.7,2.2,0.9
Heriot Bay,-125.19,50.09,December,1.5,1.5,1.5,1.3,1.7,0.6
Heriot Bay,-125.19,50.09,Annual,2.6,3.6,3.4,3.7,5.1,3.2
