name,latitude,longitude,month,South-facing vertical (tilt=90deg;),South-facing; tilt=latitude,South-facing; tilt=latitude+15deg;,South-facing; tilt=latitude-15deg;,Two-axis sun-tracking,Horizontal (tilt=0deg;)
Hixon,-122.58,53.42,January,2.1,2.1,2.2,1.8,2.4,0.7
Hixon,-122.58,53.42,February,3.0,3.1,3.2,2.9,3.7,1.6
Hixon,-122.58,53.42,March,3.9,4.6,4.5,4.4,5.8,3.0
Hixon,-122.58,53.42,April,3.7,5.2,4.7,5.3,7.4,4.5
Hixon,-122.58,53.42,May,3.1,4.9,4.2,5.3,7.6,5.4
Hixon,-122.58,53.42,June,3.1,5.1,4.3,5.6,8.4,5.9
Hixon,-122.58,53.42,July,3.2,5.2,4.5,5.7,8.6,5.9
Hixon,-122.58,53.42,August,3.5,5.1,4.6,5.4,7.7,4.9
Hixon,-122.58,53.42,September,3.5,4.5,4.3,4.5,6.0,3.4
Hixon,-122.58,53.42,October,2.8,3.2,3.2,3.0,3.9,1.8
Hixon,-122.58,53.42,November,2.2,2.2,2.3,1.9,2.6,0.9
Hixon,-122.58,53.42,December,1.7,1.6,1.7,1.4,1.9,0.6
Hixon,-122.58,53.42,Annual,3.0,3.9,3.6,3.9,5.5,3.2
