name,latitude,longitude,month,South-facing vertical (tilt=90deg;),South-facing; tilt=latitude,South-facing; tilt=latitude+15deg;,South-facing; tilt=latitude-15deg;,Two-axis sun-tracking,Horizontal (tilt=0deg;)
Honeymoon Bay,-124.17,48.82,January,1.7,1.7,1.8,1.5,2.0,0.8
Honeymoon Bay,-124.17,48.82,February,2.1,2.3,2.3,2.2,2.8,1.5
Honeymoon Bay,-124.17,48.82,March,2.7,3.4,3.3,3.4,4.4,2.5
Honeymoon Bay,-124.17,48.82,April,2.9,4.3,3.9,4.4,5.9,3.8
Honeymoon Bay,-124.17,48.82,May,2.7,4.6,4.1,5.0,7.0,5.3
Honeymoon Bay,-124.17,48.82,June,2.7,5.0,4.2,5.5,8.0,5.8
Honeymoon Bay,-124.17,48.82,July,2.9,5.3,4.6,5.8,8.6,6.2
Honeymoon Bay,-124.17,48.82,August,3.1,5.1,4.6,5.4,7.7,5.3
Honeymoon Bay,-124.17,48.82,September,3.8,5.1,4.9,5.1,7.0,3.7
Honeymoon Bay,-124.17,48.82,October,2.7,3.1,3.1,3.0,3.9,2.0
Honeymoon Bay,-124.17,48.82,November,1.9,1.9,2.0,1.8,2.3,1.0
Honeymoon Bay,-124.17,48.82,December,1.6,1.6,1.7,1.4,1.9,0.7
Honeymoon Bay,-124.17,48.82,Annual,2.6,3.6,3.4,3.7,5.1,3.2
