name,latitude,longitude,month,South-facing vertical (tilt=90deg;),South-facing; tilt=latitude,South-facing; tilt=latitude+15deg;,South-facing; tilt=latitude-15deg;,Two-axis sun-tracking,Horizontal (tilt=0deg;)
Hope,-121.44,49.38,January,1.7,1.7,1.8,1.5,2.0,0.9
Hope,-121.44,49.38,February,2.2,2.5,2.5,2.3,2.9,1.6
Hope,-121.44,49.38,March,2.9,3.7,3.6,3.6,4.6,2.8
Hope,-121.44,49.38,April,3.0,4.4,4.1,4.6,6.2,4.0
Hope,-121.44,49.38,May,2.7,4.7,4.1,5.0,7.1,5.4
Hope,-121.44,49.38,June,2.7,4.9,4.2,5.4,8.1,6.0
Hope,-121.44,49.38,July,3.0,5.4,4.7,5.9,8.9,6.3
Hope,-121.44,49.38,August,3.3,5.3,4.8,5.6,8.0,5.4
Hope,-121.44,49.38,September,3.7,4.9,4.7,4.9,6.7,3.6
Hope,-121.44,49.38,October,2.8,3.2,3.2,3.1,4.0,2.0
Hope,-121.44,49.38,November,1.8,1.9,1.9,1.7,2.2,1.0
Hope,-121.44,49.38,December,1.6,1.6,1.7,1.4,1.9,0.8
Hope,-121.44,49.38,Annual,2.6,3.7,3.4,3.8,5.2,3.3
