name,latitude,longitude,month,South-facing vertical (tilt=90deg;),South-facing; tilt=latitude,South-facing; tilt=latitude+15deg;,South-facing; tilt=latitude-15deg;,Two-axis sun-tracking,Horizontal (tilt=0deg;)
Horsefly,-121.41,52.33,January,2.4,2.3,2.4,2.0,2.7,0.8
Horsefly,-121.41,52.33,February,3.2,3.3,3.4,3.1,4.0,1.7
Horsefly,-121.41,52.33,March,4.1,4.8,4.7,4.7,6.2,3.2
Horsefly,-121.41,52.33,April,3.7,5.2,4.8,5.4,7.5,4.5
Horsefly,-121.41,52.33,May,3.1,5.0,4.3,5.4,7.8,5.5
Horsefly,-121.41,52.33,June,3.0,5.1,4.4,5.6,8.5,6.0
Horsefly,-121.41,52.33,July,3.2,5.3,4.6,5.8,8.8,6.1
Horsefly,-121.41,52.33,August,3.4,5.2,4.6,5.4,7.8,5.1
Horsefly,-121.41,52.33,September,3.7,4.8,4.6,4.8,6.5,3.6
Horsefly,-121.41,52.33,October,3.2,3.6,3.6,3.4,4.4,2.0
Horsefly,-121.41,52.33,November,2.3,2.3,2.4,2.1,2.7,1.0
Horsefly,-121.41,52.33,December,2.0,1.9,2.0,1.7,2.2,0.6
Horsefly,-121.41,52.33,Annual,3.1,4.1,3.8,4.1,5.7,3.4
