name,latitude,longitude,month,South-facing vertical (tilt=90deg;),South-facing; tilt=latitude,South-facing; tilt=latitude+15deg;,South-facing; tilt=latitude-15deg;,Two-axis sun-tracking,Horizontal (tilt=0deg;)
Hosmer,-114.96,49.59,January,2.9,2.8,3.0,2.5,3.4,1.2
Hosmer,-114.96,49.59,February,3.6,3.7,3.8,3.4,4.6,2.0
Hosmer,-114.96,49.59,March,3.9,4.7,4.6,4.6,6.1,3.4
Hosmer,-114.96,49.59,April,3.5,5.2,4.7,5.3,7.5,4.7
Hosmer,-114.96,49.59,May,3.0,5.1,4.4,5.5,8.0,5.7
Hosmer,-114.96,49.59,June,3.0,5.5,4.7,6.0,9.2,6.4
Hosmer,-114.96,49.59,July,3.2,5.8,4.9,6.3,9.6,6.7
Hosmer,-114.96,49.59,August,3.5,5.6,5.0,5.9,8.5,5.6
Hosmer,-114.96,49.59,September,4.1,5.4,5.1,5.4,7.4,3.9
Hosmer,-114.96,49.59,October,4.0,4.5,4.5,4.2,5.6,2.4
Hosmer,-114.96,49.59,November,2.9,2.9,3.1,2.6,3.5,1.3
Hosmer,-114.96,49.59,December,2.5,2.3,2.5,2.0,2.8,0.9
Hosmer,-114.96,49.59,Annual,3.3,4.5,4.2,4.5,6.4,3.7
