name,latitude,longitude,month,South-facing vertical (tilt=90deg;),South-facing; tilt=latitude,South-facing; tilt=latitude+15deg;,South-facing; tilt=latitude-15deg;,Two-axis sun-tracking,Horizontal (tilt=0deg;)
Houston,-126.65,54.40,January,1.9,1.9,2.0,1.7,2.2,0.6
Houston,-126.65,54.40,February,2.8,3.0,3.0,2.7,3.5,1.5
Houston,-126.65,54.40,March,3.6,4.2,4.1,4.1,5.4,2.9
Houston,-126.65,54.40,April,3.4,4.7,4.3,4.9,6.8,4.5
Houston,-126.65,54.40,May,3.0,4.6,4.0,5.0,7.3,5.4
Houston,-126.65,54.40,June,2.9,4.7,4.1,5.3,8.0,5.8
Houston,-126.65,54.40,July,3.0,4.9,4.2,5.4,8.0,5.7
Houston,-126.65,54.40,August,3.4,5.0,4.5,5.2,7.5,4.7
Houston,-126.65,54.40,September,3.4,4.3,4.1,4.3,5.8,3.3
Houston,-126.65,54.40,October,2.5,2.8,2.8,2.7,3.5,1.7
Houston,-126.65,54.40,November,1.9,1.8,1.9,1.7,2.2,0.8
Houston,-126.65,54.40,December,1.5,1.4,1.5,1.3,1.7,0.5
Houston,-126.65,54.40,Annual,2.8,3.6,3.4,3.7,5.2,3.1
