name,latitude,longitude,month,South-facing vertical (tilt=90deg;),South-facing; tilt=latitude,South-facing; tilt=latitude+15deg;,South-facing; tilt=latitude-15deg;,Two-axis sun-tracking,Horizontal (tilt=0deg;)
Hudson's Hope,-121.90,56.03,January,2.5,2.4,2.5,2.1,2.7,0.7
Hudson's Hope,-121.90,56.03,February,3.6,3.6,3.7,3.3,4.3,1.5
Hudson's Hope,-121.90,56.03,March,4.5,5.0,5.0,4.9,6.5,3.0
Hudson's Hope,-121.90,56.03,April,4.2,5.5,5.1,5.7,8.0,4.5
Hudson's Hope,-121.90,56.03,May,3.4,5.1,4.5,5.5,8.3,5.4
Hudson's Hope,-121.90,56.03,June,3.3,5.3,4.5,5.8,9.0,5.9
Hudson's Hope,-121.90,56.03,July,3.4,5.2,4.5,5.7,8.6,5.7
Hudson's Hope,-121.90,56.03,August,3.6,5.1,4.5,5.4,7.7,4.7
Hudson's Hope,-121.90,56.03,September,3.6,4.4,4.2,4.4,5.9,3.1
Hudson's Hope,-121.90,56.03,October,3.1,3.4,3.4,3.2,4.1,1.7
Hudson's Hope,-121.90,56.03,November,2.5,2.4,2.5,2.1,2.8,0.8
Hudson's Hope,-121.90,56.03,December,2.1,1.9,2.1,1.7,2.2,0.5
Hudson's Hope,-121.90,56.03,Annual,3.3,4.1,3.9,4.1,5.9,3.1
