name,latitude,longitude,month,South-facing vertical (tilt=90deg;),South-facing; tilt=latitude,South-facing; tilt=latitude+15deg;,South-facing; tilt=latitude-15deg;,Two-axis sun-tracking,Horizontal (tilt=0deg;)
Huntingdon,-122.26,49.00,January,1.8,1.8,1.9,1.6,2.1,0.9
Huntingdon,-122.26,49.00,February,2.3,2.5,2.6,2.4,3.0,1.6
Huntingdon,-122.26,49.00,March,2.9,3.7,3.5,3.6,4.7,2.8
Huntingdon,-122.26,49.00,April,2.8,4.3,3.9,4.5,6.0,4.0
Huntingdon,-122.26,49.00,May,2.5,4.5,3.9,4.8,6.8,5.3
Huntingdon,-122.26,49.00,June,2.6,4.8,4.1,5.3,7.8,5.9
Huntingdon,-122.26,49.00,July,2.9,5.3,4.6,5.8,8.6,6.2
Huntingdon,-122.26,49.00,August,3.2,5.2,4.6,5.5,7.8,5.3
Huntingdon,-122.26,49.00,September,3.7,5.0,4.7,4.9,6.8,3.7
Huntingdon,-122.26,49.00,October,2.8,3.3,3.3,3.1,4.1,2.1
Huntingdon,-122.26,49.00,November,1.8,1.9,2.0,1.7,2.3,1.0
Huntingdon,-122.26,49.00,December,1.7,1.7,1.8,1.5,2.0,0.7
Huntingdon,-122.26,49.00,Annual,2.6,3.7,3.4,3.7,5.2,3.3
