name,latitude,longitude,month,South-facing vertical (tilt=90deg;),South-facing; tilt=latitude,South-facing; tilt=latitude+15deg;,South-facing; tilt=latitude-15deg;,Two-axis sun-tracking,Horizontal (tilt=0deg;)
Invermere,-116.03,50.52,January,2.7,2.6,2.7,2.3,3.1,1.1
Invermere,-116.03,50.52,February,3.6,3.8,3.9,3.5,4.6,2.1
Invermere,-116.03,50.52,March,4.1,4.9,4.8,4.8,6.3,3.6
Invermere,-116.03,50.52,April,3.7,5.4,4.9,5.5,7.8,4.9
Invermere,-116.03,50.52,May,3.1,5.2,4.5,5.6,8.2,5.8
Invermere,-116.03,50.52,June,3.1,5.5,4.7,6.1,9.4,6.4
Invermere,-116.03,50.52,July,3.3,5.8,5.0,6.4,9.7,6.7
Invermere,-116.03,50.52,August,3.5,5.6,5.0,5.9,8.5,5.6
Invermere,-116.03,50.52,September,4.1,5.4,5.1,5.3,7.3,3.9
Invermere,-116.03,50.52,October,4.0,4.5,4.5,4.2,5.6,2.4
Invermere,-116.03,50.52,November,3.0,2.9,3.1,2.6,3.5,1.2
Invermere,-116.03,50.52,December,2.2,2.1,2.2,1.8,2.5,0.9
Invermere,-116.03,50.52,Annual,3.4,4.5,4.2,4.5,6.4,3.7
