name,latitude,longitude,month,South-facing vertical (tilt=90deg;),South-facing; tilt=latitude,South-facing; tilt=latitude+15deg;,South-facing; tilt=latitude-15deg;,Two-axis sun-tracking,Horizontal (tilt=0deg;)
Jaffray,-115.30,49.38,January,2.9,2.8,2.9,2.4,3.3,1.2
Jaffray,-115.30,49.38,February,3.6,3.8,3.9,3.4,4.6,2.1
Jaffray,-115.30,49.38,March,4.0,4.8,4.7,4.7,6.2,3.6
Jaffray,-115.30,49.38,April,3.5,5.2,4.8,5.4,7.6,4.8
Jaffray,-115.30,49.38,May,3.0,5.1,4.5,5.5,8.1,5.8
Jaffray,-115.30,49.38,June,3.0,5.5,4.7,6.1,9.3,6.4
Jaffray,-115.30,49.38,July,3.2,5.8,5.0,6.4,9.7,6.7
Jaffray,-115.30,49.38,August,3.5,5.7,5.1,6.0,8.7,5.7
Jaffray,-115.30,49.38,September,4.2,5.5,5.3,5.5,7.6,4.0
Jaffray,-115.30,49.38,October,4.1,4.7,4.7,4.4,5.9,2.5
Jaffray,-115.30,49.38,November,2.9,2.9,3.1,2.6,3.6,1.3
Jaffray,-115.30,49.38,December,2.4,2.2,2.4,2.0,2.7,1.0
Jaffray,-115.30,49.38,Annual,3.4,4.5,4.3,4.5,6.4,3.8
