name,latitude,longitude,month,South-facing vertical (tilt=90deg;),South-facing; tilt=latitude,South-facing; tilt=latitude+15deg;,South-facing; tilt=latitude-15deg;,Two-axis sun-tracking,Horizontal (tilt=0deg;)
Kaleden,-119.61,49.38,January,1.8,1.8,1.9,1.6,2.1,1.1
Kaleden,-119.61,49.38,February,2.7,2.9,2.9,2.7,3.5,2.0
Kaleden,-119.61,49.38,March,3.5,4.4,4.3,4.3,5.7,3.4
Kaleden,-119.61,49.38,April,3.4,5.0,4.6,5.2,7.1,4.8
Kaleden,-119.61,49.38,May,3.1,5.2,4.6,5.6,7.9,5.8
Kaleden,-119.61,49.38,June,3.0,5.4,4.6,6.0,8.9,6.3
Kaleden,-119.61,49.38,July,3.2,5.8,5.0,6.3,9.6,6.6
Kaleden,-119.61,49.38,August,3.6,5.7,5.1,6.0,8.6,5.6
Kaleden,-119.61,49.38,September,4.1,5.5,5.2,5.4,7.5,4.1
Kaleden,-119.61,49.38,October,3.6,4.1,4.1,3.8,5.1,2.5
Kaleden,-119.61,49.38,November,2.2,2.2,2.3,2.0,2.7,1.2
Kaleden,-119.61,49.38,December,1.5,1.5,1.6,1.3,1.8,0.8
Kaleden,-119.61,49.38,Annual,3.0,4.1,3.9,4.2,5.9,3.7
