name,latitude,longitude,month,South-facing vertical (tilt=90deg;),South-facing; tilt=latitude,South-facing; tilt=latitude+15deg;,South-facing; tilt=latitude-15deg;,Two-axis sun-tracking,Horizontal (tilt=0deg;)
Kamloops,-120.35,50.68,January,2.1,2.1,2.2,1.9,2.4,1.0
Kamloops,-120.35,50.68,February,3.1,3.2,3.3,3.0,3.9,2.0
Kamloops,-120.35,50.68,March,3.9,4.8,4.7,4.6,6.1,3.4
Kamloops,-120.35,50.68,April,3.6,5.3,4.8,5.4,7.5,4.8
Kamloops,-120.35,50.68,May,3.2,5.3,4.7,5.8,8.3,5.8
Kamloops,-120.35,50.68,June,3.1,5.5,4.6,6.0,9.1,6.3
Kamloops,-120.35,50.68,July,3.3,5.7,4.9,6.3,9.5,6.5
Kamloops,-120.35,50.68,August,3.6,5.6,5.0,5.9,8.5,5.5
Kamloops,-120.35,50.68,September,4.0,5.3,5.0,5.2,7.2,3.9
Kamloops,-120.35,50.68,October,3.6,4.0,4.0,3.8,5.0,2.3
Kamloops,-120.35,50.68,November,2.3,2.3,2.4,2.1,2.8,1.1
Kamloops,-120.35,50.68,December,1.8,1.7,1.8,1.5,2.0,0.7
Kamloops,-120.35,50.68,Annual,3.1,4.2,4.0,4.3,6.0,3.6
