name,latitude,longitude,month,South-facing vertical (tilt=90deg;),South-facing; tilt=latitude,South-facing; tilt=latitude+15deg;,South-facing; tilt=latitude-15deg;,Two-axis sun-tracking,Horizontal (tilt=0deg;)
Kaslo,-116.91,49.91,January,2.2,2.2,2.3,1.9,2.6,1.1
Kaslo,-116.91,49.91,February,2.9,3.1,3.2,2.9,3.7,1.9
Kaslo,-116.91,49.91,March,3.6,4.4,4.3,4.3,5.6,3.3
Kaslo,-116.91,49.91,April,3.4,5.1,4.6,5.2,7.3,4.7
Kaslo,-116.91,49.91,May,2.9,5.0,4.4,5.4,7.9,5.7
Kaslo,-116.91,49.91,June,3.0,5.4,4.6,6.0,9.0,6.3
Kaslo,-116.91,49.91,July,3.2,5.7,4.9,6.2,9.5,6.6
Kaslo,-116.91,49.91,August,3.4,5.4,4.8,5.7,8.2,5.5
Kaslo,-116.91,49.91,September,4.0,5.3,5.0,5.3,7.2,3.9
Kaslo,-116.91,49.91,October,3.6,4.1,4.1,3.8,5.1,2.3
Kaslo,-116.91,49.91,November,2.5,2.5,2.6,2.2,3.0,1.2
Kaslo,-116.91,49.91,December,1.8,1.7,1.8,1.5,2.0,0.9
Kaslo,-116.91,49.91,Annual,3.0,4.2,3.9,4.2,5.9,3.6
