name,latitude,longitude,month,South-facing vertical (tilt=90deg;),South-facing; tilt=latitude,South-facing; tilt=latitude+15deg;,South-facing; tilt=latitude-15deg;,Two-axis sun-tracking,Horizontal (tilt=0deg;)
Kelly Lake,-120.02,55.26,January,2.7,2.6,2.7,2.2,3.0,0.7
Kelly Lake,-120.02,55.26,February,3.8,3.8,3.9,3.5,4.6,1.6
Kelly Lake,-120.02,55.26,March,4.5,5.1,5.0,4.9,6.6,3.0
Kelly Lake,-120.02,55.26,April,4.2,5.7,5.2,5.9,8.3,4.6
Kelly Lake,-120.02,55.26,May,3.4,5.2,4.5,5.6,8.5,5.5
Kelly Lake,-120.02,55.26,June,3.3,5.3,4.5,5.9,9.2,6.0
Kelly Lake,-120.02,55.26,July,3.4,5.3,4.6,5.8,8.9,5.9
Kelly Lake,-120.02,55.26,August,3.5,5.0,4.4,5.2,7.6,4.8
Kelly Lake,-120.02,55.26,September,3.6,4.4,4.2,4.4,6.0,3.2
Kelly Lake,-120.02,55.26,October,3.4,3.7,3.7,3.5,4.5,1.8
Kelly Lake,-120.02,55.26,November,2.7,2.7,2.8,2.4,3.1,0.9
Kelly Lake,-120.02,55.26,December,2.4,2.2,2.4,1.9,2.6,0.5
Kelly Lake,-120.02,55.26,Annual,3.4,4.3,4.0,4.3,6.1,3.2
