name,latitude,longitude,month,South-facing vertical (tilt=90deg;),South-facing; tilt=latitude,South-facing; tilt=latitude+15deg;,South-facing; tilt=latitude-15deg;,Two-axis sun-tracking,Horizontal (tilt=0deg;)
Kelowna,-119.45,49.88,January,1.8,1.8,1.9,1.6,2.1,1.1
Kelowna,-119.45,49.88,February,2.8,3.0,3.0,2.8,3.6,2.0
Kelowna,-119.45,49.88,March,3.7,4.5,4.4,4.4,5.8,3.4
Kelowna,-119.45,49.88,April,3.5,5.1,4.7,5.3,7.3,4.8
Kelowna,-119.45,49.88,May,3.1,5.3,4.6,5.7,8.0,5.8
Kelowna,-119.45,49.88,June,3.0,5.4,4.6,6.0,9.0,6.3
Kelowna,-119.45,49.88,July,3.2,5.8,4.9,6.3,9.5,6.6
Kelowna,-119.45,49.88,August,3.6,5.7,5.1,6.0,8.6,5.6
Kelowna,-119.45,49.88,September,4.0,5.3,5.1,5.3,7.3,4.0
Kelowna,-119.45,49.88,October,3.5,4.0,4.0,3.8,5.0,2.4
Kelowna,-119.45,49.88,November,2.2,2.2,2.3,2.0,2.7,1.2
Kelowna,-119.45,49.88,December,1.6,1.5,1.6,1.4,1.8,0.8
Kelowna,-119.45,49.88,Annual,3.0,4.1,3.9,4.2,5.9,3.7
