name,latitude,longitude,month,South-facing vertical (tilt=90deg;),South-facing; tilt=latitude,South-facing; tilt=latitude+15deg;,South-facing; tilt=latitude-15deg;,Two-axis sun-tracking,Horizontal (tilt=0deg;)
Kemano,-127.94,53.57,January,1.6,1.5,1.6,1.4,1.8,0.6
Kemano,-127.94,53.57,February,2.2,2.3,2.3,2.1,2.7,1.2
Kemano,-127.94,53.57,March,2.8,3.3,3.2,3.2,4.2,2.4
Kemano,-127.94,53.57,April,2.9,4.1,3.7,4.2,5.8,3.8
Kemano,-127.94,53.57,May,2.7,4.2,3.7,4.6,6.6,5.1
Kemano,-127.94,53.57,June,2.7,4.5,3.8,4.9,7.3,5.5
Kemano,-127.94,53.57,July,2.8,4.6,3.9,5.0,7.3,5.4
Kemano,-127.94,53.57,August,2.9,4.4,3.9,4.6,6.5,4.4
Kemano,-127.94,53.57,September,2.8,3.7,3.5,3.7,4.9,2.8
Kemano,-127.94,53.57,October,1.9,2.2,2.1,2.1,2.6,1.5
Kemano,-127.94,53.57,November,1.5,1.5,1.5,1.4,1.7,0.7
Kemano,-127.94,53.57,December,1.3,1.2,1.3,1.1,1.4,0.5
Kemano,-127.94,53.57,Annual,2.3,3.1,2.9,3.2,4.4,2.8
