name,latitude,longitude,month,South-facing vertical (tilt=90deg;),South-facing; tilt=latitude,South-facing; tilt=latitude+15deg;,South-facing; tilt=latitude-15deg;,Two-axis sun-tracking,Horizontal (tilt=0deg;)
Keremeos,-119.83,49.21,January,1.8,1.8,1.9,1.6,2.1,1.1
Keremeos,-119.83,49.21,February,2.7,2.9,3.0,2.7,3.5,2.1
Keremeos,-119.83,49.21,March,3.5,4.5,4.3,4.3,5.7,3.4
Keremeos,-119.83,49.21,April,3.4,5.1,4.6,5.2,7.2,4.8
Keremeos,-119.83,49.21,May,3.1,5.3,4.6,5.7,8.0,5.8
Keremeos,-119.83,49.21,June,3.0,5.4,4.6,6.0,8.9,6.3
Keremeos,-119.83,49.21,July,3.2,5.8,5.0,6.3,9.5,6.6
Keremeos,-119.83,49.21,August,3.6,5.7,5.1,6.0,8.6,5.6
Keremeos,-119.83,49.21,September,4.2,5.5,5.3,5.5,7.6,4.1
Keremeos,-119.83,49.21,October,3.6,4.1,4.1,3.9,5.2,2.5
Keremeos,-119.83,49.21,November,2.2,2.2,2.3,2.0,2.7,1.2
Keremeos,-119.83,49.21,December,1.6,1.5,1.6,1.4,1.8,0.8
Keremeos,-119.83,49.21,Annual,3.0,4.2,3.9,4.2,5.9,3.7
