name,latitude,longitude,month,South-facing vertical (tilt=90deg;),South-facing; tilt=latitude,South-facing; tilt=latitude+15deg;,South-facing; tilt=latitude-15deg;,Two-axis sun-tracking,Horizontal (tilt=0deg;)
Kersley,-122.42,52.82,January,2.2,2.2,2.3,1.9,2.5,0.8
Kersley,-122.42,52.82,February,3.1,3.2,3.3,3.0,3.9,1.7
Kersley,-122.42,52.82,March,4.0,4.7,4.6,4.6,6.0,3.1
Kersley,-122.42,52.82,April,3.7,5.2,4.7,5.3,7.4,4.5
Kersley,-122.42,52.82,May,3.1,5.0,4.4,5.4,7.8,5.5
Kersley,-122.42,52.82,June,3.0,5.1,4.4,5.6,8.5,6.0
Kersley,-122.42,52.82,July,3.2,5.3,4.6,5.8,8.7,6.0
Kersley,-122.42,52.82,August,3.5,5.2,4.7,5.5,7.8,5.0
Kersley,-122.42,52.82,September,3.6,4.7,4.5,4.7,6.4,3.5
Kersley,-122.42,52.82,October,3.0,3.3,3.3,3.1,4.1,1.9
Kersley,-122.42,52.82,November,2.2,2.2,2.3,2.0,2.6,0.9
Kersley,-122.42,52.82,December,1.8,1.7,1.8,1.5,2.0,0.6
Kersley,-122.42,52.82,Annual,3.0,4.0,3.7,4.0,5.6,3.3
