name,latitude,longitude,month,South-facing vertical (tilt=90deg;),South-facing; tilt=latitude,South-facing; tilt=latitude+15deg;,South-facing; tilt=latitude-15deg;,Two-axis sun-tracking,Horizontal (tilt=0deg;)
Kimberley,-115.96,49.69,January,2.6,2.5,2.7,2.2,3.0,1.2
Kimberley,-115.96,49.69,February,3.3,3.5,3.6,3.2,4.3,2.1
Kimberley,-115.96,49.69,March,3.8,4.6,4.5,4.5,6.0,3.4
Kimberley,-115.96,49.69,April,3.5,5.2,4.8,5.4,7.6,4.8
Kimberley,-115.96,49.69,May,3.0,5.1,4.5,5.5,8.1,5.8
Kimberley,-115.96,49.69,June,3.0,5.4,4.6,6.0,9.2,6.4
Kimberley,-115.96,49.69,July,3.2,5.8,5.0,6.3,9.6,6.8
Kimberley,-115.96,49.69,August,3.6,5.7,5.1,6.0,8.7,5.6
Kimberley,-115.96,49.69,September,4.2,5.5,5.2,5.4,7.5,4.0
Kimberley,-115.96,49.69,October,4.0,4.5,4.5,4.2,5.7,2.5
Kimberley,-115.96,49.69,November,2.8,2.8,2.9,2.5,3.3,1.2
Kimberley,-115.96,49.69,December,2.1,2.0,2.2,1.8,2.4,0.9
Kimberley,-115.96,49.69,Annual,3.3,4.4,4.1,4.4,6.3,3.7
