name,latitude,longitude,month,South-facing vertical (tilt=90deg;),South-facing; tilt=latitude,South-facing; tilt=latitude+15deg;,South-facing; tilt=latitude-15deg;,Two-axis sun-tracking,Horizontal (tilt=0deg;)
Kingfisher,-118.73,50.62,January,2.0,1.9,2.0,1.7,2.2,1.0
Kingfisher,-118.73,50.62,February,2.8,3.0,3.1,2.8,3.6,1.9
Kingfisher,-118.73,50.62,March,3.7,4.5,4.4,4.4,5.7,3.3
Kingfisher,-118.73,50.62,April,3.5,5.1,4.7,5.3,7.3,4.6
Kingfisher,-118.73,50.62,May,3.0,5.0,4.3,5.4,7.7,5.7
Kingfisher,-118.73,50.62,June,2.9,5.2,4.5,5.8,8.7,6.2
Kingfisher,-118.73,50.62,July,3.1,5.5,4.8,6.0,9.1,6.4
Kingfisher,-118.73,50.62,August,3.4,5.4,4.8,5.7,8.1,5.4
Kingfisher,-118.73,50.62,September,3.9,5.1,4.8,5.1,6.9,3.7
Kingfisher,-118.73,50.62,October,3.3,3.8,3.8,3.6,4.7,2.2
Kingfisher,-118.73,50.62,November,2.3,2.3,2.4,2.1,2.7,1.1
Kingfisher,-118.73,50.62,December,1.7,1.6,1.7,1.4,1.9,0.8
Kingfisher,-118.73,50.62,Annual,3.0,4.0,3.8,4.1,5.7,3.5
