name,latitude,longitude,month,South-facing vertical (tilt=90deg;),South-facing; tilt=latitude,South-facing; tilt=latitude+15deg;,South-facing; tilt=latitude-15deg;,Two-axis sun-tracking,Horizontal (tilt=0deg;)
Kingsgate,-116.18,49.00,January,2.5,2.4,2.6,2.1,2.9,1.2
Kingsgate,-116.18,49.00,February,3.1,3.3,3.4,3.1,4.1,2.1
Kingsgate,-116.18,49.00,March,3.7,4.5,4.4,4.4,5.8,3.4
Kingsgate,-116.18,49.00,April,3.4,5.1,4.6,5.3,7.3,4.7
Kingsgate,-116.18,49.00,May,2.9,5.0,4.3,5.4,7.8,5.8
Kingsgate,-116.18,49.00,June,2.9,5.4,4.6,6.0,9.0,6.4
Kingsgate,-116.18,49.00,July,3.1,5.8,5.0,6.3,9.7,6.8
Kingsgate,-116.18,49.00,August,3.5,5.7,5.1,6.0,8.7,5.7
Kingsgate,-116.18,49.00,September,4.2,5.5,5.3,5.5,7.6,4.0
Kingsgate,-116.18,49.00,October,3.9,4.4,4.5,4.2,5.6,2.5
Kingsgate,-116.18,49.00,November,2.6,2.6,2.8,2.4,3.2,1.3
Kingsgate,-116.18,49.00,December,2.0,1.9,2.0,1.7,2.3,0.9
Kingsgate,-116.18,49.00,Annual,3.1,4.3,4.1,4.4,6.2,3.7
