name,latitude,longitude,month,South-facing vertical (tilt=90deg;),South-facing; tilt=latitude,South-facing; tilt=latitude+15deg;,South-facing; tilt=latitude-15deg;,Two-axis sun-tracking,Horizontal (tilt=0deg;)
Kispiox,-127.70,55.35,January,1.9,1.8,1.9,1.6,2.1,0.6
Kispiox,-127.70,55.35,February,2.9,3.0,3.0,2.7,3.5,1.4
Kispiox,-127.70,55.35,March,3.5,4.1,4.0,4.0,5.3,2.9
Kispiox,-127.70,55.35,April,3.3,4.6,4.2,4.8,6.7,4.4
Kispiox,-127.70,55.35,May,2.9,4.4,3.9,4.8,7.1,5.3
Kispiox,-127.70,55.35,June,2.9,4.6,4.0,5.1,7.8,5.7
Kispiox,-127.70,55.35,July,2.9,4.7,4.0,5.1,7.6,5.5
Kispiox,-127.70,55.35,August,3.3,4.7,4.2,5.0,7.1,4.5
Kispiox,-127.70,55.35,September,3.1,4.0,3.7,4.0,5.3,3.0
Kispiox,-127.70,55.35,October,2.3,2.5,2.5,2.4,3.1,1.6
Kispiox,-127.70,55.35,November,1.7,1.7,1.8,1.5,2.0,0.7
Kispiox,-127.70,55.35,December,1.5,1.4,1.5,1.2,1.6,0.4
Kispiox,-127.70,55.35,Annual,2.7,3.5,3.2,3.5,4.9,3.0
