name,latitude,longitude,month,South-facing vertical (tilt=90deg;),South-facing; tilt=latitude,South-facing; tilt=latitude+15deg;,South-facing; tilt=latitude-15deg;,Two-axis sun-tracking,Horizontal (tilt=0deg;)
Kitamaat Village,-128.64,53.98,January,1.5,1.5,1.6,1.3,1.7,0.5
Kitamaat Village,-128.64,53.98,February,2.1,2.3,2.3,2.1,2.7,1.1
Kitamaat Village,-128.64,53.98,March,2.7,3.2,3.1,3.1,4.0,2.3
Kitamaat Village,-128.64,53.98,April,2.8,3.9,3.5,4.1,5.5,3.6
Kitamaat Village,-128.64,53.98,May,2.6,4.1,3.6,4.5,6.4,5.0
Kitamaat Village,-128.64,53.98,June,2.6,4.4,3.8,4.8,7.2,5.4
Kitamaat Village,-128.64,53.98,July,2.7,4.4,3.9,4.9,7.0,5.3
Kitamaat Village,-128.64,53.98,August,2.9,4.2,3.8,4.5,6.2,4.4
Kitamaat Village,-128.64,53.98,September,2.7,3.5,3.3,3.5,4.6,2.7
Kitamaat Village,-128.64,53.98,October,1.9,2.1,2.1,2.0,2.5,1.4
Kitamaat Village,-128.64,53.98,November,1.4,1.5,1.5,1.3,1.7,0.7
Kitamaat Village,-128.64,53.98,December,1.3,1.2,1.3,1.1,1.4,0.5
Kitamaat Village,-128.64,53.98,Annual,2.3,3.0,2.8,3.1,4.3,2.8
