name,latitude,longitude,month,South-facing vertical (tilt=90deg;),South-facing; tilt=latitude,South-facing; tilt=latitude+15deg;,South-facing; tilt=latitude-15deg;,Two-axis sun-tracking,Horizontal (tilt=0deg;)
Kitchener,-116.34,49.16,January,2.4,2.4,2.5,2.1,2.8,1.2
Kitchener,-116.34,49.16,February,3.1,3.3,3.4,3.1,4.0,2.1
Kitchener,-116.34,49.16,March,3.7,4.5,4.4,4.4,5.8,3.5
Kitchener,-116.34,49.16,April,3.4,5.1,4.7,5.3,7.3,4.8
Kitchener,-116.34,49.16,May,2.9,5.0,4.4,5.4,7.9,5.8
Kitchener,-116.34,49.16,June,2.9,5.4,4.6,6.0,9.1,6.4
Kitchener,-116.34,49.16,July,3.2,5.8,5.0,6.4,9.7,6.8
Kitchener,-116.34,49.16,August,3.5,5.7,5.1,6.0,8.7,5.7
Kitchener,-116.34,49.16,September,4.2,5.5,5.3,5.5,7.6,4.0
Kitchener,-116.34,49.16,October,3.9,4.4,4.4,4.1,5.6,2.5
Kitchener,-116.34,49.16,November,2.6,2.6,2.7,2.3,3.2,1.3
Kitchener,-116.34,49.16,December,1.9,1.9,2.0,1.6,2.2,0.9
Kitchener,-116.34,49.16,Annual,3.1,4.3,4.1,4.4,6.2,3.7
