name,latitude,longitude,month,South-facing vertical (tilt=90deg;),South-facing; tilt=latitude,South-facing; tilt=latitude+15deg;,South-facing; tilt=latitude-15deg;,Two-axis sun-tracking,Horizontal (tilt=0deg;)
Kitimat,-128.61,54.06,January,1.6,1.5,1.6,1.3,1.8,0.5
Kitimat,-128.61,54.06,February,2.2,2.3,2.3,2.1,2.7,1.1
Kitimat,-128.61,54.06,March,2.7,3.2,3.1,3.2,4.1,2.3
Kitimat,-128.61,54.06,April,2.8,4.0,3.6,4.1,5.6,3.7
Kitimat,-128.61,54.06,May,2.7,4.2,3.7,4.6,6.5,5.0
Kitimat,-128.61,54.06,June,2.7,4.4,3.8,4.9,7.3,5.5
Kitimat,-128.61,54.06,July,2.8,4.5,3.9,4.9,7.1,5.4
Kitimat,-128.61,54.06,August,2.9,4.3,3.8,4.5,6.3,4.4
Kitimat,-128.61,54.06,September,2.8,3.6,3.4,3.6,4.7,2.7
Kitimat,-128.61,54.06,October,1.9,2.1,2.1,2.0,2.5,1.4
Kitimat,-128.61,54.06,November,1.4,1.5,1.5,1.3,1.7,0.7
Kitimat,-128.61,54.06,December,1.3,1.2,1.3,1.1,1.4,0.4
Kitimat,-128.61,54.06,Annual,2.3,3.1,2.8,3.1,4.3,2.8
