name,latitude,longitude,month,South-facing vertical (tilt=90deg;),South-facing; tilt=latitude,South-facing; tilt=latitude+15deg;,South-facing; tilt=latitude-15deg;,Two-axis sun-tracking,Horizontal (tilt=0deg;)
Kitseguecla,-127.82,55.08,January,1.8,1.8,1.9,1.6,2.0,0.6
Kitseguecla,-127.82,55.08,February,2.8,2.9,3.0,2.7,3.4,1.4
Kitseguecla,-127.82,55.08,March,3.5,4.1,3.9,4.0,5.2,2.9
Kitseguecla,-127.82,55.08,April,3.3,4.6,4.2,4.8,6.7,4.4
Kitseguecla,-127.82,55.08,May,2.9,4.5,3.9,4.9,7.2,5.3
Kitseguecla,-127.82,55.08,June,2.9,4.6,4.0,5.1,7.9,5.7
Kitseguecla,-127.82,55.08,July,2.9,4.7,4.1,5.2,7.7,5.5
Kitseguecla,-127.82,55.08,August,3.3,4.8,4.3,5.0,7.2,4.6
Kitseguecla,-127.82,55.08,September,3.1,4.0,3.8,4.0,5.3,3.1
Kitseguecla,-127.82,55.08,October,2.2,2.5,2.5,2.4,3.0,1.6
Kitseguecla,-127.82,55.08,November,1.7,1.7,1.8,1.5,2.0,0.7
Kitseguecla,-127.82,55.08,December,1.4,1.4,1.4,1.2,1.6,0.4
Kitseguecla,-127.82,55.08,Annual,2.7,3.5,3.2,3.5,4.9,3.0
