name,latitude,longitude,month,South-facing vertical (tilt=90deg;),South-facing; tilt=latitude,South-facing; tilt=latitude+15deg;,South-facing; tilt=latitude-15deg;,Two-axis sun-tracking,Horizontal (tilt=0deg;)
Kitwanga,-128.07,55.10,January,1.8,1.7,1.8,1.5,2.0,0.6
Kitwanga,-128.07,55.10,February,2.8,2.9,2.9,2.6,3.4,1.4
Kitwanga,-128.07,55.10,March,3.4,4.0,3.9,3.9,5.2,2.9
Kitwanga,-128.07,55.10,April,3.3,4.6,4.2,4.8,6.7,4.4
Kitwanga,-128.07,55.10,May,2.9,4.5,3.9,4.9,7.2,5.3
Kitwanga,-128.07,55.10,June,2.9,4.7,4.0,5.2,7.9,5.7
Kitwanga,-128.07,55.10,July,3.0,4.7,4.1,5.2,7.7,5.5
Kitwanga,-128.07,55.10,August,3.3,4.8,4.3,5.0,7.2,4.6
Kitwanga,-128.07,55.10,September,3.1,4.0,3.7,3.9,5.3,3.0
Kitwanga,-128.07,55.10,October,2.1,2.4,2.4,2.3,2.9,1.5
Kitwanga,-128.07,55.10,November,1.7,1.7,1.8,1.5,2.0,0.7
Kitwanga,-128.07,55.10,December,1.4,1.3,1.4,1.2,1.5,0.4
Kitwanga,-128.07,55.10,Annual,2.6,3.4,3.2,3.5,4.9,3.0
