name,latitude,longitude,month,South-facing vertical (tilt=90deg;),South-facing; tilt=latitude,South-facing; tilt=latitude+15deg;,South-facing; tilt=latitude-15deg;,Two-axis sun-tracking,Horizontal (tilt=0deg;)
Lac la Hache,-121.47,51.82,January,2.4,2.3,2.5,2.1,2.7,0.9
Lac la Hache,-121.47,51.82,February,3.2,3.4,3.4,3.1,4.0,1.8
Lac la Hache,-121.47,51.82,March,4.1,4.9,4.8,4.7,6.3,3.3
Lac la Hache,-121.47,51.82,April,3.7,5.2,4.8,5.4,7.4,4.6
Lac la Hache,-121.47,51.82,May,3.1,5.1,4.5,5.5,8.0,5.6
Lac la Hache,-121.47,51.82,June,3.0,5.2,4.5,5.7,8.7,6.1
Lac la Hache,-121.47,51.82,July,3.2,5.4,4.7,5.9,8.9,6.2
Lac la Hache,-121.47,51.82,August,3.4,5.3,4.7,5.5,7.9,5.2
Lac la Hache,-121.47,51.82,September,3.9,5.0,4.7,5.0,6.8,3.7
Lac la Hache,-121.47,51.82,October,3.3,3.7,3.7,3.5,4.6,2.1
Lac la Hache,-121.47,51.82,November,2.3,2.3,2.4,2.1,2.7,1.0
Lac la Hache,-121.47,51.82,December,2.0,1.9,2.0,1.7,2.2,0.7
Lac la Hache,-121.47,51.82,Annual,3.1,4.1,3.9,4.2,5.9,3.4
