name,latitude,longitude,month,South-facing vertical (tilt=90deg;),South-facing; tilt=latitude,South-facing; tilt=latitude+15deg;,South-facing; tilt=latitude-15deg;,Two-axis sun-tracking,Horizontal (tilt=0deg;)
Ladner,-123.08,49.08,January,1.8,1.8,1.9,1.6,2.1,0.9
Ladner,-123.08,49.08,February,2.5,2.7,2.7,2.5,3.2,1.7
Ladner,-123.08,49.08,March,3.1,3.9,3.8,3.8,5.0,2.9
Ladner,-123.08,49.08,April,3.0,4.5,4.2,4.7,6.4,4.3
Ladner,-123.08,49.08,May,2.8,4.8,4.2,5.2,7.4,5.5
Ladner,-123.08,49.08,June,2.7,5.0,4.3,5.5,8.2,6.0
Ladner,-123.08,49.08,July,3.0,5.4,4.7,5.9,8.9,6.3
Ladner,-123.08,49.08,August,3.3,5.3,4.8,5.6,8.1,5.4
Ladner,-123.08,49.08,September,3.8,5.2,4.9,5.1,7.1,3.8
Ladner,-123.08,49.08,October,3.0,3.5,3.5,3.3,4.3,2.2
Ladner,-123.08,49.08,November,1.9,2.0,2.1,1.8,2.3,1.0
Ladner,-123.08,49.08,December,1.7,1.7,1.8,1.5,1.9,0.7
Ladner,-123.08,49.08,Annual,2.7,3.8,3.6,3.9,5.4,3.4
