name,latitude,longitude,month,South-facing vertical (tilt=90deg;),South-facing; tilt=latitude,South-facing; tilt=latitude+15deg;,South-facing; tilt=latitude-15deg;,Two-axis sun-tracking,Horizontal (tilt=0deg;)
Laidlaw,-121.61,49.33,January,1.7,1.7,1.8,1.6,2.0,0.9
Laidlaw,-121.61,49.33,February,2.2,2.4,2.5,2.3,2.9,1.6
Laidlaw,-121.61,49.33,March,2.9,3.6,3.5,3.5,4.6,2.7
Laidlaw,-121.61,49.33,April,2.9,4.3,3.9,4.5,6.0,3.9
Laidlaw,-121.61,49.33,May,2.6,4.5,3.9,4.9,6.9,5.3
Laidlaw,-121.61,49.33,June,2.6,4.8,4.1,5.3,7.8,5.9
Laidlaw,-121.61,49.33,July,2.9,5.3,4.6,5.8,8.6,6.2
Laidlaw,-121.61,49.33,August,3.3,5.3,4.7,5.5,7.9,5.4
Laidlaw,-121.61,49.33,September,3.6,4.9,4.6,4.8,6.6,3.6
Laidlaw,-121.61,49.33,October,2.7,3.2,3.1,3.0,3.9,2.0
Laidlaw,-121.61,49.33,November,1.8,1.9,1.9,1.7,2.2,1.0
Laidlaw,-121.61,49.33,December,1.6,1.6,1.7,1.4,1.9,0.8
Laidlaw,-121.61,49.33,Annual,2.6,3.6,3.4,3.7,5.1,3.3
