name,latitude,longitude,month,South-facing vertical (tilt=90deg;),South-facing; tilt=latitude,South-facing; tilt=latitude+15deg;,South-facing; tilt=latitude-15deg;,Two-axis sun-tracking,Horizontal (tilt=0deg;)
Lake Cowichan,-124.06,48.83,January,1.7,1.7,1.8,1.5,2.0,0.9
Lake Cowichan,-124.06,48.83,February,2.1,2.3,2.4,2.2,2.8,1.5
Lake Cowichan,-124.06,48.83,March,2.8,3.5,3.4,3.4,4.4,2.6
Lake Cowichan,-124.06,48.83,April,2.9,4.4,4.0,4.5,6.1,3.9
Lake Cowichan,-124.06,48.83,May,2.7,4.7,4.1,5.1,7.2,5.4
Lake Cowichan,-124.06,48.83,June,2.7,5.0,4.3,5.5,8.1,5.9
Lake Cowichan,-124.06,48.83,July,2.9,5.3,4.6,5.8,8.7,6.2
Lake Cowichan,-124.06,48.83,August,3.2,5.2,4.7,5.5,7.9,5.3
Lake Cowichan,-124.06,48.83,September,3.9,5.2,4.9,5.1,7.0,3.7
Lake Cowichan,-124.06,48.83,October,2.7,3.2,3.2,3.0,3.9,2.0
Lake Cowichan,-124.06,48.83,November,1.9,1.9,2.0,1.8,2.3,1.0
Lake Cowichan,-124.06,48.83,December,1.6,1.6,1.7,1.4,1.9,0.7
Lake Cowichan,-124.06,48.83,Annual,2.6,3.7,3.4,3.7,5.2,3.3
