name,latitude,longitude,month,South-facing vertical (tilt=90deg;),South-facing; tilt=latitude,South-facing; tilt=latitude+15deg;,South-facing; tilt=latitude-15deg;,Two-axis sun-tracking,Horizontal (tilt=0deg;)
Lake Country,0.00,-119.43,January,1.9,1.9,2.0,1.7,2.2,1.1
Lake Country,0.00,-119.43,February,2.8,3.0,3.1,2.8,3.6,2.0
Lake Country,0.00,-119.43,March,3.7,4.5,4.4,4.4,5.8,3.4
Lake Country,0.00,-119.43,April,3.5,5.1,4.7,5.3,7.3,4.7
Lake Country,0.00,-119.43,May,3.1,5.2,4.5,5.6,7.9,5.7
Lake Country,0.00,-119.43,June,3.0,5.4,4.6,5.9,8.9,6.3
Lake Country,0.00,-119.43,July,3.2,5.7,4.9,6.2,9.3,6.5
Lake Country,0.00,-119.43,August,3.5,5.6,5.0,5.9,8.4,5.5
Lake Country,0.00,-119.43,September,4.0,5.3,5.0,5.2,7.2,3.9
Lake Country,0.00,-119.43,October,3.5,4.0,4.0,3.7,4.9,2.4
Lake Country,0.00,-119.43,November,2.2,2.3,2.3,2.0,2.7,1.2
Lake Country,0.00,-119.43,December,1.6,1.6,1.7,1.4,1.8,0.8
Lake Country,0.00,-119.43,Annual,3.0,4.1,3.8,4.2,5.8,3.6
