name,latitude,longitude,month,South-facing vertical (tilt=90deg;),South-facing; tilt=latitude,South-facing; tilt=latitude+15deg;,South-facing; tilt=latitude-15deg;,Two-axis sun-tracking,Horizontal (tilt=0deg;)
Lakelse Lake,-128.53,54.37,January,1.6,1.5,1.6,1.4,1.8,0.5
Lakelse Lake,-128.53,54.37,February,2.3,2.4,2.4,2.2,2.8,1.2
Lakelse Lake,-128.53,54.37,March,2.9,3.4,3.3,3.4,4.4,2.5
Lakelse Lake,-128.53,54.37,April,3.0,4.2,3.8,4.4,6.0,4.0
Lakelse Lake,-128.53,54.37,May,2.8,4.3,3.8,4.7,6.8,5.2
Lakelse Lake,-128.53,54.37,June,2.7,4.5,3.9,5.0,7.6,5.6
Lakelse Lake,-128.53,54.37,July,2.8,4.6,4.0,5.0,7.4,5.4
Lakelse Lake,-128.53,54.37,August,3.1,4.5,4.0,4.8,6.7,4.5
Lakelse Lake,-128.53,54.37,September,2.9,3.7,3.5,3.7,5.0,2.9
Lakelse Lake,-128.53,54.37,October,1.9,2.1,2.1,2.1,2.6,1.4
Lakelse Lake,-128.53,54.37,November,1.4,1.5,1.5,1.3,1.7,0.7
Lakelse Lake,-128.53,54.37,December,1.3,1.2,1.3,1.1,1.4,0.4
Lakelse Lake,-128.53,54.37,Annual,2.4,3.2,2.9,3.3,4.5,2.9
