name,latitude,longitude,month,South-facing vertical (tilt=90deg;),South-facing; tilt=latitude,South-facing; tilt=latitude+15deg;,South-facing; tilt=latitude-15deg;,Two-axis sun-tracking,Horizontal (tilt=0deg;)
Lakeview Heights,-119.53,49.87,January,1.8,1.8,1.9,1.6,2.1,1.1
Lakeview Heights,-119.53,49.87,February,2.8,3.0,3.0,2.8,3.6,2.0
Lakeview Heights,-119.53,49.87,March,3.7,4.5,4.4,4.4,5.8,3.4
Lakeview Heights,-119.53,49.87,April,3.5,5.1,4.7,5.3,7.3,4.8
Lakeview Heights,-119.53,49.87,May,3.2,5.3,4.6,5.7,8.1,5.8
Lakeview Heights,-119.53,49.87,June,3.0,5.5,4.7,6.0,9.0,6.3
Lakeview Heights,-119.53,49.87,July,3.2,5.8,5.0,6.3,9.5,6.6
Lakeview Heights,-119.53,49.87,August,3.6,5.7,5.1,6.0,8.6,5.6
Lakeview Heights,-119.53,49.87,September,4.1,5.4,5.1,5.3,7.3,4.0
Lakeview Heights,-119.53,49.87,October,3.5,4.0,4.0,3.8,5.0,2.4
Lakeview Heights,-119.53,49.87,November,2.2,2.2,2.3,2.0,2.7,1.2
Lakeview Heights,-119.53,49.87,December,1.6,1.5,1.6,1.4,1.8,0.8
Lakeview Heights,-119.53,49.87,Annual,3.0,4.2,3.9,4.2,5.9,3.7
