name,latitude,longitude,month,South-facing vertical (tilt=90deg;),South-facing; tilt=latitude,South-facing; tilt=latitude+15deg;,South-facing; tilt=latitude-15deg;,Two-axis sun-tracking,Horizontal (tilt=0deg;)
Lang Bay,-124.35,49.78,January,1.7,1.7,1.8,1.6,2.0,0.8
Lang Bay,-124.35,49.78,February,2.3,2.5,2.6,2.4,3.0,1.6
Lang Bay,-124.35,49.78,March,3.1,3.9,3.7,3.8,4.9,2.8
Lang Bay,-124.35,49.78,April,3.1,4.5,4.2,4.7,6.4,4.1
Lang Bay,-124.35,49.78,May,2.8,4.7,4.1,5.0,7.1,5.3
Lang Bay,-124.35,49.78,June,2.7,4.9,4.2,5.4,7.9,5.7
Lang Bay,-124.35,49.78,July,3.0,5.2,4.5,5.7,8.5,6.0
Lang Bay,-124.35,49.78,August,3.2,5.1,4.6,5.4,7.7,5.1
Lang Bay,-124.35,49.78,September,3.7,4.9,4.7,4.9,6.7,3.6
Lang Bay,-124.35,49.78,October,2.8,3.2,3.2,3.0,4.0,2.0
Lang Bay,-124.35,49.78,November,1.9,1.9,2.0,1.7,2.3,1.0
Lang Bay,-124.35,49.78,December,1.6,1.5,1.6,1.3,1.8,0.7
Lang Bay,-124.35,49.78,Annual,2.7,3.7,3.4,3.8,5.2,3.2
