name,latitude,longitude,month,South-facing vertical (tilt=90deg;),South-facing; tilt=latitude,South-facing; tilt=latitude+15deg;,South-facing; tilt=latitude-15deg;,Two-axis sun-tracking,Horizontal (tilt=0deg;)
Langford,-123.50,48.45,January,1.8,1.8,1.9,1.6,2.1,0.9
Langford,-123.50,48.45,February,2.3,2.6,2.6,2.4,3.1,1.7
Langford,-123.50,48.45,March,3.1,3.9,3.8,3.8,5.0,3.0
Langford,-123.50,48.45,April,3.1,4.7,4.3,4.9,6.6,4.4
Langford,-123.50,48.45,May,2.9,5.0,4.4,5.4,7.8,5.7
Langford,-123.50,48.45,June,2.8,5.2,4.5,5.8,8.6,6.1
Langford,-123.50,48.45,July,3.0,5.6,4.8,6.1,9.1,6.4
Langford,-123.50,48.45,August,3.4,5.5,4.9,5.8,8.3,5.5
Langford,-123.50,48.45,September,4.0,5.4,5.2,5.4,7.4,4.0
Langford,-123.50,48.45,October,3.1,3.6,3.6,3.4,4.5,2.2
Langford,-123.50,48.45,November,1.9,2.0,2.1,1.8,2.4,1.1
Langford,-123.50,48.45,December,1.7,1.6,1.7,1.4,1.9,0.7
Langford,-123.50,48.45,Annual,2.8,3.9,3.7,4.0,5.6,3.5
