name,latitude,longitude,month,South-facing vertical (tilt=90deg;),South-facing; tilt=latitude,South-facing; tilt=latitude+15deg;,South-facing; tilt=latitude-15deg;,Two-axis sun-tracking,Horizontal (tilt=0deg;)
Langley,-122.54,49.09,January,1.8,1.8,1.9,1.6,2.1,0.9
Langley,-122.54,49.09,February,2.3,2.5,2.6,2.4,3.0,1.6
Langley,-122.54,49.09,March,2.9,3.6,3.5,3.6,4.7,2.7
Langley,-122.54,49.09,April,2.9,4.3,4.0,4.5,6.1,4.0
Langley,-122.54,49.09,May,2.6,4.5,3.9,4.8,6.9,5.4
Langley,-122.54,49.09,June,2.6,4.8,4.1,5.3,7.9,5.9
Langley,-122.54,49.09,July,2.9,5.3,4.5,5.8,8.6,6.2
Langley,-122.54,49.09,August,3.2,5.1,4.6,5.4,7.7,5.3
Langley,-122.54,49.09,September,3.7,5.0,4.7,4.9,6.8,3.6
Langley,-122.54,49.09,October,2.8,3.3,3.3,3.1,4.1,2.1
Langley,-122.54,49.09,November,1.9,1.9,2.0,1.8,2.3,1.0
Langley,-122.54,49.09,December,1.7,1.7,1.8,1.5,1.9,0.7
Langley,-122.54,49.09,Annual,2.6,3.7,3.4,3.7,5.2,3.3
