name,latitude,longitude,month,South-facing vertical (tilt=90deg;),South-facing; tilt=latitude,South-facing; tilt=latitude+15deg;,South-facing; tilt=latitude-15deg;,Two-axis sun-tracking,Horizontal (tilt=0deg;)
Lantzville,-124.04,49.23,January,1.8,1.8,1.9,1.6,2.1,0.9
Lantzville,-124.04,49.23,February,2.4,2.6,2.6,2.4,3.1,1.7
Lantzville,-124.04,49.23,March,3.1,3.9,3.8,3.8,5.0,2.9
Lantzville,-124.04,49.23,April,3.2,4.7,4.3,4.9,6.6,4.4
Lantzville,-124.04,49.23,May,3.0,5.0,4.4,5.4,7.6,5.5
Lantzville,-124.04,49.23,June,2.8,5.1,4.3,5.6,8.3,5.9
Lantzville,-124.04,49.23,July,3.0,5.4,4.7,6.0,8.9,6.3
Lantzville,-124.04,49.23,August,3.3,5.3,4.8,5.6,8.1,5.3
Lantzville,-124.04,49.23,September,4.0,5.3,5.0,5.2,7.2,3.9
Lantzville,-124.04,49.23,October,3.1,3.5,3.5,3.3,4.4,2.1
Lantzville,-124.04,49.23,November,1.9,2.0,2.1,1.8,2.3,1.0
Lantzville,-124.04,49.23,December,1.6,1.6,1.7,1.4,1.9,0.7
Lantzville,-124.04,49.23,Annual,2.8,3.9,3.6,3.9,5.5,3.4
