name,latitude,longitude,month,South-facing vertical (tilt=90deg;),South-facing; tilt=latitude,South-facing; tilt=latitude+15deg;,South-facing; tilt=latitude-15deg;,Two-axis sun-tracking,Horizontal (tilt=0deg;)
Lax Kw'alaams,-130.43,54.62,January,1.5,1.4,1.5,1.3,1.7,0.5
Lax Kw'alaams,-130.43,54.62,February,2.2,2.3,2.3,2.1,2.7,1.1
Lax Kw'alaams,-130.43,54.62,March,2.6,3.1,3.0,3.1,3.9,2.2
Lax Kw'alaams,-130.43,54.62,April,2.8,3.9,3.5,4.0,5.4,3.5
Lax Kw'alaams,-130.43,54.62,May,2.7,4.1,3.6,4.5,6.2,4.8
Lax Kw'alaams,-130.43,54.62,June,2.6,4.2,3.6,4.6,6.6,5.2
Lax Kw'alaams,-130.43,54.62,July,2.6,4.1,3.6,4.5,6.3,4.9
Lax Kw'alaams,-130.43,54.62,August,2.7,3.9,3.5,4.1,5.5,4.0
Lax Kw'alaams,-130.43,54.62,September,2.6,3.3,3.1,3.4,4.3,2.5
Lax Kw'alaams,-130.43,54.62,October,1.9,2.1,2.1,2.0,2.5,1.4
Lax Kw'alaams,-130.43,54.62,November,1.4,1.5,1.5,1.3,1.7,0.7
Lax Kw'alaams,-130.43,54.62,December,1.2,1.1,1.2,1.0,1.3,0.4
Lax Kw'alaams,-130.43,54.62,Annual,2.2,2.9,2.7,3.0,4.0,2.6
