name,latitude,longitude,month,South-facing vertical (tilt=90deg;),South-facing; tilt=latitude,South-facing; tilt=latitude+15deg;,South-facing; tilt=latitude-15deg;,Two-axis sun-tracking,Horizontal (tilt=0deg;)
Laxgalts'ap,-129.58,55.03,January,1.6,1.5,1.6,1.3,1.7,0.5
Laxgalts'ap,-129.58,55.03,February,2.3,2.4,2.5,2.3,2.9,1.1
Laxgalts'ap,-129.58,55.03,March,2.9,3.5,3.3,3.4,4.4,2.4
Laxgalts'ap,-129.58,55.03,April,3.0,4.1,3.7,4.3,5.9,3.9
Laxgalts'ap,-129.58,55.03,May,2.8,4.3,3.8,4.7,6.7,5.0
Laxgalts'ap,-129.58,55.03,June,2.7,4.4,3.8,4.9,7.2,5.4
Laxgalts'ap,-129.58,55.03,July,2.7,4.4,3.8,4.8,6.9,5.2
Laxgalts'ap,-129.58,55.03,August,2.9,4.2,3.8,4.5,6.2,4.2
Laxgalts'ap,-129.58,55.03,September,2.7,3.4,3.2,3.4,4.5,2.6
Laxgalts'ap,-129.58,55.03,October,1.8,2.0,2.0,2.0,2.4,1.3
Laxgalts'ap,-129.58,55.03,November,1.4,1.4,1.5,1.3,1.7,0.7
Laxgalts'ap,-129.58,55.03,December,1.2,1.2,1.2,1.0,1.3,0.4
Laxgalts'ap,-129.58,55.03,Annual,2.3,3.1,2.8,3.2,4.3,2.7
