name,latitude,longitude,month,South-facing vertical (tilt=90deg;),South-facing; tilt=latitude,South-facing; tilt=latitude+15deg;,South-facing; tilt=latitude-15deg;,Two-axis sun-tracking,Horizontal (tilt=0deg;)
Lazo,-124.93,49.72,January,1.7,1.7,1.8,1.5,2.0,0.8
Lazo,-124.93,49.72,February,2.3,2.5,2.5,2.3,3.0,1.6
Lazo,-124.93,49.72,March,3.1,3.8,3.7,3.7,4.9,2.7
Lazo,-124.93,49.72,April,3.2,4.6,4.3,4.8,6.5,4.2
Lazo,-124.93,49.72,May,3.0,4.9,4.3,5.3,7.5,5.4
Lazo,-124.93,49.72,June,2.8,5.1,4.3,5.6,8.2,5.8
Lazo,-124.93,49.72,July,3.0,5.3,4.6,5.8,8.6,6.1
Lazo,-124.93,49.72,August,3.3,5.2,4.6,5.4,7.8,5.2
Lazo,-124.93,49.72,September,3.9,5.1,4.9,5.1,6.9,3.8
Lazo,-124.93,49.72,October,2.9,3.3,3.3,3.1,4.0,2.0
Lazo,-124.93,49.72,November,1.9,1.9,2.0,1.7,2.3,1.0
Lazo,-124.93,49.72,December,1.5,1.5,1.6,1.3,1.8,0.7
Lazo,-124.93,49.72,Annual,2.7,3.8,3.5,3.8,5.3,3.3
