name,latitude,longitude,month,South-facing vertical (tilt=90deg;),South-facing; tilt=latitude,South-facing; tilt=latitude+15deg;,South-facing; tilt=latitude-15deg;,Two-axis sun-tracking,Horizontal (tilt=0deg;)
Likely,-121.55,52.61,January,2.4,2.3,2.4,2.0,2.6,0.8
Likely,-121.55,52.61,February,3.2,3.3,3.4,3.1,3.9,1.7
Likely,-121.55,52.61,March,4.1,4.8,4.7,4.7,6.1,3.1
Likely,-121.55,52.61,April,3.7,5.2,4.8,5.3,7.4,4.5
Likely,-121.55,52.61,May,3.1,5.0,4.3,5.4,7.8,5.5
Likely,-121.55,52.61,June,3.0,5.1,4.4,5.6,8.5,5.9
Likely,-121.55,52.61,July,3.2,5.4,4.6,5.9,8.8,6.1
Likely,-121.55,52.61,August,3.4,5.1,4.6,5.4,7.7,5.0
Likely,-121.55,52.61,September,3.7,4.7,4.5,4.7,6.4,3.5
Likely,-121.55,52.61,October,3.1,3.4,3.4,3.3,4.2,1.9
Likely,-121.55,52.61,November,2.3,2.3,2.4,2.0,2.7,0.9
Likely,-121.55,52.61,December,2.0,1.9,2.0,1.6,2.2,0.6
Likely,-121.55,52.61,Annual,3.1,4.0,3.8,4.1,5.7,3.3
