name,latitude,longitude,month,South-facing vertical (tilt=90deg;),South-facing; tilt=latitude,South-facing; tilt=latitude+15deg;,South-facing; tilt=latitude-15deg;,Two-axis sun-tracking,Horizontal (tilt=0deg;)
Lillooet,-121.93,50.68,January,2.2,2.1,2.3,1.9,2.5,0.9
Lillooet,-121.93,50.68,February,3.1,3.2,3.3,3.0,3.9,1.9
Lillooet,-121.93,50.68,March,3.9,4.7,4.6,4.6,6.0,3.3
Lillooet,-121.93,50.68,April,3.5,5.1,4.7,5.3,7.3,4.7
Lillooet,-121.93,50.68,May,3.1,5.2,4.5,5.6,8.1,5.7
Lillooet,-121.93,50.68,June,3.0,5.3,4.5,5.9,8.9,6.2
Lillooet,-121.93,50.68,July,3.2,5.6,4.8,6.1,9.3,6.4
Lillooet,-121.93,50.68,August,3.6,5.6,5.0,5.9,8.4,5.4
Lillooet,-121.93,50.68,September,4.0,5.2,4.9,5.2,7.1,3.9
Lillooet,-121.93,50.68,October,3.4,3.8,3.8,3.6,4.7,2.2
Lillooet,-121.93,50.68,November,2.2,2.2,2.3,2.0,2.6,1.1
Lillooet,-121.93,50.68,December,1.9,1.8,1.9,1.6,2.1,0.7
Lillooet,-121.93,50.68,Annual,3.1,4.2,3.9,4.2,5.9,3.5
