name,latitude,longitude,month,South-facing vertical (tilt=90deg;),South-facing; tilt=latitude,South-facing; tilt=latitude+15deg;,South-facing; tilt=latitude-15deg;,Two-axis sun-tracking,Horizontal (tilt=0deg;)
Lions Bay,-123.23,49.46,January,1.7,1.7,1.8,1.5,2.0,0.8
Lions Bay,-123.23,49.46,February,2.2,2.4,2.4,2.2,2.8,1.5
Lions Bay,-123.23,49.46,March,2.8,3.5,3.4,3.4,4.5,2.5
Lions Bay,-123.23,49.46,April,2.8,4.2,3.8,4.3,5.8,3.7
Lions Bay,-123.23,49.46,May,2.6,4.3,3.8,4.7,6.6,5.1
Lions Bay,-123.23,49.46,June,2.5,4.7,4.0,5.1,7.5,5.7
Lions Bay,-123.23,49.46,July,2.8,5.1,4.4,5.6,8.3,6.0
Lions Bay,-123.23,49.46,August,3.1,4.9,4.4,5.2,7.4,5.1
Lions Bay,-123.23,49.46,September,3.5,4.8,4.5,4.7,6.5,3.4
Lions Bay,-123.23,49.46,October,2.6,3.0,3.0,2.8,3.7,1.9
Lions Bay,-123.23,49.46,November,1.8,1.9,1.9,1.7,2.2,1.0
Lions Bay,-123.23,49.46,December,1.6,1.6,1.7,1.4,1.9,0.7
Lions Bay,-123.23,49.46,Annual,2.5,3.5,3.3,3.6,4.9,3.1
