name,latitude,longitude,month,South-facing vertical (tilt=90deg;),South-facing; tilt=latitude,South-facing; tilt=latitude+15deg;,South-facing; tilt=latitude-15deg;,Two-axis sun-tracking,Horizontal (tilt=0deg;)
Little Fort,-120.21,51.43,January,2.3,2.2,2.3,1.9,2.5,1.0
Little Fort,-120.21,51.43,February,3.1,3.3,3.4,3.0,3.9,1.9
Little Fort,-120.21,51.43,March,4.0,4.8,4.7,4.7,6.1,3.3
Little Fort,-120.21,51.43,April,3.7,5.3,4.8,5.4,7.5,4.7
Little Fort,-120.21,51.43,May,3.2,5.2,4.5,5.6,8.1,5.7
Little Fort,-120.21,51.43,June,3.0,5.3,4.5,5.8,8.8,6.2
Little Fort,-120.21,51.43,July,3.2,5.5,4.8,6.1,9.2,6.3
Little Fort,-120.21,51.43,August,3.5,5.4,4.8,5.7,8.1,5.3
Little Fort,-120.21,51.43,September,3.9,5.1,4.8,5.0,6.9,3.7
Little Fort,-120.21,51.43,October,3.4,3.8,3.8,3.6,4.7,2.2
Little Fort,-120.21,51.43,November,2.3,2.3,2.4,2.1,2.8,1.1
Little Fort,-120.21,51.43,December,1.9,1.8,1.9,1.6,2.1,0.7
Little Fort,-120.21,51.43,Annual,3.1,4.2,3.9,4.2,5.9,3.5
