name,latitude,longitude,month,South-facing vertical (tilt=90deg;),South-facing; tilt=latitude,South-facing; tilt=latitude+15deg;,South-facing; tilt=latitude-15deg;,Two-axis sun-tracking,Horizontal (tilt=0deg;)
Logan Lake,-120.83,50.49,January,2.1,2.1,2.2,1.9,2.4,1.0
Logan Lake,-120.83,50.49,February,3.0,3.2,3.2,2.9,3.8,1.9
Logan Lake,-120.83,50.49,March,3.9,4.7,4.6,4.6,6.0,3.4
Logan Lake,-120.83,50.49,April,3.6,5.2,4.7,5.3,7.3,4.7
Logan Lake,-120.83,50.49,May,3.1,5.2,4.5,5.6,8.0,5.7
Logan Lake,-120.83,50.49,June,2.9,5.3,4.5,5.8,8.7,6.2
Logan Lake,-120.83,50.49,July,3.2,5.6,4.8,6.1,9.2,6.4
Logan Lake,-120.83,50.49,August,3.6,5.6,5.0,5.8,8.4,5.4
Logan Lake,-120.83,50.49,September,4.0,5.2,5.0,5.2,7.1,3.9
Logan Lake,-120.83,50.49,October,3.5,3.9,3.9,3.7,4.9,2.3
Logan Lake,-120.83,50.49,November,2.2,2.3,2.4,2.1,2.7,1.1
Logan Lake,-120.83,50.49,December,1.8,1.8,1.9,1.5,2.0,0.7
Logan Lake,-120.83,50.49,Annual,3.1,4.2,3.9,4.2,5.9,3.6
