name,latitude,longitude,month,South-facing vertical (tilt=90deg;),South-facing; tilt=latitude,South-facing; tilt=latitude+15deg;,South-facing; tilt=latitude-15deg;,Two-axis sun-tracking,Horizontal (tilt=0deg;)
Lone Butte,-121.16,51.55,January,2.3,2.3,2.4,2.0,2.6,0.9
Lone Butte,-121.16,51.55,February,3.1,3.3,3.4,3.1,3.9,1.8
Lone Butte,-121.16,51.55,March,4.0,4.8,4.7,4.6,6.1,3.3
Lone Butte,-121.16,51.55,April,3.6,5.1,4.7,5.3,7.3,4.6
Lone Butte,-121.16,51.55,May,3.1,5.0,4.4,5.4,7.9,5.6
Lone Butte,-121.16,51.55,June,2.9,5.1,4.4,5.7,8.5,6.0
Lone Butte,-121.16,51.55,July,3.1,5.3,4.6,5.8,8.8,6.2
Lone Butte,-121.16,51.55,August,3.4,5.3,4.7,5.5,7.9,5.2
Lone Butte,-121.16,51.55,September,3.8,5.0,4.7,4.9,6.7,3.7
Lone Butte,-121.16,51.55,October,3.3,3.7,3.7,3.5,4.6,2.1
Lone Butte,-121.16,51.55,November,2.3,2.3,2.4,2.1,2.7,1.0
Lone Butte,-121.16,51.55,December,2.0,1.9,2.0,1.6,2.2,0.7
Lone Butte,-121.16,51.55,Annual,3.1,4.1,3.8,4.1,5.8,3.4
