name,latitude,longitude,month,South-facing vertical (tilt=90deg;),South-facing; tilt=latitude,South-facing; tilt=latitude+15deg;,South-facing; tilt=latitude-15deg;,Two-axis sun-tracking,Horizontal (tilt=0deg;)
Lower Post,-128.50,59.93,January,1.5,1.4,1.5,1.2,1.6,0.4
Lower Post,-128.50,59.93,February,3.0,3.0,3.1,2.8,3.6,1.1
Lower Post,-128.50,59.93,March,4.0,4.5,4.4,4.3,5.7,2.6
Lower Post,-128.50,59.93,April,4.0,5.2,4.7,5.4,7.6,4.4
Lower Post,-128.50,59.93,May,3.4,4.9,4.2,5.4,8.0,5.4
Lower Post,-128.50,59.93,June,3.4,5.1,4.3,5.6,8.7,5.8
Lower Post,-128.50,59.93,July,3.3,4.7,4.1,5.2,7.8,5.4
Lower Post,-128.50,59.93,August,3.5,4.7,4.2,5.0,7.1,4.2
Lower Post,-128.50,59.93,September,3.1,3.7,3.5,3.8,4.9,2.6
Lower Post,-128.50,59.93,October,2.0,2.2,2.2,2.1,2.7,1.2
Lower Post,-128.50,59.93,November,1.5,1.5,1.6,1.3,1.7,0.5
Lower Post,-128.50,59.93,December,0.9,0.8,0.9,0.7,1.0,0.2
Lower Post,-128.50,59.93,Annual,2.8,3.5,3.2,3.6,5.0,2.8
