name,latitude,longitude,month,South-facing vertical (tilt=90deg;),South-facing; tilt=latitude,South-facing; tilt=latitude+15deg;,South-facing; tilt=latitude-15deg;,Two-axis sun-tracking,Horizontal (tilt=0deg;)
Lumby,-118.96,50.25,January,1.9,1.9,2.0,1.7,2.2,1.1
Lumby,-118.96,50.25,February,2.8,3.0,3.1,2.8,3.6,2.0
Lumby,-118.96,50.25,March,3.7,4.5,4.4,4.4,5.8,3.4
Lumby,-118.96,50.25,April,3.5,5.2,4.7,5.3,7.3,4.7
Lumby,-118.96,50.25,May,3.0,5.1,4.4,5.4,7.8,5.7
Lumby,-118.96,50.25,June,3.0,5.3,4.5,5.9,8.8,6.2
Lumby,-118.96,50.25,July,3.2,5.6,4.8,6.2,9.3,6.5
Lumby,-118.96,50.25,August,3.5,5.5,4.9,5.8,8.4,5.5
Lumby,-118.96,50.25,September,3.9,5.2,4.9,5.2,7.1,3.9
Lumby,-118.96,50.25,October,3.4,3.9,3.9,3.7,4.9,2.3
Lumby,-118.96,50.25,November,2.2,2.3,2.4,2.1,2.7,1.2
Lumby,-118.96,50.25,December,1.6,1.6,1.6,1.4,1.8,0.8
Lumby,-118.96,50.25,Annual,3.0,4.1,3.8,4.2,5.8,3.6
