name,latitude,longitude,month,South-facing vertical (tilt=90deg;),South-facing; tilt=latitude,South-facing; tilt=latitude+15deg;,South-facing; tilt=latitude-15deg;,Two-axis sun-tracking,Horizontal (tilt=0deg;)
Lund,-124.74,49.97,January,1.7,1.7,1.8,1.6,2.0,0.8
Lund,-124.74,49.97,February,2.3,2.6,2.6,2.4,3.0,1.6
Lund,-124.74,49.97,March,3.2,3.9,3.8,3.8,5.0,2.8
Lund,-124.74,49.97,April,3.2,4.6,4.2,4.8,6.5,4.2
Lund,-124.74,49.97,May,2.9,4.8,4.2,5.2,7.3,5.4
Lund,-124.74,49.97,June,2.8,5.0,4.3,5.5,8.0,5.8
Lund,-124.74,49.97,July,3.0,5.2,4.5,5.7,8.5,6.0
Lund,-124.74,49.97,August,3.2,5.1,4.5,5.3,7.6,5.1
Lund,-124.74,49.97,September,3.8,5.0,4.7,4.9,6.7,3.7
Lund,-124.74,49.97,October,2.8,3.2,3.2,3.0,3.9,2.0
Lund,-124.74,49.97,November,1.9,1.9,2.0,1.7,2.3,0.9
Lund,-124.74,49.97,December,1.5,1.5,1.6,1.3,1.8,0.6
Lund,-124.74,49.97,Annual,2.7,3.7,3.5,3.8,5.2,3.2
