name,latitude,longitude,month,South-facing vertical (tilt=90deg;),South-facing; tilt=latitude,South-facing; tilt=latitude+15deg;,South-facing; tilt=latitude-15deg;,Two-axis sun-tracking,Horizontal (tilt=0deg;)
Lytton,-121.57,50.23,January,2.0,2.0,2.1,1.8,2.3,0.9
Lytton,-121.57,50.23,February,2.8,3.0,3.1,2.8,3.6,1.9
Lytton,-121.57,50.23,March,3.7,4.5,4.4,4.4,5.7,3.2
Lytton,-121.57,50.23,April,3.4,5.0,4.6,5.2,7.2,4.7
Lytton,-121.57,50.23,May,3.1,5.2,4.5,5.6,8.0,5.7
Lytton,-121.57,50.23,June,3.0,5.3,4.5,5.9,8.9,6.2
Lytton,-121.57,50.23,July,3.2,5.7,4.9,6.2,9.3,6.5
Lytton,-121.57,50.23,August,3.6,5.6,5.0,5.9,8.5,5.5
Lytton,-121.57,50.23,September,4.0,5.2,5.0,5.2,7.1,3.9
Lytton,-121.57,50.23,October,3.3,3.7,3.7,3.5,4.6,2.2
Lytton,-121.57,50.23,November,2.1,2.1,2.2,1.9,2.5,1.1
Lytton,-121.57,50.23,December,1.8,1.8,1.9,1.5,2.0,0.7
Lytton,-121.57,50.23,Annual,3.0,4.1,3.8,4.2,5.8,3.6
