name,latitude,longitude,month,South-facing vertical (tilt=90deg;),South-facing; tilt=latitude,South-facing; tilt=latitude+15deg;,South-facing; tilt=latitude-15deg;,Two-axis sun-tracking,Horizontal (tilt=0deg;)
Mackenzie,-123.10,55.32,January,2.1,2.0,2.2,1.8,2.4,0.6
Mackenzie,-123.10,55.32,February,3.0,3.1,3.2,2.9,3.7,1.4
Mackenzie,-123.10,55.32,March,4.0,4.5,4.4,4.4,5.8,2.8
Mackenzie,-123.10,55.32,April,3.9,5.2,4.8,5.4,7.6,4.4
Mackenzie,-123.10,55.32,May,3.2,4.9,4.2,5.3,7.7,5.4
Mackenzie,-123.10,55.32,June,3.3,5.2,4.4,5.7,8.8,5.9
Mackenzie,-123.10,55.32,July,3.3,5.2,4.5,5.7,8.5,5.8
Mackenzie,-123.10,55.32,August,3.5,5.0,4.5,5.3,7.6,4.8
Mackenzie,-123.10,55.32,September,3.4,4.3,4.0,4.3,5.7,3.1
Mackenzie,-123.10,55.32,October,2.6,2.9,2.9,2.8,3.5,1.6
Mackenzie,-123.10,55.32,November,2.1,2.1,2.2,1.9,2.4,0.8
Mackenzie,-123.10,55.32,December,1.7,1.6,1.7,1.4,1.8,0.5
Mackenzie,-123.10,55.32,Annual,3.0,3.8,3.6,3.9,5.5,3.1
