name,latitude,longitude,month,South-facing vertical (tilt=90deg;),South-facing; tilt=latitude,South-facing; tilt=latitude+15deg;,South-facing; tilt=latitude-15deg;,Two-axis sun-tracking,Horizontal (tilt=0deg;)
Malakwa,-118.78,50.94,January,2.0,2.0,2.0,1.7,2.3,1.0
Malakwa,-118.78,50.94,February,2.8,3.0,3.1,2.8,3.6,1.8
Malakwa,-118.78,50.94,March,3.7,4.5,4.4,4.3,5.7,3.2
Malakwa,-118.78,50.94,April,3.6,5.1,4.7,5.3,7.3,4.6
Malakwa,-118.78,50.94,May,3.0,4.9,4.3,5.3,7.6,5.6
Malakwa,-118.78,50.94,June,2.9,5.2,4.4,5.7,8.6,6.1
Malakwa,-118.78,50.94,July,3.1,5.4,4.7,5.9,9.0,6.3
Malakwa,-118.78,50.94,August,3.4,5.3,4.7,5.5,7.9,5.3
Malakwa,-118.78,50.94,September,3.8,5.0,4.7,5.0,6.8,3.6
Malakwa,-118.78,50.94,October,3.3,3.7,3.7,3.5,4.6,2.2
Malakwa,-118.78,50.94,November,2.3,2.3,2.4,2.0,2.7,1.1
Malakwa,-118.78,50.94,December,1.7,1.6,1.7,1.4,1.9,0.8
Malakwa,-118.78,50.94,Annual,3.0,4.0,3.7,4.1,5.7,3.5
