name,latitude,longitude,month,South-facing vertical (tilt=90deg;),South-facing; tilt=latitude,South-facing; tilt=latitude+15deg;,South-facing; tilt=latitude-15deg;,Two-axis sun-tracking,Horizontal (tilt=0deg;)
Mansons Landing,-124.99,50.05,January,1.7,1.7,1.8,1.5,2.0,0.8
Mansons Landing,-124.99,50.05,February,2.3,2.5,2.5,2.3,3.0,1.6
Mansons Landing,-124.99,50.05,March,3.1,3.9,3.7,3.8,4.9,2.7
Mansons Landing,-124.99,50.05,April,3.2,4.6,4.2,4.8,6.5,4.1
Mansons Landing,-124.99,50.05,May,2.9,4.8,4.2,5.2,7.3,5.4
Mansons Landing,-124.99,50.05,June,2.8,5.0,4.3,5.5,8.0,5.7
Mansons Landing,-124.99,50.05,July,3.0,5.2,4.5,5.7,8.4,6.0
Mansons Landing,-124.99,50.05,August,3.2,5.0,4.5,5.3,7.5,5.1
Mansons Landing,-124.99,50.05,September,3.7,4.9,4.7,4.9,6.6,3.6
Mansons Landing,-124.99,50.05,October,2.7,3.1,3.1,3.0,3.9,1.9
Mansons Landing,-124.99,50.05,November,1.9,1.9,2.0,1.7,2.2,0.9
Mansons Landing,-124.99,50.05,December,1.5,1.5,1.6,1.3,1.7,0.6
Mansons Landing,-124.99,50.05,Annual,2.7,3.7,3.4,3.8,5.2,3.2
