name,latitude,longitude,month,South-facing vertical (tilt=90deg;),South-facing; tilt=latitude,South-facing; tilt=latitude+15deg;,South-facing; tilt=latitude-15deg;,Two-axis sun-tracking,Horizontal (tilt=0deg;)
Maple Ridge,-122.59,49.22,January,1.8,1.8,1.9,1.6,2.1,0.9
Maple Ridge,-122.59,49.22,February,2.2,2.5,2.5,2.3,2.9,1.6
Maple Ridge,-122.59,49.22,March,2.8,3.6,3.4,3.5,4.5,2.6
Maple Ridge,-122.59,49.22,April,2.8,4.2,3.9,4.4,5.9,3.8
Maple Ridge,-122.59,49.22,May,2.5,4.4,3.8,4.7,6.7,5.3
Maple Ridge,-122.59,49.22,June,2.5,4.7,4.0,5.2,7.7,5.8
Maple Ridge,-122.59,49.22,July,2.8,5.2,4.5,5.7,8.4,6.1
Maple Ridge,-122.59,49.22,August,3.1,5.0,4.5,5.3,7.5,5.2
Maple Ridge,-122.59,49.22,September,3.6,4.9,4.6,4.8,6.6,3.5
Maple Ridge,-122.59,49.22,October,2.7,3.2,3.2,3.0,3.9,2.0
Maple Ridge,-122.59,49.22,November,1.8,1.9,2.0,1.7,2.2,1.0
Maple Ridge,-122.59,49.22,December,1.7,1.6,1.7,1.4,1.9,0.7
Maple Ridge,-122.59,49.22,Annual,2.5,3.6,3.3,3.6,5.0,3.2
