name,latitude,longitude,month,South-facing vertical (tilt=90deg;),South-facing; tilt=latitude,South-facing; tilt=latitude+15deg;,South-facing; tilt=latitude-15deg;,Two-axis sun-tracking,Horizontal (tilt=0deg;)
Mara,-119.05,50.68,January,2.0,1.9,2.0,1.7,2.3,1.0
Mara,-119.05,50.68,February,2.9,3.1,3.1,2.8,3.6,1.9
Mara,-119.05,50.68,March,3.7,4.5,4.4,4.4,5.8,3.3
Mara,-119.05,50.68,April,3.6,5.2,4.8,5.3,7.4,4.7
Mara,-119.05,50.68,May,3.0,5.1,4.4,5.4,7.8,5.7
Mara,-119.05,50.68,June,3.0,5.3,4.5,5.9,8.8,6.2
Mara,-119.05,50.68,July,3.2,5.6,4.8,6.1,9.3,6.4
Mara,-119.05,50.68,August,3.5,5.4,4.9,5.7,8.2,5.4
Mara,-119.05,50.68,September,3.9,5.1,4.9,5.1,7.0,3.8
Mara,-119.05,50.68,October,3.4,3.8,3.8,3.6,4.8,2.2
Mara,-119.05,50.68,November,2.3,2.3,2.4,2.1,2.7,1.1
Mara,-119.05,50.68,December,1.7,1.6,1.7,1.4,1.9,0.8
Mara,-119.05,50.68,Annual,3.0,4.1,3.8,4.1,5.8,3.6
