name,latitude,longitude,month,South-facing vertical (tilt=90deg;),South-facing; tilt=latitude,South-facing; tilt=latitude+15deg;,South-facing; tilt=latitude-15deg;,Two-axis sun-tracking,Horizontal (tilt=0deg;)
Masset,-132.13,54.02,January,1.4,1.4,1.4,1.2,1.6,0.6
Masset,-132.13,54.02,February,2.3,2.4,2.4,2.3,2.8,1.3
Masset,-132.13,54.02,March,2.9,3.5,3.3,3.4,4.3,2.5
Masset,-132.13,54.02,April,3.1,4.3,3.9,4.5,5.9,3.9
Masset,-132.13,54.02,May,3.0,4.7,4.1,5.1,6.8,5.0
Masset,-132.13,54.02,June,2.8,4.6,3.9,5.0,6.9,5.3
Masset,-132.13,54.02,July,2.8,4.4,3.8,4.8,6.6,5.1
Masset,-132.13,54.02,August,3.0,4.4,3.9,4.7,6.3,4.3
Masset,-132.13,54.02,September,2.9,3.8,3.6,3.8,4.9,2.8
Masset,-132.13,54.02,October,2.0,2.3,2.3,2.3,2.7,1.5
Masset,-132.13,54.02,November,1.6,1.6,1.7,1.5,1.8,0.7
Masset,-132.13,54.02,December,1.1,1.1,1.1,0.9,1.2,0.4
Masset,-132.13,54.02,Annual,2.4,3.2,3.0,3.3,4.3,2.8
