name,latitude,longitude,month,South-facing vertical (tilt=90deg;),South-facing; tilt=latitude,South-facing; tilt=latitude+15deg;,South-facing; tilt=latitude-15deg;,Two-axis sun-tracking,Horizontal (tilt=0deg;)
Mayne,-123.30,48.85,January,1.8,1.8,1.9,1.6,2.2,0.9
Mayne,-123.30,48.85,February,2.5,2.8,2.8,2.6,3.3,1.8
Mayne,-123.30,48.85,March,3.2,4.0,3.9,3.9,5.2,3.1
Mayne,-123.30,48.85,April,3.1,4.7,4.3,4.9,6.6,4.5
Mayne,-123.30,48.85,May,2.9,5.0,4.3,5.4,7.7,5.6
Mayne,-123.30,48.85,June,2.8,5.2,4.4,5.7,8.5,6.0
Mayne,-123.30,48.85,July,3.0,5.5,4.8,6.1,9.1,6.4
Mayne,-123.30,48.85,August,3.4,5.4,4.9,5.7,8.3,5.4
Mayne,-123.30,48.85,September,4.0,5.4,5.1,5.3,7.4,4.0
Mayne,-123.30,48.85,October,3.2,3.6,3.6,3.4,4.5,2.3
Mayne,-123.30,48.85,November,2.0,2.0,2.1,1.9,2.4,1.1
Mayne,-123.30,48.85,December,1.7,1.7,1.8,1.5,2.0,0.7
Mayne,-123.30,48.85,Annual,2.8,3.9,3.7,4.0,5.6,3.5
