name,latitude,longitude,month,South-facing vertical (tilt=90deg;),South-facing; tilt=latitude,South-facing; tilt=latitude+15deg;,South-facing; tilt=latitude-15deg;,Two-axis sun-tracking,Horizontal (tilt=0deg;)
McBride,-120.19,53.32,January,2.5,2.4,2.5,2.1,2.7,0.8
McBride,-120.19,53.32,February,3.4,3.5,3.6,3.2,4.2,1.7
McBride,-120.19,53.32,March,4.2,4.9,4.8,4.7,6.2,3.1
McBride,-120.19,53.32,April,3.9,5.4,4.9,5.5,7.7,4.5
McBride,-120.19,53.32,May,3.2,5.1,4.5,5.5,8.2,5.6
McBride,-120.19,53.32,June,3.2,5.3,4.5,5.9,9.0,6.0
McBride,-120.19,53.32,July,3.3,5.4,4.6,5.9,8.9,6.1
McBride,-120.19,53.32,August,3.5,5.1,4.6,5.4,7.8,5.0
McBride,-120.19,53.32,September,3.6,4.5,4.3,4.5,6.1,3.3
McBride,-120.19,53.32,October,3.1,3.5,3.5,3.3,4.2,1.9
McBride,-120.19,53.32,November,2.5,2.5,2.6,2.2,2.9,0.9
McBride,-120.19,53.32,December,2.1,2.0,2.1,1.7,2.3,0.6
McBride,-120.19,53.32,Annual,3.2,4.1,3.9,4.2,5.9,3.3
