name,latitude,longitude,month,South-facing vertical (tilt=90deg;),South-facing; tilt=latitude,South-facing; tilt=latitude+15deg;,South-facing; tilt=latitude-15deg;,Two-axis sun-tracking,Horizontal (tilt=0deg;)
McLeod Lake,-123.03,54.98,January,2.1,2.0,2.1,1.8,2.4,0.6
McLeod Lake,-123.03,54.98,February,3.0,3.1,3.1,2.8,3.6,1.4
McLeod Lake,-123.03,54.98,March,3.9,4.5,4.4,4.3,5.7,2.8
McLeod Lake,-123.03,54.98,April,3.8,5.2,4.8,5.4,7.6,4.4
McLeod Lake,-123.03,54.98,May,3.2,4.9,4.2,5.3,7.6,5.4
McLeod Lake,-123.03,54.98,June,3.2,5.2,4.4,5.7,8.7,5.9
McLeod Lake,-123.03,54.98,July,3.3,5.2,4.5,5.7,8.6,5.8
McLeod Lake,-123.03,54.98,August,3.5,5.1,4.6,5.4,7.7,4.8
McLeod Lake,-123.03,54.98,September,3.4,4.3,4.1,4.3,5.7,3.2
McLeod Lake,-123.03,54.98,October,2.6,2.9,2.9,2.7,3.5,1.6
McLeod Lake,-123.03,54.98,November,2.1,2.1,2.2,1.9,2.4,0.8
McLeod Lake,-123.03,54.98,December,1.7,1.6,1.7,1.4,1.8,0.5
McLeod Lake,-123.03,54.98,Annual,3.0,3.8,3.6,3.9,5.5,3.1
