name,latitude,longitude,month,South-facing vertical (tilt=90deg;),South-facing; tilt=latitude,South-facing; tilt=latitude+15deg;,South-facing; tilt=latitude-15deg;,Two-axis sun-tracking,Horizontal (tilt=0deg;)
McLure,-120.23,51.05,January,2.2,2.1,2.3,1.9,2.5,1.0
McLure,-120.23,51.05,February,3.1,3.3,3.3,3.0,3.9,1.9
McLure,-120.23,51.05,March,4.0,4.8,4.6,4.6,6.1,3.3
McLure,-120.23,51.05,April,3.7,5.2,4.8,5.4,7.5,4.7
McLure,-120.23,51.05,May,3.2,5.2,4.5,5.6,8.1,5.7
McLure,-120.23,51.05,June,3.0,5.4,4.6,5.9,8.9,6.2
McLure,-120.23,51.05,July,3.2,5.6,4.8,6.1,9.3,6.4
McLure,-120.23,51.05,August,3.6,5.5,4.9,5.8,8.3,5.4
McLure,-120.23,51.05,September,4.0,5.2,4.9,5.1,7.0,3.8
McLure,-120.23,51.05,October,3.4,3.9,3.9,3.6,4.8,2.2
McLure,-120.23,51.05,November,2.3,2.3,2.4,2.1,2.7,1.1
McLure,-120.23,51.05,December,1.8,1.8,1.9,1.6,2.1,0.7
McLure,-120.23,51.05,Annual,3.1,4.2,3.9,4.2,5.9,3.5
