name,latitude,longitude,month,South-facing vertical (tilt=90deg;),South-facing; tilt=latitude,South-facing; tilt=latitude+15deg;,South-facing; tilt=latitude-15deg;,Two-axis sun-tracking,Horizontal (tilt=0deg;)
Merritt,-120.79,50.11,January,2.0,2.0,2.1,1.8,2.3,1.0
Merritt,-120.79,50.11,February,2.9,3.1,3.2,2.9,3.7,2.0
Merritt,-120.79,50.11,March,3.8,4.6,4.5,4.5,5.9,3.4
Merritt,-120.79,50.11,April,3.5,5.1,4.7,5.3,7.3,4.8
Merritt,-120.79,50.11,May,3.1,5.3,4.6,5.7,8.1,5.8
Merritt,-120.79,50.11,June,3.0,5.4,4.6,5.9,8.9,6.2
Merritt,-120.79,50.11,July,3.2,5.7,4.9,6.2,9.4,6.5
Merritt,-120.79,50.11,August,3.6,5.7,5.1,6.0,8.6,5.5
Merritt,-120.79,50.11,September,4.0,5.3,5.1,5.3,7.3,4.0
Merritt,-120.79,50.11,October,3.5,3.9,4.0,3.7,4.9,2.3
Merritt,-120.79,50.11,November,2.2,2.2,2.3,2.0,2.7,1.1
Merritt,-120.79,50.11,December,1.8,1.7,1.8,1.5,2.0,0.8
Merritt,-120.79,50.11,Annual,3.1,4.2,3.9,4.2,5.9,3.6
