name,latitude,longitude,month,South-facing vertical (tilt=90deg;),South-facing; tilt=latitude,South-facing; tilt=latitude+15deg;,South-facing; tilt=latitude-15deg;,Two-axis sun-tracking,Horizontal (tilt=0deg;)
Merville,-125.07,49.79,January,1.7,1.7,1.8,1.5,2.0,0.8
Merville,-125.07,49.79,February,2.2,2.4,2.5,2.3,2.9,1.5
Merville,-125.07,49.79,March,3.0,3.8,3.6,3.7,4.8,2.6
Merville,-125.07,49.79,April,3.1,4.6,4.2,4.8,6.4,4.1
Merville,-125.07,49.79,May,2.9,4.9,4.3,5.3,7.4,5.4
Merville,-125.07,49.79,June,2.8,5.0,4.3,5.6,8.2,5.8
Merville,-125.07,49.79,July,3.0,5.3,4.6,5.8,8.5,6.0
Merville,-125.07,49.79,August,3.2,5.1,4.6,5.4,7.7,5.1
Merville,-125.07,49.79,September,3.9,5.1,4.8,5.0,6.9,3.7
Merville,-125.07,49.79,October,2.8,3.2,3.2,3.0,4.0,2.0
Merville,-125.07,49.79,November,1.8,1.9,2.0,1.7,2.2,0.9
Merville,-125.07,49.79,December,1.5,1.5,1.6,1.3,1.7,0.6
Merville,-125.07,49.79,Annual,2.7,3.7,3.5,3.8,5.2,3.2
