name,latitude,longitude,month,South-facing vertical (tilt=90deg;),South-facing; tilt=latitude,South-facing; tilt=latitude+15deg;,South-facing; tilt=latitude-15deg;,Two-axis sun-tracking,Horizontal (tilt=0deg;)
Midway,-118.77,49.01,January,1.8,1.8,1.9,1.6,2.1,1.1
Midway,-118.77,49.01,February,2.6,2.8,2.9,2.6,3.4,2.1
Midway,-118.77,49.01,March,3.5,4.4,4.2,4.3,5.6,3.5
Midway,-118.77,49.01,April,3.3,5.0,4.5,5.1,7.0,4.8
Midway,-118.77,49.01,May,2.9,5.0,4.3,5.3,7.5,5.8
Midway,-118.77,49.01,June,2.9,5.4,4.6,5.9,8.8,6.3
Midway,-118.77,49.01,July,3.1,5.7,4.9,6.3,9.5,6.7
Midway,-118.77,49.01,August,3.5,5.7,5.1,5.9,8.5,5.6
Midway,-118.77,49.01,September,4.2,5.6,5.3,5.5,7.6,4.1
Midway,-118.77,49.01,October,3.6,4.2,4.2,3.9,5.3,2.5
Midway,-118.77,49.01,November,2.2,2.3,2.4,2.0,2.7,1.2
Midway,-118.77,49.01,December,1.5,1.5,1.6,1.3,1.7,0.9
Midway,-118.77,49.01,Annual,2.9,4.1,3.8,4.2,5.8,3.7
