name,latitude,longitude,month,South-facing vertical (tilt=90deg;),South-facing; tilt=latitude,South-facing; tilt=latitude+15deg;,South-facing; tilt=latitude-15deg;,Two-axis sun-tracking,Horizontal (tilt=0deg;)
Mission,-122.30,49.14,January,1.8,1.8,1.9,1.6,2.1,0.9
Mission,-122.30,49.14,February,2.2,2.5,2.5,2.3,2.9,1.6
Mission,-122.30,49.14,March,2.8,3.6,3.5,3.5,4.5,2.7
Mission,-122.30,49.14,April,2.8,4.2,3.8,4.4,5.9,3.9
Mission,-122.30,49.14,May,2.5,4.4,3.8,4.7,6.7,5.3
Mission,-122.30,49.14,June,2.5,4.7,4.0,5.2,7.6,5.8
Mission,-122.30,49.14,July,2.8,5.2,4.5,5.7,8.5,6.1
Mission,-122.30,49.14,August,3.1,5.1,4.5,5.3,7.6,5.3
Mission,-122.30,49.14,September,3.6,4.9,4.6,4.9,6.6,3.6
Mission,-122.30,49.14,October,2.8,3.2,3.2,3.0,4.0,2.0
Mission,-122.30,49.14,November,1.8,1.9,2.0,1.7,2.2,1.0
Mission,-122.30,49.14,December,1.7,1.7,1.8,1.5,1.9,0.7
Mission,-122.30,49.14,Annual,2.5,3.6,3.3,3.6,5.1,3.3
