name,latitude,longitude,month,South-facing vertical (tilt=90deg;),South-facing; tilt=latitude,South-facing; tilt=latitude+15deg;,South-facing; tilt=latitude-15deg;,Two-axis sun-tracking,Horizontal (tilt=0deg;)
Moberly Lake,-121.73,55.83,January,2.5,2.4,2.5,2.1,2.8,0.7
Moberly Lake,-121.73,55.83,February,3.5,3.6,3.7,3.3,4.3,1.5
Moberly Lake,-121.73,55.83,March,4.4,5.0,4.9,4.8,6.4,2.9
Moberly Lake,-121.73,55.83,April,4.2,5.5,5.1,5.7,8.1,4.5
Moberly Lake,-121.73,55.83,May,3.4,5.1,4.5,5.5,8.2,5.4
Moberly Lake,-121.73,55.83,June,3.3,5.3,4.5,5.8,9.1,5.9
Moberly Lake,-121.73,55.83,July,3.3,5.2,4.5,5.7,8.6,5.7
Moberly Lake,-121.73,55.83,August,3.5,5.0,4.5,5.3,7.7,4.7
Moberly Lake,-121.73,55.83,September,3.6,4.4,4.2,4.4,5.9,3.1
Moberly Lake,-121.73,55.83,October,3.2,3.4,3.4,3.2,4.1,1.7
Moberly Lake,-121.73,55.83,November,2.5,2.4,2.5,2.2,2.8,0.8
Moberly Lake,-121.73,55.83,December,2.1,2.0,2.1,1.7,2.3,0.5
Moberly Lake,-121.73,55.83,Annual,3.3,4.1,3.9,4.1,5.9,3.1
