name,latitude,longitude,month,South-facing vertical (tilt=90deg;),South-facing; tilt=latitude,South-facing; tilt=latitude+15deg;,South-facing; tilt=latitude-15deg;,Two-axis sun-tracking,Horizontal (tilt=0deg;)
Monte Lake,-119.84,50.53,January,2.0,2.0,2.1,1.8,2.3,1.0
Monte Lake,-119.84,50.53,February,2.9,3.1,3.2,2.9,3.7,1.9
Monte Lake,-119.84,50.53,March,3.8,4.6,4.5,4.5,5.9,3.4
Monte Lake,-119.84,50.53,April,3.6,5.2,4.7,5.3,7.3,4.7
Monte Lake,-119.84,50.53,May,3.1,5.2,4.5,5.6,8.0,5.7
Monte Lake,-119.84,50.53,June,3.0,5.3,4.5,5.9,8.8,6.2
Monte Lake,-119.84,50.53,July,3.2,5.6,4.8,6.1,9.2,6.4
Monte Lake,-119.84,50.53,August,3.5,5.5,4.9,5.8,8.3,5.5
Monte Lake,-119.84,50.53,September,3.9,5.2,4.9,5.1,7.0,3.8
Monte Lake,-119.84,50.53,October,3.4,3.9,3.9,3.7,4.8,2.3
Monte Lake,-119.84,50.53,November,2.3,2.3,2.4,2.1,2.7,1.1
Monte Lake,-119.84,50.53,December,1.7,1.7,1.8,1.5,1.9,0.8
Monte Lake,-119.84,50.53,Annual,3.0,4.1,3.9,4.2,5.9,3.6
