name,latitude,longitude,month,South-facing vertical (tilt=90deg;),South-facing; tilt=latitude,South-facing; tilt=latitude+15deg;,South-facing; tilt=latitude-15deg;,Two-axis sun-tracking,Horizontal (tilt=0deg;)
Monte Creek,-119.95,50.65,January,2.1,2.0,2.1,1.8,2.4,1.0
Monte Creek,-119.95,50.65,February,3.0,3.2,3.3,3.0,3.8,2.0
Monte Creek,-119.95,50.65,March,3.9,4.7,4.6,4.6,6.1,3.4
Monte Creek,-119.95,50.65,April,3.6,5.2,4.8,5.4,7.4,4.8
Monte Creek,-119.95,50.65,May,3.2,5.2,4.6,5.6,8.1,5.8
Monte Creek,-119.95,50.65,June,3.0,5.4,4.6,5.9,8.9,6.3
Monte Creek,-119.95,50.65,July,3.2,5.6,4.9,6.2,9.3,6.5
Monte Creek,-119.95,50.65,August,3.6,5.6,5.0,5.9,8.4,5.5
Monte Creek,-119.95,50.65,September,4.0,5.2,5.0,5.2,7.1,3.9
Monte Creek,-119.95,50.65,October,3.5,3.9,3.9,3.7,4.9,2.3
Monte Creek,-119.95,50.65,November,2.3,2.3,2.4,2.1,2.7,1.1
Monte Creek,-119.95,50.65,December,1.7,1.7,1.8,1.5,2.0,0.8
Monte Creek,-119.95,50.65,Annual,3.1,4.2,3.9,4.2,5.9,3.6
