name,latitude,longitude,month,South-facing vertical (tilt=90deg;),South-facing; tilt=latitude,South-facing; tilt=latitude+15deg;,South-facing; tilt=latitude-15deg;,Two-axis sun-tracking,Horizontal (tilt=0deg;)
Montrose,-117.60,49.08,January,2.0,2.0,2.1,1.8,2.3,1.1
Montrose,-117.60,49.08,February,2.6,2.8,2.9,2.7,3.4,2.0
Montrose,-117.60,49.08,March,3.4,4.2,4.1,4.1,5.4,3.3
Montrose,-117.60,49.08,April,3.3,4.9,4.5,5.1,7.0,4.7
Montrose,-117.60,49.08,May,2.8,4.9,4.3,5.3,7.6,5.7
Montrose,-117.60,49.08,June,2.9,5.3,4.6,5.9,8.8,6.3
Montrose,-117.60,49.08,July,3.1,5.7,4.9,6.3,9.5,6.7
Montrose,-117.60,49.08,August,3.4,5.6,5.0,5.8,8.4,5.6
Montrose,-117.60,49.08,September,4.1,5.5,5.2,5.4,7.4,4.0
Montrose,-117.60,49.08,October,3.5,4.1,4.1,3.8,5.2,2.4
Montrose,-117.60,49.08,November,2.3,2.3,2.4,2.1,2.8,1.2
Montrose,-117.60,49.08,December,1.6,1.6,1.7,1.4,1.8,0.9
Montrose,-117.60,49.08,Annual,2.9,4.1,3.8,4.1,5.8,3.7
