name,latitude,longitude,month,South-facing vertical (tilt=90deg;),South-facing; tilt=latitude,South-facing; tilt=latitude+15deg;,South-facing; tilt=latitude-15deg;,Two-axis sun-tracking,Horizontal (tilt=0deg;)
Moyie,-115.81,49.30,January,2.6,2.5,2.7,2.2,3.0,1.2
Moyie,-115.81,49.30,February,3.3,3.5,3.6,3.2,4.2,2.1
Moyie,-115.81,49.30,March,3.8,4.6,4.5,4.5,5.9,3.4
Moyie,-115.81,49.30,April,3.5,5.2,4.7,5.3,7.4,4.7
Moyie,-115.81,49.30,May,2.9,5.0,4.4,5.4,7.9,5.8
Moyie,-115.81,49.30,June,2.9,5.4,4.6,6.0,9.1,6.4
Moyie,-115.81,49.30,July,3.1,5.8,4.9,6.3,9.6,6.7
Moyie,-115.81,49.30,August,3.5,5.7,5.1,6.0,8.7,5.6
Moyie,-115.81,49.30,September,4.1,5.5,5.2,5.4,7.5,4.0
Moyie,-115.81,49.30,October,4.0,4.5,4.5,4.2,5.7,2.5
Moyie,-115.81,49.30,November,2.7,2.7,2.9,2.4,3.3,1.3
Moyie,-115.81,49.30,December,2.1,2.0,2.2,1.8,2.4,0.9
Moyie,-115.81,49.30,Annual,3.2,4.4,4.1,4.4,6.2,3.7
