name,latitude,longitude,month,South-facing vertical (tilt=90deg;),South-facing; tilt=latitude,South-facing; tilt=latitude+15deg;,South-facing; tilt=latitude-15deg;,Two-axis sun-tracking,Horizontal (tilt=0deg;)
Nakusp,-117.80,50.24,January,2.0,2.0,2.1,1.8,2.3,1.0
Nakusp,-117.80,50.24,February,2.8,3.0,3.0,2.8,3.5,1.9
Nakusp,-117.80,50.24,March,3.6,4.4,4.3,4.3,5.6,3.3
Nakusp,-117.80,50.24,April,3.5,5.1,4.6,5.2,7.2,4.6
Nakusp,-117.80,50.24,May,2.9,4.9,4.3,5.3,7.7,5.7
Nakusp,-117.80,50.24,June,2.9,5.3,4.5,5.8,8.7,6.2
Nakusp,-117.80,50.24,July,3.1,5.6,4.8,6.1,9.2,6.4
Nakusp,-117.80,50.24,August,3.4,5.4,4.8,5.6,8.1,5.4
Nakusp,-117.80,50.24,September,3.9,5.1,4.9,5.1,7.0,3.8
Nakusp,-117.80,50.24,October,3.4,3.9,3.9,3.7,4.9,2.3
Nakusp,-117.80,50.24,November,2.3,2.4,2.5,2.1,2.8,1.1
Nakusp,-117.80,50.24,December,1.7,1.6,1.7,1.4,1.9,0.8
Nakusp,-117.80,50.24,Annual,3.0,4.1,3.8,4.1,5.8,3.6
