name,latitude,longitude,month,South-facing vertical (tilt=90deg;),South-facing; tilt=latitude,South-facing; tilt=latitude+15deg;,South-facing; tilt=latitude-15deg;,Two-axis sun-tracking,Horizontal (tilt=0deg;)
Nanaimo,-123.94,49.17,January,1.8,1.8,1.9,1.6,2.1,0.9
Nanaimo,-123.94,49.17,February,2.4,2.6,2.7,2.4,3.1,1.7
Nanaimo,-123.94,49.17,March,3.1,3.9,3.8,3.8,5.0,2.9
Nanaimo,-123.94,49.17,April,3.2,4.7,4.3,4.9,6.7,4.4
Nanaimo,-123.94,49.17,May,3.0,5.0,4.4,5.4,7.7,5.5
Nanaimo,-123.94,49.17,June,2.8,5.1,4.4,5.6,8.3,5.9
Nanaimo,-123.94,49.17,July,3.0,5.5,4.7,6.0,8.9,6.3
Nanaimo,-123.94,49.17,August,3.3,5.3,4.8,5.6,8.1,5.3
Nanaimo,-123.94,49.17,September,4.0,5.3,5.0,5.2,7.2,3.9
Nanaimo,-123.94,49.17,October,3.1,3.6,3.6,3.4,4.4,2.2
Nanaimo,-123.94,49.17,November,1.9,2.0,2.1,1.8,2.4,1.0
Nanaimo,-123.94,49.17,December,1.6,1.6,1.7,1.4,1.9,0.7
Nanaimo,-123.94,49.17,Annual,2.8,3.9,3.6,3.9,5.5,3.4
