name,latitude,longitude,month,South-facing vertical (tilt=90deg;),South-facing; tilt=latitude,South-facing; tilt=latitude+15deg;,South-facing; tilt=latitude-15deg;,Two-axis sun-tracking,Horizontal (tilt=0deg;)
Nanoose Bay,-124.21,49.26,January,1.8,1.8,1.9,1.6,2.1,0.9
Nanoose Bay,-124.21,49.26,February,2.3,2.6,2.6,2.4,3.1,1.7
Nanoose Bay,-124.21,49.26,March,3.1,3.9,3.8,3.8,5.0,2.9
Nanoose Bay,-124.21,49.26,April,3.2,4.7,4.3,4.9,6.6,4.3
Nanoose Bay,-124.21,49.26,May,3.0,5.0,4.4,5.4,7.6,5.5
Nanoose Bay,-124.21,49.26,June,2.8,5.1,4.3,5.6,8.3,5.9
Nanoose Bay,-124.21,49.26,July,3.0,5.4,4.7,6.0,8.9,6.2
Nanoose Bay,-124.21,49.26,August,3.3,5.3,4.7,5.6,8.0,5.3
Nanoose Bay,-124.21,49.26,September,4.0,5.2,5.0,5.2,7.2,3.8
Nanoose Bay,-124.21,49.26,October,3.1,3.5,3.5,3.3,4.4,2.1
Nanoose Bay,-124.21,49.26,November,1.9,2.0,2.1,1.8,2.3,1.0
Nanoose Bay,-124.21,49.26,December,1.6,1.6,1.7,1.4,1.9,0.7
Nanoose Bay,-124.21,49.26,Annual,2.8,3.8,3.6,3.9,5.5,3.4
