name,latitude,longitude,month,South-facing vertical (tilt=90deg;),South-facing; tilt=latitude,South-facing; tilt=latitude+15deg;,South-facing; tilt=latitude-15deg;,Two-axis sun-tracking,Horizontal (tilt=0deg;)
Naramata,-119.58,49.60,January,1.8,1.8,1.9,1.6,2.1,1.1
Naramata,-119.58,49.60,February,2.7,2.9,3.0,2.7,3.5,2.0
Naramata,-119.58,49.60,March,3.6,4.5,4.3,4.4,5.7,3.4
Naramata,-119.58,49.60,April,3.4,5.1,4.7,5.3,7.2,4.8
Naramata,-119.58,49.60,May,3.1,5.3,4.6,5.7,8.0,5.8
Naramata,-119.58,49.60,June,3.0,5.4,4.6,6.0,9.0,6.3
Naramata,-119.58,49.60,July,3.2,5.8,5.0,6.3,9.6,6.6
Naramata,-119.58,49.60,August,3.6,5.7,5.1,6.0,8.6,5.6
Naramata,-119.58,49.60,September,4.1,5.4,5.2,5.4,7.4,4.0
Naramata,-119.58,49.60,October,3.5,4.0,4.1,3.8,5.1,2.4
Naramata,-119.58,49.60,November,2.2,2.2,2.3,2.0,2.7,1.2
Naramata,-119.58,49.60,December,1.6,1.5,1.6,1.3,1.8,0.8
Naramata,-119.58,49.60,Annual,3.0,4.1,3.9,4.2,5.9,3.7
