name,latitude,longitude,month,South-facing vertical (tilt=90deg;),South-facing; tilt=latitude,South-facing; tilt=latitude+15deg;,South-facing; tilt=latitude-15deg;,Two-axis sun-tracking,Horizontal (tilt=0deg;)
Nelway,-117.29,49.00,January,2.1,2.0,2.1,1.8,2.4,1.1
Nelway,-117.29,49.00,February,2.6,2.8,2.9,2.6,3.4,2.0
Nelway,-117.29,49.00,March,3.4,4.2,4.1,4.1,5.4,3.3
Nelway,-117.29,49.00,April,3.2,4.9,4.5,5.0,7.0,4.6
Nelway,-117.29,49.00,May,2.8,4.8,4.2,5.2,7.4,5.7
Nelway,-117.29,49.00,June,2.8,5.3,4.5,5.8,8.8,6.3
Nelway,-117.29,49.00,July,3.1,5.7,4.9,6.2,9.4,6.7
Nelway,-117.29,49.00,August,3.4,5.5,4.9,5.8,8.3,5.6
Nelway,-117.29,49.00,September,4.0,5.4,5.1,5.4,7.4,4.0
Nelway,-117.29,49.00,October,3.5,4.1,4.1,3.8,5.2,2.4
Nelway,-117.29,49.00,November,2.3,2.3,2.4,2.1,2.8,1.2
Nelway,-117.29,49.00,December,1.6,1.6,1.7,1.4,1.9,0.9
Nelway,-117.29,49.00,Annual,2.9,4.1,3.8,4.1,5.8,3.7
