name,latitude,longitude,month,South-facing vertical (tilt=90deg;),South-facing; tilt=latitude,South-facing; tilt=latitude+15deg;,South-facing; tilt=latitude-15deg;,Two-axis sun-tracking,Horizontal (tilt=0deg;)
New Denver,-117.36,50.00,January,2.1,2.0,2.1,1.8,2.4,1.1
New Denver,-117.36,50.00,February,2.7,3.0,3.0,2.8,3.6,1.9
New Denver,-117.36,50.00,March,3.6,4.3,4.2,4.2,5.5,3.2
New Denver,-117.36,50.00,April,3.4,5.0,4.6,5.1,7.1,4.6
New Denver,-117.36,50.00,May,2.9,4.9,4.3,5.3,7.6,5.7
New Denver,-117.36,50.00,June,2.9,5.3,4.5,5.8,8.7,6.2
New Denver,-117.36,50.00,July,3.1,5.6,4.8,6.1,9.2,6.5
New Denver,-117.36,50.00,August,3.3,5.3,4.8,5.6,8.0,5.5
New Denver,-117.36,50.00,September,3.9,5.2,4.9,5.2,7.1,3.8
New Denver,-117.36,50.00,October,3.4,3.9,3.9,3.7,4.9,2.3
New Denver,-117.36,50.00,November,2.3,2.4,2.5,2.1,2.9,1.2
New Denver,-117.36,50.00,December,1.7,1.6,1.7,1.5,1.9,0.9
New Denver,-117.36,50.00,Annual,2.9,4.0,3.8,4.1,5.8,3.6
