name,latitude,longitude,month,South-facing vertical (tilt=90deg;),South-facing; tilt=latitude,South-facing; tilt=latitude+15deg;,South-facing; tilt=latitude-15deg;,Two-axis sun-tracking,Horizontal (tilt=0deg;)
New Aiyansh,-129.08,55.20,January,1.6,1.6,1.7,1.4,1.8,0.5
New Aiyansh,-129.08,55.20,February,2.6,2.7,2.7,2.5,3.2,1.3
New Aiyansh,-129.08,55.20,March,3.3,3.9,3.7,3.8,4.9,2.7
New Aiyansh,-129.08,55.20,April,3.2,4.4,4.0,4.6,6.4,4.2
New Aiyansh,-129.08,55.20,May,2.9,4.5,3.9,4.9,7.1,5.2
New Aiyansh,-129.08,55.20,June,2.8,4.5,3.9,5.0,7.6,5.6
New Aiyansh,-129.08,55.20,July,2.8,4.5,3.9,5.0,7.2,5.4
New Aiyansh,-129.08,55.20,August,3.1,4.5,4.0,4.8,6.7,4.4
New Aiyansh,-129.08,55.20,September,2.8,3.6,3.4,3.6,4.8,2.8
New Aiyansh,-129.08,55.20,October,1.9,2.1,2.1,2.0,2.5,1.4
New Aiyansh,-129.08,55.20,November,1.5,1.5,1.6,1.4,1.8,0.7
New Aiyansh,-129.08,55.20,December,1.3,1.2,1.3,1.1,1.4,0.4
New Aiyansh,-129.08,55.20,Annual,2.5,3.3,3.0,3.3,4.6,2.9
