name,latitude,longitude,month,South-facing vertical (tilt=90deg;),South-facing; tilt=latitude,South-facing; tilt=latitude+15deg;,South-facing; tilt=latitude-15deg;,Two-axis sun-tracking,Horizontal (tilt=0deg;)
New Westminster,-122.90,49.21,January,1.8,1.8,1.8,1.6,2.1,0.9
New Westminster,-122.90,49.21,February,2.3,2.5,2.6,2.3,3.0,1.6
New Westminster,-122.90,49.21,March,2.9,3.7,3.5,3.6,4.7,2.7
New Westminster,-122.90,49.21,April,2.9,4.4,4.0,4.5,6.1,4.0
New Westminster,-122.90,49.21,May,2.7,4.6,4.0,4.9,7.0,5.4
New Westminster,-122.90,49.21,June,2.6,4.9,4.2,5.4,7.9,5.9
New Westminster,-122.90,49.21,July,2.9,5.3,4.5,5.8,8.6,6.2
New Westminster,-122.90,49.21,August,3.2,5.2,4.6,5.4,7.8,5.3
New Westminster,-122.90,49.21,September,3.7,5.0,4.7,4.9,6.8,3.7
New Westminster,-122.90,49.21,October,2.8,3.3,3.2,3.1,4.0,2.0
New Westminster,-122.90,49.21,November,1.8,1.9,2.0,1.7,2.3,1.0
New Westminster,-122.90,49.21,December,1.7,1.6,1.7,1.4,1.9,0.7
New Westminster,-122.90,49.21,Annual,2.6,3.7,3.4,3.7,5.2,3.3
