name,latitude,longitude,month,South-facing vertical (tilt=90deg;),South-facing; tilt=latitude,South-facing; tilt=latitude+15deg;,South-facing; tilt=latitude-15deg;,Two-axis sun-tracking,Horizontal (tilt=0deg;)
North Bend,-121.45,49.88,January,1.9,1.9,2.0,1.7,2.2,0.9
North Bend,-121.45,49.88,February,2.5,2.7,2.7,2.5,3.2,1.7
North Bend,-121.45,49.88,March,3.3,4.1,4.0,4.0,5.2,3.0
North Bend,-121.45,49.88,April,3.3,4.8,4.4,5.0,6.8,4.4
North Bend,-121.45,49.88,May,3.0,5.0,4.4,5.4,7.8,5.7
North Bend,-121.45,49.88,June,2.9,5.2,4.5,5.8,8.7,6.2
North Bend,-121.45,49.88,July,3.1,5.6,4.9,6.2,9.3,6.5
North Bend,-121.45,49.88,August,3.5,5.5,5.0,5.8,8.4,5.5
North Bend,-121.45,49.88,September,3.8,5.1,4.9,5.1,6.9,3.8
North Bend,-121.45,49.88,October,3.0,3.4,3.4,3.2,4.2,2.1
North Bend,-121.45,49.88,November,1.9,2.0,2.0,1.8,2.3,1.0
North Bend,-121.45,49.88,December,1.7,1.7,1.8,1.5,1.9,0.7
North Bend,-121.45,49.88,Annual,2.8,3.9,3.7,4.0,5.6,3.5
