name,latitude,longitude,month,South-facing vertical (tilt=90deg;),South-facing; tilt=latitude,South-facing; tilt=latitude+15deg;,South-facing; tilt=latitude-15deg;,Two-axis sun-tracking,Horizontal (tilt=0deg;)
North Saanich,-123.42,48.63,January,1.8,1.8,1.9,1.6,2.2,0.9
North Saanich,-123.42,48.63,February,2.4,2.7,2.7,2.5,3.2,1.8
North Saanich,-123.42,48.63,March,3.1,4.0,3.9,3.9,5.1,3.1
North Saanich,-123.42,48.63,April,3.2,4.7,4.3,4.9,6.7,4.5
North Saanich,-123.42,48.63,May,2.9,5.0,4.4,5.4,7.8,5.7
North Saanich,-123.42,48.63,June,2.8,5.2,4.5,5.7,8.5,6.0
North Saanich,-123.42,48.63,July,3.0,5.6,4.8,6.1,9.1,6.4
North Saanich,-123.42,48.63,August,3.4,5.5,4.9,5.8,8.3,5.5
North Saanich,-123.42,48.63,September,4.0,5.4,5.2,5.4,7.4,4.0
North Saanich,-123.42,48.63,October,3.2,3.7,3.7,3.5,4.6,2.3
North Saanich,-123.42,48.63,November,2.0,2.1,2.1,1.9,2.4,1.1
North Saanich,-123.42,48.63,December,1.7,1.7,1.8,1.5,1.9,0.7
North Saanich,-123.42,48.63,Annual,2.8,3.9,3.7,4.0,5.6,3.5
