name,latitude,longitude,month,South-facing vertical (tilt=90deg;),South-facing; tilt=latitude,South-facing; tilt=latitude+15deg;,South-facing; tilt=latitude-15deg;,Two-axis sun-tracking,Horizontal (tilt=0deg;)
North Vancouver,-123.06,49.33,January,1.7,1.7,1.8,1.5,2.0,0.8
North Vancouver,-123.06,49.33,February,2.2,2.4,2.4,2.2,2.9,1.5
North Vancouver,-123.06,49.33,March,2.8,3.5,3.4,3.4,4.5,2.6
North Vancouver,-123.06,49.33,April,2.8,4.2,3.8,4.3,5.9,3.8
North Vancouver,-123.06,49.33,May,2.6,4.4,3.8,4.7,6.6,5.2
North Vancouver,-123.06,49.33,June,2.5,4.7,4.0,5.1,7.6,5.7
North Vancouver,-123.06,49.33,July,2.8,5.1,4.4,5.6,8.3,6.0
North Vancouver,-123.06,49.33,August,3.1,4.9,4.4,5.2,7.4,5.2
North Vancouver,-123.06,49.33,September,3.5,4.7,4.5,4.7,6.4,3.5
North Vancouver,-123.06,49.33,October,2.6,3.0,3.0,2.9,3.8,2.0
North Vancouver,-123.06,49.33,November,1.8,1.9,1.9,1.7,2.2,1.0
North Vancouver,-123.06,49.33,December,1.6,1.6,1.7,1.4,1.9,0.7
North Vancouver,-123.06,49.33,Annual,2.5,3.5,3.3,3.6,5.0,3.2
