name,latitude,longitude,month,South-facing vertical (tilt=90deg;),South-facing; tilt=latitude,South-facing; tilt=latitude+15deg;,South-facing; tilt=latitude-15deg;,Two-axis sun-tracking,Horizontal (tilt=0deg;)
North Cowichan,-123.66,48.84,January,1.7,1.8,1.8,1.6,2.1,0.9
North Cowichan,-123.66,48.84,February,2.3,2.5,2.5,2.3,3.0,1.6
North Cowichan,-123.66,48.84,March,2.9,3.7,3.6,3.6,4.8,2.8
North Cowichan,-123.66,48.84,April,3.1,4.6,4.2,4.7,6.4,4.3
North Cowichan,-123.66,48.84,May,2.8,4.9,4.3,5.3,7.5,5.5
North Cowichan,-123.66,48.84,June,2.8,5.1,4.4,5.6,8.3,6.0
North Cowichan,-123.66,48.84,July,3.0,5.5,4.7,6.0,8.9,6.3
North Cowichan,-123.66,48.84,August,3.3,5.4,4.8,5.6,8.1,5.4
North Cowichan,-123.66,48.84,September,4.0,5.3,5.1,5.3,7.3,3.9
North Cowichan,-123.66,48.84,October,2.9,3.4,3.4,3.2,4.2,2.1
North Cowichan,-123.66,48.84,November,1.9,2.0,2.0,1.8,2.3,1.0
North Cowichan,-123.66,48.84,December,1.6,1.6,1.7,1.4,1.9,0.7
North Cowichan,-123.66,48.84,Annual,2.7,3.8,3.5,3.9,5.4,3.4
