name,latitude,longitude,month,South-facing vertical (tilt=90deg;),South-facing; tilt=latitude,South-facing; tilt=latitude+15deg;,South-facing; tilt=latitude-15deg;,Two-axis sun-tracking,Horizontal (tilt=0deg;)
Oak Bay,-123.30,48.44,January,1.9,1.9,2.0,1.7,2.2,1.0
Oak Bay,-123.30,48.44,February,2.5,2.7,2.8,2.6,3.3,1.8
Oak Bay,-123.30,48.44,March,3.2,4.1,4.0,4.0,5.3,3.2
Oak Bay,-123.30,48.44,April,3.2,4.8,4.4,5.0,6.8,4.6
Oak Bay,-123.30,48.44,May,2.9,5.1,4.4,5.5,7.9,5.7
Oak Bay,-123.30,48.44,June,2.8,5.3,4.5,5.8,8.7,6.1
Oak Bay,-123.30,48.44,July,3.0,5.6,4.8,6.1,9.2,6.5
Oak Bay,-123.30,48.44,August,3.4,5.5,4.9,5.8,8.4,5.5
Oak Bay,-123.30,48.44,September,4.1,5.5,5.2,5.4,7.5,4.1
Oak Bay,-123.30,48.44,October,3.3,3.8,3.8,3.6,4.8,2.3
Oak Bay,-123.30,48.44,November,2.0,2.1,2.2,1.9,2.5,1.1
Oak Bay,-123.30,48.44,December,1.7,1.7,1.8,1.5,2.0,0.7
Oak Bay,-123.30,48.44,Annual,2.8,4.0,3.7,4.1,5.7,3.6
