name,latitude,longitude,month,South-facing vertical (tilt=90deg;),South-facing; tilt=latitude,South-facing; tilt=latitude+15deg;,South-facing; tilt=latitude-15deg;,Two-axis sun-tracking,Horizontal (tilt=0deg;)
Okanagan Falls,-119.58,49.34,January,1.8,1.8,1.9,1.6,2.1,1.1
Okanagan Falls,-119.58,49.34,February,2.7,2.9,2.9,2.7,3.5,2.1
Okanagan Falls,-119.58,49.34,March,3.5,4.4,4.3,4.3,5.7,3.5
Okanagan Falls,-119.58,49.34,April,3.4,5.1,4.6,5.2,7.2,4.8
Okanagan Falls,-119.58,49.34,May,3.1,5.3,4.6,5.7,8.0,5.8
Okanagan Falls,-119.58,49.34,June,3.0,5.5,4.7,6.0,9.0,6.3
Okanagan Falls,-119.58,49.34,July,3.2,5.8,5.0,6.4,9.6,6.7
Okanagan Falls,-119.58,49.34,August,3.6,5.7,5.1,6.0,8.7,5.6
Okanagan Falls,-119.58,49.34,September,4.1,5.5,5.3,5.5,7.5,4.1
Okanagan Falls,-119.58,49.34,October,3.6,4.1,4.1,3.9,5.1,2.5
Okanagan Falls,-119.58,49.34,November,2.2,2.2,2.3,2.0,2.7,1.2
Okanagan Falls,-119.58,49.34,December,1.5,1.5,1.6,1.3,1.8,0.8
Okanagan Falls,-119.58,49.34,Annual,3.0,4.2,3.9,4.2,5.9,3.7
