name,latitude,longitude,month,South-facing vertical (tilt=90deg;),South-facing; tilt=latitude,South-facing; tilt=latitude+15deg;,South-facing; tilt=latitude-15deg;,Two-axis sun-tracking,Horizontal (tilt=0deg;)
Olalla,-119.84,49.27,January,1.8,1.8,1.8,1.6,2.1,1.1
Olalla,-119.84,49.27,February,2.7,2.9,2.9,2.7,3.4,2.0
Olalla,-119.84,49.27,March,3.5,4.4,4.3,4.3,5.6,3.4
Olalla,-119.84,49.27,April,3.4,5.0,4.6,5.2,7.1,4.8
Olalla,-119.84,49.27,May,3.1,5.2,4.5,5.6,7.9,5.8
Olalla,-119.84,49.27,June,2.9,5.4,4.6,5.9,8.8,6.3
Olalla,-119.84,49.27,July,3.2,5.7,4.9,6.2,9.4,6.6
Olalla,-119.84,49.27,August,3.5,5.6,5.1,5.9,8.5,5.6
Olalla,-119.84,49.27,September,4.1,5.5,5.2,5.5,7.5,4.1
Olalla,-119.84,49.27,October,3.6,4.1,4.1,3.8,5.1,2.5
Olalla,-119.84,49.27,November,2.1,2.2,2.3,2.0,2.6,1.2
Olalla,-119.84,49.27,December,1.5,1.5,1.6,1.4,1.8,0.8
Olalla,-119.84,49.27,Annual,2.9,4.1,3.8,4.2,5.8,3.7
