name,latitude,longitude,month,South-facing vertical (tilt=90deg;),South-facing; tilt=latitude,South-facing; tilt=latitude+15deg;,South-facing; tilt=latitude-15deg;,Two-axis sun-tracking,Horizontal (tilt=0deg;)
Old Fort Nelson,-122.50,58.85,January,2.2,2.0,2.2,1.8,2.4,0.5
Old Fort Nelson,-122.50,58.85,February,3.7,3.6,3.8,3.3,4.3,1.3
Old Fort Nelson,-122.50,58.85,March,4.9,5.3,5.2,5.1,6.8,2.8
Old Fort Nelson,-122.50,58.85,April,4.5,5.7,5.3,5.9,8.4,4.4
Old Fort Nelson,-122.50,58.85,May,3.5,5.0,4.4,5.4,8.3,5.4
Old Fort Nelson,-122.50,58.85,June,3.5,5.3,4.5,5.8,9.4,5.9
Old Fort Nelson,-122.50,58.85,July,3.4,4.9,4.3,5.4,8.4,5.6
Old Fort Nelson,-122.50,58.85,August,3.5,4.7,4.2,4.9,7.2,4.4
Old Fort Nelson,-122.50,58.85,September,3.5,4.1,3.9,4.1,5.4,2.8
Old Fort Nelson,-122.50,58.85,October,2.8,3.0,3.0,2.8,3.6,1.4
Old Fort Nelson,-122.50,58.85,November,2.3,2.2,2.3,1.9,2.5,0.6
Old Fort Nelson,-122.50,58.85,December,1.7,1.6,1.7,1.4,1.8,0.3
Old Fort Nelson,-122.50,58.85,Annual,3.3,4.0,3.7,4.0,5.7,3.0
