name,latitude,longitude,month,South-facing vertical (tilt=90deg;),South-facing; tilt=latitude,South-facing; tilt=latitude+15deg;,South-facing; tilt=latitude-15deg;,Two-axis sun-tracking,Horizontal (tilt=0deg;)
Oliver,-119.55,49.18,January,1.8,1.8,1.9,1.6,2.1,1.1
Oliver,-119.55,49.18,February,2.6,2.9,2.9,2.7,3.4,2.1
Oliver,-119.55,49.18,March,3.5,4.4,4.3,4.3,5.6,3.4
Oliver,-119.55,49.18,April,3.4,5.0,4.6,5.2,7.1,4.8
Oliver,-119.55,49.18,May,3.1,5.2,4.6,5.6,7.9,5.8
Oliver,-119.55,49.18,June,3.0,5.4,4.6,6.0,9.0,6.3
Oliver,-119.55,49.18,July,3.2,5.8,5.0,6.3,9.6,6.7
Oliver,-119.55,49.18,August,3.6,5.7,5.1,6.0,8.7,5.6
Oliver,-119.55,49.18,September,4.2,5.6,5.3,5.5,7.6,4.1
Oliver,-119.55,49.18,October,3.6,4.1,4.1,3.9,5.2,2.5
Oliver,-119.55,49.18,November,2.2,2.2,2.3,2.0,2.7,1.2
Oliver,-119.55,49.18,December,1.5,1.5,1.6,1.3,1.8,0.8
Oliver,-119.55,49.18,Annual,3.0,4.2,3.9,4.2,5.9,3.7
