name,latitude,longitude,month,South-facing vertical (tilt=90deg;),South-facing; tilt=latitude,South-facing; tilt=latitude+15deg;,South-facing; tilt=latitude-15deg;,Two-axis sun-tracking,Horizontal (tilt=0deg;)
Ootsa Lake,-126.05,53.80,January,1.9,1.9,2.0,1.7,2.2,0.7
Ootsa Lake,-126.05,53.80,February,2.8,2.9,3.0,2.7,3.5,1.6
Ootsa Lake,-126.05,53.80,March,3.6,4.3,4.2,4.2,5.5,3.0
Ootsa Lake,-126.05,53.80,April,3.4,4.8,4.4,5.0,6.9,4.5
Ootsa Lake,-126.05,53.80,May,3.0,4.7,4.1,5.1,7.4,5.4
Ootsa Lake,-126.05,53.80,June,2.9,4.8,4.1,5.3,8.0,5.8
Ootsa Lake,-126.05,53.80,July,3.1,5.0,4.3,5.5,8.1,5.7
Ootsa Lake,-126.05,53.80,August,3.4,5.0,4.5,5.3,7.5,4.8
Ootsa Lake,-126.05,53.80,September,3.4,4.4,4.2,4.4,6.0,3.4
Ootsa Lake,-126.05,53.80,October,2.6,3.0,2.9,2.8,3.7,1.8
Ootsa Lake,-126.05,53.80,November,1.9,1.9,2.0,1.7,2.2,0.8
Ootsa Lake,-126.05,53.80,December,1.5,1.4,1.5,1.3,1.7,0.5
Ootsa Lake,-126.05,53.80,Annual,2.8,3.7,3.4,3.7,5.2,3.2
