name,latitude,longitude,month,South-facing vertical (tilt=90deg;),South-facing; tilt=latitude,South-facing; tilt=latitude+15deg;,South-facing; tilt=latitude-15deg;,Two-axis sun-tracking,Horizontal (tilt=0deg;)
Opitsat,-125.91,49.17,January,1.8,1.8,1.9,1.6,2.1,0.8
Opitsat,-125.91,49.17,February,2.0,2.3,2.3,2.1,2.7,1.5
Opitsat,-125.91,49.17,March,2.7,3.4,3.3,3.3,4.3,2.4
Opitsat,-125.91,49.17,April,2.8,4.1,3.8,4.3,5.6,3.5
Opitsat,-125.91,49.17,May,2.6,4.3,3.8,4.7,6.4,4.9
Opitsat,-125.91,49.17,June,2.6,4.6,4.0,5.1,7.3,5.3
Opitsat,-125.91,49.17,July,2.8,4.9,4.3,5.4,7.8,5.7
Opitsat,-125.91,49.17,August,2.8,4.6,4.1,4.8,6.8,5.0
Opitsat,-125.91,49.17,September,3.5,4.7,4.4,4.7,6.2,3.4
Opitsat,-125.91,49.17,October,2.7,3.1,3.1,3.0,3.8,1.9
Opitsat,-125.91,49.17,November,1.9,2.0,2.0,1.8,2.3,1.0
Opitsat,-125.91,49.17,December,1.6,1.5,1.6,1.4,1.8,0.7
Opitsat,-125.91,49.17,Annual,2.5,3.4,3.2,3.5,4.8,3.0
