name,latitude,longitude,month,South-facing vertical (tilt=90deg;),South-facing; tilt=latitude,South-facing; tilt=latitude+15deg;,South-facing; tilt=latitude-15deg;,Two-axis sun-tracking,Horizontal (tilt=0deg;)
Osoyoos,-119.48,49.04,January,1.8,1.8,1.9,1.6,2.1,1.1
Osoyoos,-119.48,49.04,February,2.6,2.9,2.9,2.7,3.4,2.1
Osoyoos,-119.48,49.04,March,3.5,4.4,4.3,4.3,5.6,3.5
Osoyoos,-119.48,49.04,April,3.4,5.0,4.6,5.2,7.1,4.8
Osoyoos,-119.48,49.04,May,3.0,5.2,4.5,5.6,7.9,5.8
Osoyoos,-119.48,49.04,June,3.0,5.4,4.6,6.0,8.9,6.3
Osoyoos,-119.48,49.04,July,3.2,5.8,5.0,6.3,9.6,6.7
Osoyoos,-119.48,49.04,August,3.6,5.7,5.1,6.0,8.7,5.6
Osoyoos,-119.48,49.04,September,4.2,5.6,5.3,5.5,7.6,4.2
Osoyoos,-119.48,49.04,October,3.6,4.2,4.2,3.9,5.2,2.5
Osoyoos,-119.48,49.04,November,2.2,2.2,2.3,2.0,2.7,1.2
Osoyoos,-119.48,49.04,December,1.5,1.5,1.6,1.3,1.8,0.9
Osoyoos,-119.48,49.04,Annual,3.0,4.2,3.9,4.2,5.9,3.7
