name,latitude,longitude,month,South-facing vertical (tilt=90deg;),South-facing; tilt=latitude,South-facing; tilt=latitude+15deg;,South-facing; tilt=latitude-15deg;,Two-axis sun-tracking,Horizontal (tilt=0deg;)
Oyama,-119.37,50.10,January,1.9,1.9,2.0,1.7,2.2,1.1
Oyama,-119.37,50.10,February,2.8,3.0,3.1,2.8,3.6,2.0
Oyama,-119.37,50.10,March,3.7,4.5,4.4,4.4,5.8,3.4
Oyama,-119.37,50.10,April,3.5,5.1,4.7,5.3,7.3,4.8
Oyama,-119.37,50.10,May,3.1,5.2,4.5,5.6,8.0,5.8
Oyama,-119.37,50.10,June,3.0,5.4,4.6,6.0,9.0,6.3
Oyama,-119.37,50.10,July,3.2,5.7,4.9,6.2,9.4,6.6
Oyama,-119.37,50.10,August,3.6,5.6,5.0,5.9,8.5,5.5
Oyama,-119.37,50.10,September,4.0,5.3,5.0,5.2,7.2,3.9
Oyama,-119.37,50.10,October,3.5,4.0,4.0,3.7,4.9,2.4
Oyama,-119.37,50.10,November,2.2,2.3,2.4,2.0,2.7,1.2
Oyama,-119.37,50.10,December,1.6,1.6,1.6,1.4,1.8,0.8
Oyama,-119.37,50.10,Annual,3.0,4.1,3.9,4.2,5.9,3.6
