name,latitude,longitude,month,South-facing vertical (tilt=90deg;),South-facing; tilt=latitude,South-facing; tilt=latitude+15deg;,South-facing; tilt=latitude-15deg;,Two-axis sun-tracking,Horizontal (tilt=0deg;)
Parksville,-124.32,49.32,January,1.8,1.8,1.9,1.6,2.1,0.9
Parksville,-124.32,49.32,February,2.4,2.6,2.6,2.4,3.1,1.7
Parksville,-124.32,49.32,March,3.2,4.0,3.8,3.9,5.1,2.9
Parksville,-124.32,49.32,April,3.2,4.7,4.3,4.9,6.6,4.3
Parksville,-124.32,49.32,May,3.0,5.0,4.4,5.4,7.6,5.5
Parksville,-124.32,49.32,June,2.8,5.1,4.3,5.6,8.2,5.9
Parksville,-124.32,49.32,July,3.0,5.4,4.7,5.9,8.9,6.2
Parksville,-124.32,49.32,August,3.3,5.3,4.7,5.6,8.0,5.3
Parksville,-124.32,49.32,September,3.9,5.2,5.0,5.2,7.1,3.8
Parksville,-124.32,49.32,October,3.1,3.5,3.5,3.3,4.4,2.1
Parksville,-124.32,49.32,November,1.9,2.0,2.1,1.8,2.3,1.0
Parksville,-124.32,49.32,December,1.6,1.6,1.7,1.4,1.9,0.7
Parksville,-124.32,49.32,Annual,2.8,3.8,3.6,3.9,5.5,3.4
