name,latitude,longitude,month,South-facing vertical (tilt=90deg;),South-facing; tilt=latitude,South-facing; tilt=latitude+15deg;,South-facing; tilt=latitude-15deg;,Two-axis sun-tracking,Horizontal (tilt=0deg;)
Parson,-116.63,51.07,January,2.4,2.4,2.5,2.1,2.8,1.1
Parson,-116.63,51.07,February,3.4,3.6,3.7,3.3,4.4,2.0
Parson,-116.63,51.07,March,4.1,4.9,4.8,4.7,6.2,3.5
Parson,-116.63,51.07,April,3.8,5.4,5.0,5.6,7.8,4.8
Parson,-116.63,51.07,May,3.1,5.1,4.5,5.5,8.1,5.8
Parson,-116.63,51.07,June,3.1,5.5,4.7,6.1,9.3,6.4
Parson,-116.63,51.07,July,3.3,5.7,4.9,6.2,9.6,6.5
Parson,-116.63,51.07,August,3.4,5.4,4.8,5.7,8.3,5.4
Parson,-116.63,51.07,September,4.0,5.2,4.9,5.2,7.1,3.8
Parson,-116.63,51.07,October,3.7,4.2,4.2,3.9,5.3,2.3
Parson,-116.63,51.07,November,2.8,2.8,3.0,2.5,3.4,1.2
Parson,-116.63,51.07,December,2.1,2.0,2.1,1.7,2.3,0.8
Parson,-116.63,51.07,Annual,3.3,4.4,4.1,4.4,6.2,3.6
