name,latitude,longitude,month,South-facing vertical (tilt=90deg;),South-facing; tilt=latitude,South-facing; tilt=latitude+15deg;,South-facing; tilt=latitude-15deg;,Two-axis sun-tracking,Horizontal (tilt=0deg;)
Peachland,-119.74,49.77,January,1.8,1.8,1.9,1.6,2.1,1.1
Peachland,-119.74,49.77,February,2.7,3.0,3.0,2.8,3.5,2.0
Peachland,-119.74,49.77,March,3.6,4.5,4.4,4.4,5.8,3.4
Peachland,-119.74,49.77,April,3.5,5.1,4.7,5.3,7.2,4.8
Peachland,-119.74,49.77,May,3.1,5.3,4.6,5.7,8.0,5.8
Peachland,-119.74,49.77,June,3.0,5.4,4.6,6.0,9.0,6.3
Peachland,-119.74,49.77,July,3.2,5.8,5.0,6.3,9.5,6.6
Peachland,-119.74,49.77,August,3.6,5.7,5.1,6.0,8.6,5.6
Peachland,-119.74,49.77,September,4.1,5.4,5.1,5.4,7.4,4.0
Peachland,-119.74,49.77,October,3.5,4.0,4.0,3.8,5.0,2.4
Peachland,-119.74,49.77,November,2.2,2.2,2.3,2.0,2.6,1.2
Peachland,-119.74,49.77,December,1.6,1.5,1.6,1.4,1.8,0.8
Peachland,-119.74,49.77,Annual,3.0,4.1,3.9,4.2,5.9,3.7
