name,latitude,longitude,month,South-facing vertical (tilt=90deg;),South-facing; tilt=latitude,South-facing; tilt=latitude+15deg;,South-facing; tilt=latitude-15deg;,Two-axis sun-tracking,Horizontal (tilt=0deg;)
Pemberton,-122.80,50.31,January,1.9,1.9,1.9,1.7,2.2,0.8
Pemberton,-122.80,50.31,February,2.5,2.7,2.7,2.5,3.2,1.6
Pemberton,-122.80,50.31,March,3.3,4.1,3.9,4.0,5.2,2.9
Pemberton,-122.80,50.31,April,3.2,4.7,4.3,4.9,6.7,4.3
Pemberton,-122.80,50.31,May,3.0,4.9,4.3,5.3,7.6,5.5
Pemberton,-122.80,50.31,June,2.8,5.1,4.3,5.6,8.3,6.0
Pemberton,-122.80,50.31,July,3.1,5.4,4.7,5.9,8.9,6.2
Pemberton,-122.80,50.31,August,3.4,5.3,4.7,5.6,8.0,5.3
Pemberton,-122.80,50.31,September,3.7,4.9,4.7,4.9,6.7,3.6
Pemberton,-122.80,50.31,October,2.8,3.2,3.2,3.0,3.9,2.0
Pemberton,-122.80,50.31,November,1.9,1.9,2.0,1.7,2.3,1.0
Pemberton,-122.80,50.31,December,1.7,1.7,1.8,1.5,1.9,0.7
Pemberton,-122.80,50.31,Annual,2.8,3.8,3.6,3.9,5.4,3.3
