name,latitude,longitude,month,South-facing vertical (tilt=90deg;),South-facing; tilt=latitude,South-facing; tilt=latitude+15deg;,South-facing; tilt=latitude-15deg;,Two-axis sun-tracking,Horizontal (tilt=0deg;)
Pender Island,-123.28,48.78,January,1.8,1.8,1.9,1.7,2.2,0.9
Pender Island,-123.28,48.78,February,2.5,2.8,2.8,2.6,3.3,1.8
Pender Island,-123.28,48.78,March,3.2,4.0,3.9,4.0,5.2,3.1
Pender Island,-123.28,48.78,April,3.1,4.7,4.3,4.9,6.7,4.5
Pender Island,-123.28,48.78,May,2.9,5.0,4.4,5.4,7.7,5.6
Pender Island,-123.28,48.78,June,2.8,5.2,4.4,5.7,8.5,6.0
Pender Island,-123.28,48.78,July,3.0,5.5,4.8,6.1,9.1,6.4
Pender Island,-123.28,48.78,August,3.4,5.5,4.9,5.7,8.3,5.4
Pender Island,-123.28,48.78,September,4.0,5.4,5.1,5.3,7.4,4.0
Pender Island,-123.28,48.78,October,3.2,3.7,3.7,3.5,4.6,2.3
Pender Island,-123.28,48.78,November,2.0,2.1,2.1,1.9,2.4,1.1
Pender Island,-123.28,48.78,December,1.7,1.7,1.8,1.5,2.0,0.7
Pender Island,-123.28,48.78,Annual,2.8,4.0,3.7,4.0,5.6,3.5
