name,latitude,longitude,month,South-facing vertical (tilt=90deg;),South-facing; tilt=latitude,South-facing; tilt=latitude+15deg;,South-facing; tilt=latitude-15deg;,Two-axis sun-tracking,Horizontal (tilt=0deg;)
Pendleton Bay,-125.72,54.52,January,2.0,1.9,2.0,1.7,2.2,0.7
Pendleton Bay,-125.72,54.52,February,2.8,2.9,3.0,2.7,3.5,1.5
Pendleton Bay,-125.72,54.52,March,3.6,4.3,4.1,4.1,5.4,2.9
Pendleton Bay,-125.72,54.52,April,3.5,4.8,4.4,5.0,7.0,4.5
Pendleton Bay,-125.72,54.52,May,3.0,4.7,4.1,5.1,7.3,5.4
Pendleton Bay,-125.72,54.52,June,3.0,4.9,4.2,5.4,8.2,5.8
Pendleton Bay,-125.72,54.52,July,3.1,5.0,4.3,5.5,8.2,5.7
Pendleton Bay,-125.72,54.52,August,3.4,5.0,4.4,5.2,7.5,4.7
Pendleton Bay,-125.72,54.52,September,3.4,4.3,4.1,4.3,5.8,3.3
Pendleton Bay,-125.72,54.52,October,2.5,2.8,2.8,2.7,3.5,1.7
Pendleton Bay,-125.72,54.52,November,1.9,1.9,2.0,1.7,2.2,0.8
Pendleton Bay,-125.72,54.52,December,1.5,1.4,1.5,1.3,1.7,0.5
Pendleton Bay,-125.72,54.52,Annual,2.8,3.7,3.4,3.7,5.2,3.1
