name,latitude,longitude,month,South-facing vertical (tilt=90deg;),South-facing; tilt=latitude,South-facing; tilt=latitude+15deg;,South-facing; tilt=latitude-15deg;,Two-axis sun-tracking,Horizontal (tilt=0deg;)
Penny,-121.29,53.84,January,2.4,2.3,2.4,2.0,2.6,0.7
Penny,-121.29,53.84,February,3.2,3.3,3.4,3.0,3.9,1.6
Penny,-121.29,53.84,March,4.1,4.7,4.6,4.6,6.0,3.0
Penny,-121.29,53.84,April,3.8,5.3,4.9,5.4,7.6,4.4
Penny,-121.29,53.84,May,3.2,5.0,4.3,5.4,7.9,5.4
Penny,-121.29,53.84,June,3.1,5.2,4.4,5.7,8.6,5.9
Penny,-121.29,53.84,July,3.3,5.2,4.5,5.7,8.6,5.9
Penny,-121.29,53.84,August,3.4,5.0,4.5,5.3,7.6,4.9
Penny,-121.29,53.84,September,3.5,4.4,4.2,4.4,5.9,3.2
Penny,-121.29,53.84,October,2.9,3.2,3.2,3.1,3.9,1.8
Penny,-121.29,53.84,November,2.4,2.3,2.4,2.1,2.7,0.9
Penny,-121.29,53.84,December,2.0,1.9,2.0,1.6,2.2,0.6
Penny,-121.29,53.84,Annual,3.1,4.0,3.7,4.0,5.6,3.2
