name,latitude,longitude,month,South-facing vertical (tilt=90deg;),South-facing; tilt=latitude,South-facing; tilt=latitude+15deg;,South-facing; tilt=latitude-15deg;,Two-axis sun-tracking,Horizontal (tilt=0deg;)
Penticton,-119.59,49.49,January,1.8,1.8,1.9,1.6,2.1,1.1
Penticton,-119.59,49.49,February,2.7,2.9,3.0,2.7,3.5,2.1
Penticton,-119.59,49.49,March,3.6,4.5,4.3,4.3,5.7,3.5
Penticton,-119.59,49.49,April,3.4,5.1,4.6,5.3,7.2,4.8
Penticton,-119.59,49.49,May,3.1,5.3,4.6,5.7,8.0,5.8
Penticton,-119.59,49.49,June,3.0,5.4,4.6,6.0,9.0,6.3
Penticton,-119.59,49.49,July,3.2,5.8,5.0,6.3,9.6,6.7
Penticton,-119.59,49.49,August,3.6,5.7,5.1,6.0,8.6,5.6
Penticton,-119.59,49.49,September,4.1,5.5,5.2,5.4,7.5,4.1
Penticton,-119.59,49.49,October,3.5,4.1,4.1,3.8,5.1,2.5
Penticton,-119.59,49.49,November,2.2,2.2,2.3,2.0,2.7,1.2
Penticton,-119.59,49.49,December,1.6,1.5,1.6,1.4,1.8,0.8
Penticton,-119.59,49.49,Annual,3.0,4.2,3.9,4.2,5.9,3.7
