name,latitude,longitude,month,South-facing vertical (tilt=90deg;),South-facing; tilt=latitude,South-facing; tilt=latitude+15deg;,South-facing; tilt=latitude-15deg;,Two-axis sun-tracking,Horizontal (tilt=0deg;)
Pink Mountain,-122.51,57.04,January,2.4,2.2,2.4,2.0,2.6,0.6
Pink Mountain,-122.51,57.04,February,3.6,3.6,3.7,3.3,4.3,1.4
Pink Mountain,-122.51,57.04,March,4.5,5.0,4.9,4.8,6.4,2.8
Pink Mountain,-122.51,57.04,April,4.2,5.5,5.0,5.6,8.0,4.4
Pink Mountain,-122.51,57.04,May,3.3,4.9,4.2,5.3,7.9,5.3
Pink Mountain,-122.51,57.04,June,3.3,5.1,4.4,5.6,8.8,5.8
Pink Mountain,-122.51,57.04,July,3.2,4.8,4.2,5.3,8.1,5.5
Pink Mountain,-122.51,57.04,August,3.4,4.8,4.2,5.0,7.2,4.5
Pink Mountain,-122.51,57.04,September,3.4,4.2,3.9,4.2,5.6,3.0
Pink Mountain,-122.51,57.04,October,3.0,3.2,3.2,3.0,3.9,1.6
Pink Mountain,-122.51,57.04,November,2.4,2.3,2.4,2.0,2.7,0.7
Pink Mountain,-122.51,57.04,December,2.0,1.8,2.0,1.6,2.1,0.4
Pink Mountain,-122.51,57.04,Annual,3.2,3.9,3.7,4.0,5.6,3.0
