name,latitude,longitude,month,South-facing vertical (tilt=90deg;),South-facing; tilt=latitude,South-facing; tilt=latitude+15deg;,South-facing; tilt=latitude-15deg;,Two-axis sun-tracking,Horizontal (tilt=0deg;)
Pitt Meadows,-122.69,49.22,January,1.8,1.8,1.8,1.6,2.1,0.9
Pitt Meadows,-122.69,49.22,February,2.3,2.5,2.5,2.3,3.0,1.6
Pitt Meadows,-122.69,49.22,March,2.9,3.6,3.5,3.5,4.6,2.7
Pitt Meadows,-122.69,49.22,April,2.8,4.3,3.9,4.4,6.0,3.9
Pitt Meadows,-122.69,49.22,May,2.6,4.4,3.8,4.8,6.7,5.3
Pitt Meadows,-122.69,49.22,June,2.6,4.8,4.1,5.3,7.8,5.8
Pitt Meadows,-122.69,49.22,July,2.9,5.2,4.5,5.7,8.5,6.1
Pitt Meadows,-122.69,49.22,August,3.1,5.0,4.5,5.3,7.6,5.2
Pitt Meadows,-122.69,49.22,September,3.6,4.9,4.7,4.9,6.7,3.6
Pitt Meadows,-122.69,49.22,October,2.7,3.2,3.2,3.0,3.9,2.0
Pitt Meadows,-122.69,49.22,November,1.8,1.9,2.0,1.7,2.2,1.0
Pitt Meadows,-122.69,49.22,December,1.7,1.6,1.7,1.4,1.9,0.7
Pitt Meadows,-122.69,49.22,Annual,2.6,3.6,3.4,3.7,5.1,3.2
