name,latitude,longitude,month,South-facing vertical (tilt=90deg;),South-facing; tilt=latitude,South-facing; tilt=latitude+15deg;,South-facing; tilt=latitude-15deg;,Two-axis sun-tracking,Horizontal (tilt=0deg;)
Popkum,-121.73,49.20,January,1.7,1.8,1.8,1.6,2.0,0.9
Popkum,-121.73,49.20,February,2.3,2.5,2.5,2.3,3.0,1.6
Popkum,-121.73,49.20,March,2.9,3.6,3.5,3.6,4.6,2.8
Popkum,-121.73,49.20,April,2.9,4.4,4.0,4.5,6.1,4.0
Popkum,-121.73,49.20,May,2.6,4.5,3.9,4.9,6.9,5.3
Popkum,-121.73,49.20,June,2.6,4.8,4.1,5.3,7.8,5.9
Popkum,-121.73,49.20,July,2.9,5.3,4.6,5.8,8.6,6.2
Popkum,-121.73,49.20,August,3.3,5.3,4.7,5.5,7.9,5.4
Popkum,-121.73,49.20,September,3.6,4.9,4.7,4.9,6.7,3.6
Popkum,-121.73,49.20,October,2.8,3.2,3.2,3.1,4.0,2.1
Popkum,-121.73,49.20,November,1.8,1.9,1.9,1.7,2.2,1.0
Popkum,-121.73,49.20,December,1.7,1.6,1.7,1.4,1.9,0.8
Popkum,-121.73,49.20,Annual,2.6,3.7,3.4,3.7,5.2,3.3
