name,latitude,longitude,month,South-facing vertical (tilt=90deg;),South-facing; tilt=latitude,South-facing; tilt=latitude+15deg;,South-facing; tilt=latitude-15deg;,Two-axis sun-tracking,Horizontal (tilt=0deg;)
Port Clements,-132.16,53.68,January,1.3,1.3,1.4,1.2,1.5,0.6
Port Clements,-132.16,53.68,February,2.2,2.4,2.4,2.2,2.7,1.3
Port Clements,-132.16,53.68,March,2.8,3.4,3.3,3.4,4.2,2.4
Port Clements,-132.16,53.68,April,3.0,4.2,3.9,4.4,5.7,3.9
Port Clements,-132.16,53.68,May,3.0,4.7,4.1,5.1,6.9,5.0
Port Clements,-132.16,53.68,June,2.8,4.5,3.9,5.0,6.9,5.3
Port Clements,-132.16,53.68,July,2.8,4.4,3.8,4.8,6.6,5.1
Port Clements,-132.16,53.68,August,3.0,4.4,4.0,4.7,6.3,4.3
Port Clements,-132.16,53.68,September,3.0,3.9,3.6,3.9,5.1,2.9
Port Clements,-132.16,53.68,October,2.1,2.4,2.4,2.3,2.8,1.5
Port Clements,-132.16,53.68,November,1.6,1.6,1.7,1.5,1.8,0.8
Port Clements,-132.16,53.68,December,1.1,1.1,1.1,0.9,1.2,0.5
Port Clements,-132.16,53.68,Annual,2.4,3.2,3.0,3.3,4.3,2.8
