name,latitude,longitude,month,South-facing vertical (tilt=90deg;),South-facing; tilt=latitude,South-facing; tilt=latitude+15deg;,South-facing; tilt=latitude-15deg;,Two-axis sun-tracking,Horizontal (tilt=0deg;)
Port Mellon,-123.49,49.52,January,1.7,1.7,1.8,1.5,2.0,0.8
Port Mellon,-123.49,49.52,February,2.1,2.4,2.4,2.2,2.8,1.5
Port Mellon,-123.49,49.52,March,2.8,3.5,3.4,3.4,4.4,2.5
Port Mellon,-123.49,49.52,April,2.9,4.2,3.9,4.4,5.9,3.7
Port Mellon,-123.49,49.52,May,2.6,4.3,3.8,4.7,6.6,5.2
Port Mellon,-123.49,49.52,June,2.6,4.7,4.1,5.2,7.6,5.7
Port Mellon,-123.49,49.52,July,2.9,5.1,4.4,5.6,8.3,6.0
Port Mellon,-123.49,49.52,August,3.1,5.0,4.5,5.3,7.5,5.1
Port Mellon,-123.49,49.52,September,3.5,4.7,4.5,4.7,6.4,3.4
Port Mellon,-123.49,49.52,October,2.5,3.0,2.9,2.8,3.6,1.9
Port Mellon,-123.49,49.52,November,1.8,1.9,1.9,1.7,2.2,1.0
Port Mellon,-123.49,49.52,December,1.6,1.6,1.7,1.4,1.8,0.7
Port Mellon,-123.49,49.52,Annual,2.5,3.5,3.3,3.6,4.9,3.1
