name,latitude,longitude,month,South-facing vertical (tilt=90deg;),South-facing; tilt=latitude,South-facing; tilt=latitude+15deg;,South-facing; tilt=latitude-15deg;,Two-axis sun-tracking,Horizontal (tilt=0deg;)
Port Renfrew,-124.42,48.55,January,1.7,1.8,1.8,1.6,2.1,0.9
Port Renfrew,-124.42,48.55,February,2.0,2.3,2.3,2.1,2.7,1.5
Port Renfrew,-124.42,48.55,March,2.6,3.3,3.2,3.3,4.3,2.5
Port Renfrew,-124.42,48.55,April,2.8,4.1,3.8,4.3,5.7,3.6
Port Renfrew,-124.42,48.55,May,2.5,4.3,3.8,4.7,6.5,5.1
Port Renfrew,-124.42,48.55,June,2.6,4.7,4.1,5.2,7.6,5.6
Port Renfrew,-124.42,48.55,July,2.8,5.1,4.4,5.6,8.3,6.0
Port Renfrew,-124.42,48.55,August,3.0,4.9,4.4,5.2,7.3,5.2
Port Renfrew,-124.42,48.55,September,3.6,4.8,4.6,4.8,6.5,3.5
Port Renfrew,-124.42,48.55,October,2.7,3.1,3.1,3.0,3.9,2.0
Port Renfrew,-124.42,48.55,November,1.9,2.0,2.0,1.8,2.3,1.0
Port Renfrew,-124.42,48.55,December,1.6,1.6,1.7,1.4,1.9,0.7
Port Renfrew,-124.42,48.55,Annual,2.5,3.5,3.3,3.6,4.9,3.1
