name,latitude,longitude,month,South-facing vertical (tilt=90deg;),South-facing; tilt=latitude,South-facing; tilt=latitude+15deg;,South-facing; tilt=latitude-15deg;,Two-axis sun-tracking,Horizontal (tilt=0deg;)
Port Hardy,-127.49,50.70,January,1.5,1.6,1.6,1.4,1.8,0.7
Port Hardy,-127.49,50.70,February,2.1,2.3,2.3,2.2,2.7,1.4
Port Hardy,-127.49,50.70,March,2.8,3.5,3.3,3.4,4.3,2.5
Port Hardy,-127.49,50.70,April,2.9,4.2,3.8,4.4,5.8,3.7
Port Hardy,-127.49,50.70,May,2.8,4.5,4.0,4.9,6.7,5.1
Port Hardy,-127.49,50.70,June,2.7,4.7,4.1,5.2,7.5,5.4
Port Hardy,-127.49,50.70,July,2.9,4.9,4.2,5.3,7.6,5.6
Port Hardy,-127.49,50.70,August,2.9,4.5,4.1,4.8,6.6,4.7
Port Hardy,-127.49,50.70,September,3.4,4.4,4.2,4.4,5.8,3.2
Port Hardy,-127.49,50.70,October,2.4,2.8,2.8,2.7,3.4,1.8
Port Hardy,-127.49,50.70,November,1.7,1.8,1.8,1.6,2.1,0.9
Port Hardy,-127.49,50.70,December,1.3,1.3,1.4,1.2,1.5,0.6
Port Hardy,-127.49,50.70,Annual,2.4,3.4,3.1,3.5,4.7,3.0
