name,latitude,longitude,month,South-facing vertical (tilt=90deg;),South-facing; tilt=latitude,South-facing; tilt=latitude+15deg;,South-facing; tilt=latitude-15deg;,Two-axis sun-tracking,Horizontal (tilt=0deg;)
Port Alberni,-124.81,49.25,January,1.7,1.7,1.8,1.5,2.0,0.8
Port Alberni,-124.81,49.25,February,2.1,2.3,2.3,2.2,2.8,1.5
Port Alberni,-124.81,49.25,March,2.8,3.5,3.4,3.4,4.5,2.5
Port Alberni,-124.81,49.25,April,3.0,4.4,4.1,4.6,6.2,3.9
Port Alberni,-124.81,49.25,May,2.8,4.8,4.2,5.1,7.2,5.4
Port Alberni,-124.81,49.25,June,2.8,5.1,4.3,5.6,8.2,5.8
Port Alberni,-124.81,49.25,July,3.0,5.3,4.6,5.8,8.7,6.1
Port Alberni,-124.81,49.25,August,3.2,5.1,4.5,5.4,7.6,5.2
Port Alberni,-124.81,49.25,September,3.8,5.0,4.8,5.0,6.8,3.7
Port Alberni,-124.81,49.25,October,2.8,3.2,3.2,3.0,3.9,2.0
Port Alberni,-124.81,49.25,November,1.9,1.9,2.0,1.8,2.3,1.0
Port Alberni,-124.81,49.25,December,1.6,1.5,1.6,1.3,1.8,0.7
Port Alberni,-124.81,49.25,Annual,2.6,3.7,3.4,3.7,5.2,3.2
