name,latitude,longitude,month,South-facing vertical (tilt=90deg;),South-facing; tilt=latitude,South-facing; tilt=latitude+15deg;,South-facing; tilt=latitude-15deg;,Two-axis sun-tracking,Horizontal (tilt=0deg;)
Port Edward,-130.28,54.22,January,1.5,1.4,1.5,1.3,1.6,0.5
Port Edward,-130.28,54.22,February,2.1,2.2,2.3,2.1,2.6,1.1
Port Edward,-130.28,54.22,March,2.6,3.1,3.0,3.0,3.8,2.2
Port Edward,-130.28,54.22,April,2.7,3.8,3.4,3.9,5.2,3.3
Port Edward,-130.28,54.22,May,2.5,4.0,3.5,4.3,6.0,4.7
Port Edward,-130.28,54.22,June,2.5,4.1,3.5,4.5,6.5,5.2
Port Edward,-130.28,54.22,July,2.5,4.1,3.5,4.5,6.2,4.9
Port Edward,-130.28,54.22,August,2.6,3.9,3.4,4.1,5.5,4.0
Port Edward,-130.28,54.22,September,2.6,3.4,3.2,3.4,4.4,2.5
Port Edward,-130.28,54.22,October,1.9,2.2,2.1,2.1,2.5,1.4
Port Edward,-130.28,54.22,November,1.4,1.5,1.5,1.3,1.7,0.7
Port Edward,-130.28,54.22,December,1.2,1.2,1.2,1.0,1.3,0.4
Port Edward,-130.28,54.22,Annual,2.2,2.9,2.7,3.0,3.9,2.6
