name,latitude,longitude,month,South-facing vertical (tilt=90deg;),South-facing; tilt=latitude,South-facing; tilt=latitude+15deg;,South-facing; tilt=latitude-15deg;,Two-axis sun-tracking,Horizontal (tilt=0deg;)
Port Coquitlam,-122.76,49.26,January,1.7,1.8,1.8,1.6,2.0,0.9
Port Coquitlam,-122.76,49.26,February,2.2,2.5,2.5,2.3,2.9,1.5
Port Coquitlam,-122.76,49.26,March,2.8,3.6,3.5,3.5,4.5,2.6
Port Coquitlam,-122.76,49.26,April,2.8,4.2,3.9,4.4,5.9,3.8
Port Coquitlam,-122.76,49.26,May,2.6,4.4,3.8,4.7,6.7,5.3
Port Coquitlam,-122.76,49.26,June,2.6,4.7,4.1,5.2,7.7,5.8
Port Coquitlam,-122.76,49.26,July,2.8,5.2,4.5,5.7,8.4,6.1
Port Coquitlam,-122.76,49.26,August,3.1,5.1,4.5,5.3,7.6,5.2
Port Coquitlam,-122.76,49.26,September,3.6,4.9,4.6,4.8,6.6,3.6
Port Coquitlam,-122.76,49.26,October,2.7,3.1,3.1,3.0,3.9,2.0
Port Coquitlam,-122.76,49.26,November,1.8,1.9,2.0,1.7,2.2,1.0
Port Coquitlam,-122.76,49.26,December,1.7,1.6,1.7,1.4,1.9,0.7
Port Coquitlam,-122.76,49.26,Annual,2.5,3.6,3.3,3.6,5.1,3.2
