name,latitude,longitude,month,South-facing vertical (tilt=90deg;),South-facing; tilt=latitude,South-facing; tilt=latitude+15deg;,South-facing; tilt=latitude-15deg;,Two-axis sun-tracking,Horizontal (tilt=0deg;)
Port Moody,-122.85,49.28,January,1.7,1.7,1.8,1.6,2.0,0.9
Port Moody,-122.85,49.28,February,2.2,2.5,2.5,2.3,2.9,1.5
Port Moody,-122.85,49.28,March,2.8,3.5,3.4,3.5,4.5,2.6
Port Moody,-122.85,49.28,April,2.8,4.2,3.9,4.4,5.9,3.8
Port Moody,-122.85,49.28,May,2.6,4.4,3.9,4.8,6.8,5.3
Port Moody,-122.85,49.28,June,2.6,4.8,4.1,5.2,7.7,5.8
Port Moody,-122.85,49.28,July,2.8,5.2,4.4,5.6,8.4,6.1
Port Moody,-122.85,49.28,August,3.1,5.1,4.5,5.4,7.6,5.2
Port Moody,-122.85,49.28,September,3.6,4.9,4.6,4.8,6.6,3.6
Port Moody,-122.85,49.28,October,2.7,3.2,3.2,3.0,3.9,2.0
Port Moody,-122.85,49.28,November,1.8,1.9,2.0,1.7,2.2,1.0
Port Moody,-122.85,49.28,December,1.7,1.6,1.7,1.4,1.9,0.7
Port Moody,-122.85,49.28,Annual,2.5,3.6,3.3,3.6,5.1,3.2
