name,latitude,longitude,month,South-facing vertical (tilt=90deg;),South-facing; tilt=latitude,South-facing; tilt=latitude+15deg;,South-facing; tilt=latitude-15deg;,Two-axis sun-tracking,Horizontal (tilt=0deg;)
Port McNeill,-127.10,50.57,January,1.6,1.6,1.7,1.5,1.9,0.7
Port McNeill,-127.10,50.57,February,2.1,2.3,2.3,2.2,2.7,1.4
Port McNeill,-127.10,50.57,March,2.9,3.6,3.5,3.6,4.6,2.6
Port McNeill,-127.10,50.57,April,3.0,4.4,4.0,4.5,6.1,3.8
Port McNeill,-127.10,50.57,May,2.8,4.5,4.0,4.9,6.7,5.1
Port McNeill,-127.10,50.57,June,2.8,4.8,4.1,5.3,7.6,5.5
Port McNeill,-127.10,50.57,July,2.9,4.9,4.3,5.4,7.7,5.6
Port McNeill,-127.10,50.57,August,2.9,4.5,4.0,4.7,6.6,4.7
Port McNeill,-127.10,50.57,September,3.4,4.5,4.3,4.5,6.0,3.2
Port McNeill,-127.10,50.57,October,2.5,2.9,2.9,2.7,3.5,1.8
Port McNeill,-127.10,50.57,November,1.7,1.8,1.8,1.6,2.1,0.9
Port McNeill,-127.10,50.57,December,1.4,1.3,1.4,1.2,1.5,0.6
Port McNeill,-127.10,50.57,Annual,2.5,3.4,3.2,3.5,4.8,3.0
