name,latitude,longitude,month,South-facing vertical (tilt=90deg;),South-facing; tilt=latitude,South-facing; tilt=latitude+15deg;,South-facing; tilt=latitude-15deg;,Two-axis sun-tracking,Horizontal (tilt=0deg;)
Port Alice,-127.45,50.38,January,1.6,1.6,1.7,1.4,1.8,0.7
Port Alice,-127.45,50.38,February,2.0,2.2,2.2,2.1,2.6,1.4
Port Alice,-127.45,50.38,March,2.7,3.3,3.2,3.3,4.2,2.3
Port Alice,-127.45,50.38,April,2.8,4.1,3.7,4.2,5.6,3.5
Port Alice,-127.45,50.38,May,2.6,4.3,3.8,4.7,6.3,4.9
Port Alice,-127.45,50.38,June,2.7,4.7,4.0,5.2,7.4,5.4
Port Alice,-127.45,50.38,July,2.8,4.8,4.2,5.3,7.5,5.6
Port Alice,-127.45,50.38,August,2.8,4.4,4.0,4.7,6.5,4.7
Port Alice,-127.45,50.38,September,3.3,4.4,4.1,4.4,5.8,3.1
Port Alice,-127.45,50.38,October,2.5,2.9,2.8,2.7,3.5,1.8
Port Alice,-127.45,50.38,November,1.7,1.8,1.9,1.6,2.1,0.9
Port Alice,-127.45,50.38,December,1.4,1.3,1.4,1.2,1.5,0.6
Port Alice,-127.45,50.38,Annual,2.4,3.3,3.1,3.4,4.6,2.9
