name,latitude,longitude,month,South-facing vertical (tilt=90deg;),South-facing; tilt=latitude,South-facing; tilt=latitude+15deg;,South-facing; tilt=latitude-15deg;,Two-axis sun-tracking,Horizontal (tilt=0deg;)
Pouce Coupe,-120.13,55.72,January,2.8,2.6,2.8,2.3,3.0,0.7
Pouce Coupe,-120.13,55.72,February,3.8,3.8,4.0,3.5,4.6,1.6
Pouce Coupe,-120.13,55.72,March,4.7,5.2,5.1,5.0,6.7,3.1
Pouce Coupe,-120.13,55.72,April,4.3,5.7,5.3,5.9,8.4,4.6
Pouce Coupe,-120.13,55.72,May,3.5,5.3,4.6,5.7,8.6,5.5
Pouce Coupe,-120.13,55.72,June,3.4,5.4,4.6,5.9,9.4,6.0
Pouce Coupe,-120.13,55.72,July,3.4,5.3,4.5,5.8,8.9,5.9
Pouce Coupe,-120.13,55.72,August,3.5,5.0,4.5,5.3,7.7,4.8
Pouce Coupe,-120.13,55.72,September,3.6,4.4,4.2,4.4,5.9,3.1
Pouce Coupe,-120.13,55.72,October,3.4,3.7,3.7,3.5,4.5,1.8
Pouce Coupe,-120.13,55.72,November,2.8,2.7,2.8,2.4,3.1,0.8
Pouce Coupe,-120.13,55.72,December,2.4,2.2,2.4,1.9,2.6,0.5
Pouce Coupe,-120.13,55.72,Annual,3.5,4.3,4.0,4.3,6.1,3.2
