name,latitude,longitude,month,South-facing vertical (tilt=90deg;),South-facing; tilt=latitude,South-facing; tilt=latitude+15deg;,South-facing; tilt=latitude-15deg;,Two-axis sun-tracking,Horizontal (tilt=0deg;)
Powell River,-124.53,49.85,January,1.7,1.7,1.8,1.6,2.1,0.8
Powell River,-124.53,49.85,February,2.4,2.6,2.6,2.4,3.1,1.6
Powell River,-124.53,49.85,March,3.2,4.0,3.8,3.9,5.1,2.8
Powell River,-124.53,49.85,April,3.1,4.6,4.2,4.8,6.5,4.2
Powell River,-124.53,49.85,May,2.9,4.8,4.2,5.1,7.2,5.4
Powell River,-124.53,49.85,June,2.8,5.0,4.3,5.5,8.0,5.8
Powell River,-124.53,49.85,July,3.0,5.3,4.5,5.7,8.5,6.0
Powell River,-124.53,49.85,August,3.2,5.1,4.6,5.4,7.7,5.1
Powell River,-124.53,49.85,September,3.8,5.0,4.8,5.0,6.8,3.7
Powell River,-124.53,49.85,October,2.9,3.3,3.3,3.1,4.1,2.0
Powell River,-124.53,49.85,November,1.9,1.9,2.0,1.8,2.3,1.0
Powell River,-124.53,49.85,December,1.6,1.5,1.6,1.3,1.8,0.7
Powell River,-124.53,49.85,Annual,2.7,3.7,3.5,3.8,5.3,3.3
