name,latitude,longitude,month,South-facing vertical (tilt=90deg;),South-facing; tilt=latitude,South-facing; tilt=latitude+15deg;,South-facing; tilt=latitude-15deg;,Two-axis sun-tracking,Horizontal (tilt=0deg;)
Prespatou,-121.05,56.93,January,2.7,2.5,2.7,2.2,2.9,0.6
Prespatou,-121.05,56.93,February,3.8,3.8,4.0,3.5,4.6,1.5
Prespatou,-121.05,56.93,March,4.8,5.3,5.2,5.1,6.8,3.0
Prespatou,-121.05,56.93,April,4.4,5.8,5.3,5.9,8.4,4.5
Prespatou,-121.05,56.93,May,3.5,5.1,4.5,5.6,8.4,5.4
Prespatou,-121.05,56.93,June,3.4,5.4,4.6,5.9,9.4,6.0
Prespatou,-121.05,56.93,July,3.4,5.1,4.4,5.6,8.7,5.7
Prespatou,-121.05,56.93,August,3.5,4.9,4.4,5.2,7.6,4.7
Prespatou,-121.05,56.93,September,3.6,4.3,4.1,4.3,5.8,3.1
Prespatou,-121.05,56.93,October,3.3,3.5,3.5,3.3,4.2,1.6
Prespatou,-121.05,56.93,November,2.6,2.5,2.7,2.2,2.9,0.8
Prespatou,-121.05,56.93,December,2.3,2.1,2.3,1.8,2.4,0.4
Prespatou,-121.05,56.93,Annual,3.4,4.2,4.0,4.2,6.0,3.1
