name,latitude,longitude,month,South-facing vertical (tilt=90deg;),South-facing; tilt=latitude,South-facing; tilt=latitude+15deg;,South-facing; tilt=latitude-15deg;,Two-axis sun-tracking,Horizontal (tilt=0deg;)
Princeton,-120.51,49.46,January,1.8,1.8,1.9,1.6,2.1,1.0
Princeton,-120.51,49.46,February,2.7,3.0,3.0,2.7,3.5,2.0
Princeton,-120.51,49.46,March,3.6,4.5,4.3,4.3,5.7,3.4
Princeton,-120.51,49.46,April,3.4,5.0,4.6,5.2,7.1,4.8
Princeton,-120.51,49.46,May,3.1,5.2,4.6,5.6,8.0,5.8
Princeton,-120.51,49.46,June,2.9,5.3,4.5,5.9,8.8,6.2
Princeton,-120.51,49.46,July,3.1,5.7,4.9,6.2,9.3,6.5
Princeton,-120.51,49.46,August,3.5,5.6,5.0,5.9,8.5,5.6
Princeton,-120.51,49.46,September,4.1,5.4,5.1,5.4,7.4,4.0
Princeton,-120.51,49.46,October,3.5,4.0,4.0,3.8,5.0,2.4
Princeton,-120.51,49.46,November,2.1,2.2,2.3,2.0,2.6,1.2
Princeton,-120.51,49.46,December,1.6,1.6,1.7,1.4,1.9,0.8
Princeton,-120.51,49.46,Annual,3.0,4.1,3.8,4.2,5.8,3.7
