name,latitude,longitude,month,South-facing vertical (tilt=90deg;),South-facing; tilt=latitude,South-facing; tilt=latitude+15deg;,South-facing; tilt=latitude-15deg;,Two-axis sun-tracking,Horizontal (tilt=0deg;)
Prince Rupert,-130.32,54.31,January,1.5,1.4,1.5,1.3,1.6,0.5
Prince Rupert,-130.32,54.31,February,2.1,2.3,2.3,2.1,2.6,1.1
Prince Rupert,-130.32,54.31,March,2.6,3.1,3.0,3.0,3.8,2.2
Prince Rupert,-130.32,54.31,April,2.7,3.8,3.4,3.9,5.2,3.4
Prince Rupert,-130.32,54.31,May,2.6,4.0,3.5,4.3,6.0,4.7
Prince Rupert,-130.32,54.31,June,2.5,4.1,3.5,4.5,6.4,5.2
Prince Rupert,-130.32,54.31,July,2.5,4.0,3.5,4.4,6.2,4.9
Prince Rupert,-130.32,54.31,August,2.6,3.8,3.4,4.1,5.4,4.0
Prince Rupert,-130.32,54.31,September,2.6,3.4,3.1,3.4,4.4,2.5
Prince Rupert,-130.32,54.31,October,1.9,2.1,2.1,2.1,2.5,1.4
Prince Rupert,-130.32,54.31,November,1.4,1.5,1.5,1.3,1.7,0.7
Prince Rupert,-130.32,54.31,December,1.2,1.2,1.2,1.0,1.3,0.4
Prince Rupert,-130.32,54.31,Annual,2.2,2.9,2.7,3.0,3.9,2.6
