name,latitude,longitude,month,South-facing vertical (tilt=90deg;),South-facing; tilt=latitude,South-facing; tilt=latitude+15deg;,South-facing; tilt=latitude-15deg;,Two-axis sun-tracking,Horizontal (tilt=0deg;)
Prince George,-122.74,53.92,January,2.1,2.0,2.1,1.8,2.4,0.7
Prince George,-122.74,53.92,February,3.0,3.1,3.2,2.9,3.7,1.6
Prince George,-122.74,53.92,March,3.9,4.5,4.4,4.4,5.8,3.0
Prince George,-122.74,53.92,April,3.7,5.1,4.7,5.3,7.4,4.5
Prince George,-122.74,53.92,May,3.1,4.9,4.2,5.3,7.6,5.4
Prince George,-122.74,53.92,June,3.2,5.2,4.4,5.7,8.5,5.9
Prince George,-122.74,53.92,July,3.3,5.3,4.6,5.8,8.7,5.9
Prince George,-122.74,53.92,August,3.5,5.2,4.6,5.4,7.8,4.9
Prince George,-122.74,53.92,September,3.5,4.4,4.2,4.4,6.0,3.3
Prince George,-122.74,53.92,October,2.7,3.0,3.0,2.9,3.7,1.8
Prince George,-122.74,53.92,November,2.2,2.1,2.2,1.9,2.5,0.9
Prince George,-122.74,53.92,December,1.6,1.5,1.6,1.4,1.8,0.5
Prince George,-122.74,53.92,Annual,3.0,3.9,3.6,3.9,5.5,3.2
