name,latitude,longitude,month,South-facing vertical (tilt=90deg;),South-facing; tilt=latitude,South-facing; tilt=latitude+15deg;,South-facing; tilt=latitude-15deg;,Two-axis sun-tracking,Horizontal (tilt=0deg;)
Pritchard,-119.82,50.68,January,2.1,2.0,2.1,1.8,2.4,1.0
Pritchard,-119.82,50.68,February,3.0,3.2,3.2,3.0,3.8,1.9
Pritchard,-119.82,50.68,March,3.9,4.7,4.6,4.6,6.0,3.4
Pritchard,-119.82,50.68,April,3.6,5.2,4.8,5.4,7.4,4.8
Pritchard,-119.82,50.68,May,3.1,5.2,4.5,5.6,8.0,5.8
Pritchard,-119.82,50.68,June,3.0,5.4,4.6,5.9,8.9,6.3
Pritchard,-119.82,50.68,July,3.2,5.6,4.9,6.2,9.3,6.5
Pritchard,-119.82,50.68,August,3.6,5.6,5.0,5.8,8.4,5.5
Pritchard,-119.82,50.68,September,4.0,5.2,5.0,5.2,7.1,3.9
Pritchard,-119.82,50.68,October,3.4,3.9,3.9,3.7,4.8,2.3
Pritchard,-119.82,50.68,November,2.3,2.3,2.4,2.1,2.7,1.1
Pritchard,-119.82,50.68,December,1.7,1.7,1.8,1.5,1.9,0.8
Pritchard,-119.82,50.68,Annual,3.1,4.2,3.9,4.2,5.9,3.6
