name,latitude,longitude,month,South-facing vertical (tilt=90deg;),South-facing; tilt=latitude,South-facing; tilt=latitude+15deg;,South-facing; tilt=latitude-15deg;,Two-axis sun-tracking,Horizontal (tilt=0deg;)
Qualicum Beach,-124.44,49.35,January,1.7,1.8,1.8,1.6,2.1,0.9
Qualicum Beach,-124.44,49.35,February,2.3,2.5,2.6,2.4,3.0,1.6
Qualicum Beach,-124.44,49.35,March,3.1,3.9,3.8,3.8,5.0,2.9
Qualicum Beach,-124.44,49.35,April,3.2,4.7,4.3,4.8,6.6,4.3
Qualicum Beach,-124.44,49.35,May,2.9,4.9,4.3,5.3,7.6,5.5
Qualicum Beach,-124.44,49.35,June,2.8,5.1,4.3,5.6,8.3,5.9
Qualicum Beach,-124.44,49.35,July,3.0,5.4,4.7,5.9,8.8,6.2
Qualicum Beach,-124.44,49.35,August,3.3,5.2,4.7,5.5,7.9,5.3
Qualicum Beach,-124.44,49.35,September,3.9,5.2,4.9,5.1,7.1,3.8
Qualicum Beach,-124.44,49.35,October,3.0,3.4,3.4,3.2,4.2,2.1
Qualicum Beach,-124.44,49.35,November,1.9,2.0,2.0,1.8,2.3,1.0
Qualicum Beach,-124.44,49.35,December,1.6,1.6,1.7,1.4,1.8,0.7
Qualicum Beach,-124.44,49.35,Annual,2.7,3.8,3.6,3.9,5.4,3.3
