name,latitude,longitude,month,South-facing vertical (tilt=90deg;),South-facing; tilt=latitude,South-facing; tilt=latitude+15deg;,South-facing; tilt=latitude-15deg;,Two-axis sun-tracking,Horizontal (tilt=0deg;)
Quatsino,-127.65,50.54,January,1.5,1.6,1.6,1.4,1.8,0.7
Quatsino,-127.65,50.54,February,2.0,2.2,2.3,2.1,2.6,1.4
Quatsino,-127.65,50.54,March,2.7,3.4,3.2,3.3,4.2,2.4
Quatsino,-127.65,50.54,April,2.8,4.1,3.7,4.3,5.6,3.6
Quatsino,-127.65,50.54,May,2.7,4.4,3.9,4.8,6.5,5.0
Quatsino,-127.65,50.54,June,2.7,4.7,4.0,5.2,7.4,5.4
Quatsino,-127.65,50.54,July,2.8,4.8,4.2,5.3,7.5,5.6
Quatsino,-127.65,50.54,August,2.9,4.5,4.0,4.7,6.5,4.7
Quatsino,-127.65,50.54,September,3.3,4.3,4.1,4.3,5.7,3.1
Quatsino,-127.65,50.54,October,2.5,2.8,2.8,2.7,3.4,1.8
Quatsino,-127.65,50.54,November,1.7,1.8,1.8,1.6,2.1,0.9
Quatsino,-127.65,50.54,December,1.3,1.3,1.4,1.2,1.5,0.6
Quatsino,-127.65,50.54,Annual,2.4,3.3,3.1,3.4,4.6,2.9
