name,latitude,longitude,month,South-facing vertical (tilt=90deg;),South-facing; tilt=latitude,South-facing; tilt=latitude+15deg;,South-facing; tilt=latitude-15deg;,Two-axis sun-tracking,Horizontal (tilt=0deg;)
Queen Charlotte City,-132.04,53.25,January,1.2,1.3,1.3,1.1,1.4,0.6
Queen Charlotte City,-132.04,53.25,February,2.0,2.2,2.2,2.1,2.5,1.2
Queen Charlotte City,-132.04,53.25,March,2.6,3.2,3.1,3.2,4.0,2.3
Queen Charlotte City,-132.04,53.25,April,2.9,4.0,3.7,4.2,5.4,3.6
Queen Charlotte City,-132.04,53.25,May,2.9,4.5,4.0,4.9,6.6,4.9
Queen Charlotte City,-132.04,53.25,June,2.7,4.5,3.9,4.9,6.7,5.3
Queen Charlotte City,-132.04,53.25,July,2.7,4.4,3.8,4.8,6.5,5.1
Queen Charlotte City,-132.04,53.25,August,2.9,4.3,3.8,4.5,6.0,4.3
Queen Charlotte City,-132.04,53.25,September,2.9,3.8,3.5,3.8,4.9,2.8
Queen Charlotte City,-132.04,53.25,October,2.1,2.4,2.4,2.3,2.8,1.5
Queen Charlotte City,-132.04,53.25,November,1.5,1.6,1.6,1.5,1.8,0.8
Queen Charlotte City,-132.04,53.25,December,1.1,1.1,1.1,1.0,1.2,0.5
Queen Charlotte City,-132.04,53.25,Annual,2.3,3.1,2.9,3.2,4.1,2.8
