name,latitude,longitude,month,South-facing vertical (tilt=90deg;),South-facing; tilt=latitude,South-facing; tilt=latitude+15deg;,South-facing; tilt=latitude-15deg;,Two-axis sun-tracking,Horizontal (tilt=0deg;)
Quesnel,-122.51,52.99,January,2.2,2.1,2.2,1.9,2.5,0.8
Quesnel,-122.51,52.99,February,3.1,3.2,3.3,3.0,3.8,1.7
Quesnel,-122.51,52.99,March,4.0,4.7,4.6,4.5,6.0,3.1
Quesnel,-122.51,52.99,April,3.7,5.2,4.8,5.4,7.5,4.5
Quesnel,-122.51,52.99,May,3.1,5.0,4.3,5.4,7.7,5.5
Quesnel,-122.51,52.99,June,3.0,5.1,4.3,5.6,8.4,5.9
Quesnel,-122.51,52.99,July,3.2,5.3,4.6,5.8,8.7,6.0
Quesnel,-122.51,52.99,August,3.5,5.2,4.6,5.5,7.8,5.0
Quesnel,-122.51,52.99,September,3.6,4.6,4.4,4.6,6.3,3.5
Quesnel,-122.51,52.99,October,2.9,3.3,3.3,3.1,4.0,1.9
Quesnel,-122.51,52.99,November,2.2,2.2,2.3,2.0,2.6,0.9
Quesnel,-122.51,52.99,December,1.8,1.7,1.8,1.5,2.0,0.6
Quesnel,-122.51,52.99,Annual,3.0,4.0,3.7,4.0,5.6,3.3
