name,latitude,longitude,month,South-facing vertical (tilt=90deg;),South-facing; tilt=latitude,South-facing; tilt=latitude+15deg;,South-facing; tilt=latitude-15deg;,Two-axis sun-tracking,Horizontal (tilt=0deg;)
Quilchena,-120.50,50.16,January,2.0,2.0,2.1,1.8,2.3,1.0
Quilchena,-120.50,50.16,February,2.9,3.1,3.2,2.9,3.7,2.0
Quilchena,-120.50,50.16,March,3.8,4.7,4.5,4.5,6.0,3.4
Quilchena,-120.50,50.16,April,3.5,5.2,4.7,5.3,7.3,4.8
Quilchena,-120.50,50.16,May,3.1,5.2,4.6,5.6,8.1,5.8
Quilchena,-120.50,50.16,June,3.0,5.4,4.6,5.9,8.9,6.2
Quilchena,-120.50,50.16,July,3.2,5.7,4.9,6.2,9.4,6.5
Quilchena,-120.50,50.16,August,3.6,5.7,5.1,5.9,8.6,5.5
Quilchena,-120.50,50.16,September,4.0,5.3,5.1,5.3,7.2,3.9
Quilchena,-120.50,50.16,October,3.5,4.0,4.0,3.8,4.9,2.3
Quilchena,-120.50,50.16,November,2.2,2.3,2.4,2.1,2.7,1.1
Quilchena,-120.50,50.16,December,1.7,1.7,1.8,1.5,2.0,0.8
Quilchena,-120.50,50.16,Annual,3.1,4.2,3.9,4.2,5.9,3.6
