name,latitude,longitude,month,South-facing vertical (tilt=90deg;),South-facing; tilt=latitude,South-facing; tilt=latitude+15deg;,South-facing; tilt=latitude-15deg;,Two-axis sun-tracking,Horizontal (tilt=0deg;)
Radium Hot Springs,-116.07,50.62,January,2.7,2.6,2.7,2.3,3.1,1.1
Radium Hot Springs,-116.07,50.62,February,3.6,3.8,3.9,3.5,4.6,2.1
Radium Hot Springs,-116.07,50.62,March,4.1,4.9,4.8,4.8,6.3,3.5
Radium Hot Springs,-116.07,50.62,April,3.7,5.4,4.9,5.6,7.8,4.8
Radium Hot Springs,-116.07,50.62,May,3.1,5.1,4.5,5.6,8.2,5.8
Radium Hot Springs,-116.07,50.62,June,3.1,5.5,4.7,6.1,9.3,6.4
Radium Hot Springs,-116.07,50.62,July,3.3,5.8,5.0,6.3,9.7,6.6
Radium Hot Springs,-116.07,50.62,August,3.5,5.5,5.0,5.8,8.5,5.5
Radium Hot Springs,-116.07,50.62,September,4.1,5.3,5.1,5.3,7.3,3.9
Radium Hot Springs,-116.07,50.62,October,3.9,4.4,4.4,4.1,5.6,2.4
Radium Hot Springs,-116.07,50.62,November,3.0,2.9,3.1,2.6,3.5,1.2
Radium Hot Springs,-116.07,50.62,December,2.2,2.1,2.2,1.8,2.5,0.9
Radium Hot Springs,-116.07,50.62,Annual,3.3,4.5,4.2,4.5,6.4,3.7
