name,latitude,longitude,month,South-facing vertical (tilt=90deg;),South-facing; tilt=latitude,South-facing; tilt=latitude+15deg;,South-facing; tilt=latitude-15deg;,Two-axis sun-tracking,Horizontal (tilt=0deg;)
Red Rock,-122.67,53.69,January,2.1,2.0,2.1,1.8,2.4,0.7
Red Rock,-122.67,53.69,February,3.0,3.1,3.2,2.9,3.7,1.6
Red Rock,-122.67,53.69,March,3.9,4.5,4.4,4.4,5.8,3.0
Red Rock,-122.67,53.69,April,3.7,5.1,4.7,5.3,7.4,4.5
Red Rock,-122.67,53.69,May,3.1,4.9,4.2,5.3,7.6,5.4
Red Rock,-122.67,53.69,June,3.1,5.1,4.4,5.6,8.4,5.9
Red Rock,-122.67,53.69,July,3.3,5.3,4.5,5.8,8.6,5.9
Red Rock,-122.67,53.69,August,3.5,5.1,4.6,5.4,7.7,4.9
Red Rock,-122.67,53.69,September,3.5,4.5,4.2,4.4,6.0,3.3
Red Rock,-122.67,53.69,October,2.7,3.1,3.0,2.9,3.8,1.8
Red Rock,-122.67,53.69,November,2.2,2.1,2.2,1.9,2.5,0.9
Red Rock,-122.67,53.69,December,1.7,1.6,1.7,1.4,1.8,0.5
Red Rock,-122.67,53.69,Annual,3.0,3.9,3.6,3.9,5.5,3.2
