name,latitude,longitude,month,South-facing vertical (tilt=90deg;),South-facing; tilt=latitude,South-facing; tilt=latitude+15deg;,South-facing; tilt=latitude-15deg;,Two-axis sun-tracking,Horizontal (tilt=0deg;)
Revelstoke,-118.21,51.02,January,2.0,2.0,2.1,1.8,2.3,1.0
Revelstoke,-118.21,51.02,February,2.8,3.0,3.1,2.8,3.6,1.8
Revelstoke,-118.21,51.02,March,3.7,4.4,4.3,4.3,5.6,3.1
Revelstoke,-118.21,51.02,April,3.6,5.1,4.7,5.3,7.3,4.5
Revelstoke,-118.21,51.02,May,3.0,4.9,4.3,5.3,7.7,5.6
Revelstoke,-118.21,51.02,June,2.9,5.2,4.5,5.8,8.7,6.2
Revelstoke,-118.21,51.02,July,3.1,5.4,4.7,5.9,9.0,6.3
Revelstoke,-118.21,51.02,August,3.3,5.2,4.6,5.5,7.8,5.3
Revelstoke,-118.21,51.02,September,3.8,5.0,4.7,4.9,6.7,3.6
Revelstoke,-118.21,51.02,October,3.2,3.6,3.6,3.4,4.5,2.1
Revelstoke,-118.21,51.02,November,2.3,2.3,2.4,2.1,2.8,1.1
Revelstoke,-118.21,51.02,December,1.7,1.7,1.8,1.5,1.9,0.8
Revelstoke,-118.21,51.02,Annual,3.0,4.0,3.7,4.0,5.7,3.4
