name,latitude,longitude,month,South-facing vertical (tilt=90deg;),South-facing; tilt=latitude,South-facing; tilt=latitude+15deg;,South-facing; tilt=latitude-15deg;,Two-axis sun-tracking,Horizontal (tilt=0deg;)
Rhone,-119.02,49.23,January,1.8,1.8,1.9,1.6,2.1,1.1
Rhone,-119.02,49.23,February,2.6,2.8,2.9,2.6,3.4,2.0
Rhone,-119.02,49.23,March,3.5,4.4,4.3,4.3,5.6,3.4
Rhone,-119.02,49.23,April,3.4,5.0,4.6,5.2,7.1,4.8
Rhone,-119.02,49.23,May,3.0,5.1,4.4,5.5,7.7,5.8
Rhone,-119.02,49.23,June,2.9,5.4,4.6,5.9,8.8,6.3
Rhone,-119.02,49.23,July,3.2,5.8,5.0,6.3,9.5,6.7
Rhone,-119.02,49.23,August,3.5,5.6,5.0,5.9,8.5,5.6
Rhone,-119.02,49.23,September,4.1,5.5,5.2,5.5,7.5,4.1
Rhone,-119.02,49.23,October,3.6,4.1,4.1,3.9,5.2,2.5
Rhone,-119.02,49.23,November,2.2,2.2,2.3,2.0,2.7,1.2
Rhone,-119.02,49.23,December,1.5,1.5,1.6,1.3,1.7,0.9
Rhone,-119.02,49.23,Annual,2.9,4.1,3.8,4.2,5.8,3.7
