name,latitude,longitude,month,South-facing vertical (tilt=90deg;),South-facing; tilt=latitude,South-facing; tilt=latitude+15deg;,South-facing; tilt=latitude-15deg;,Two-axis sun-tracking,Horizontal (tilt=0deg;)
Riondel,-116.85,49.77,January,2.2,2.2,2.3,1.9,2.6,1.1
Riondel,-116.85,49.77,February,2.8,3.1,3.1,2.8,3.7,1.9
Riondel,-116.85,49.77,March,3.6,4.4,4.3,4.2,5.6,3.3
Riondel,-116.85,49.77,April,3.4,5.1,4.6,5.2,7.3,4.7
Riondel,-116.85,49.77,May,2.9,5.0,4.4,5.4,7.8,5.7
Riondel,-116.85,49.77,June,3.0,5.4,4.6,6.0,9.1,6.3
Riondel,-116.85,49.77,July,3.2,5.7,4.9,6.2,9.5,6.6
Riondel,-116.85,49.77,August,3.3,5.4,4.8,5.7,8.1,5.5
Riondel,-116.85,49.77,September,4.0,5.3,5.1,5.3,7.3,3.9
Riondel,-116.85,49.77,October,3.6,4.1,4.1,3.9,5.2,2.4
Riondel,-116.85,49.77,November,2.5,2.5,2.6,2.2,3.0,1.2
Riondel,-116.85,49.77,December,1.8,1.7,1.8,1.5,2.0,0.9
Riondel,-116.85,49.77,Annual,3.0,4.2,3.9,4.2,5.9,3.6
