name,latitude,longitude,month,South-facing vertical (tilt=90deg;),South-facing; tilt=latitude,South-facing; tilt=latitude+15deg;,South-facing; tilt=latitude-15deg;,Two-axis sun-tracking,Horizontal (tilt=0deg;)
Roberts Creek,-123.64,49.43,January,1.7,1.7,1.8,1.5,2.0,0.8
Roberts Creek,-123.64,49.43,February,2.3,2.5,2.5,2.3,3.0,1.6
Roberts Creek,-123.64,49.43,March,3.0,3.7,3.6,3.6,4.7,2.7
Roberts Creek,-123.64,49.43,April,3.0,4.4,4.0,4.6,6.2,4.0
Roberts Creek,-123.64,49.43,May,2.7,4.6,4.0,4.9,7.0,5.3
Roberts Creek,-123.64,49.43,June,2.7,4.8,4.1,5.3,7.9,5.8
Roberts Creek,-123.64,49.43,July,2.9,5.3,4.5,5.8,8.6,6.1
Roberts Creek,-123.64,49.43,August,3.2,5.1,4.6,5.4,7.7,5.2
Roberts Creek,-123.64,49.43,September,3.7,5.0,4.7,5.0,6.8,3.6
Roberts Creek,-123.64,49.43,October,2.7,3.2,3.2,3.0,3.9,2.0
Roberts Creek,-123.64,49.43,November,1.8,1.9,2.0,1.7,2.2,1.0
Roberts Creek,-123.64,49.43,December,1.6,1.6,1.7,1.4,1.9,0.7
Roberts Creek,-123.64,49.43,Annual,2.6,3.7,3.4,3.7,5.2,3.3
