name,latitude,longitude,month,South-facing vertical (tilt=90deg;),South-facing; tilt=latitude,South-facing; tilt=latitude+15deg;,South-facing; tilt=latitude-15deg;,Two-axis sun-tracking,Horizontal (tilt=0deg;)
Rolla,-120.13,55.90,January,2.8,2.6,2.8,2.3,3.0,0.7
Rolla,-120.13,55.90,February,3.8,3.8,4.0,3.5,4.6,1.5
Rolla,-120.13,55.90,March,4.7,5.2,5.1,5.0,6.7,3.0
Rolla,-120.13,55.90,April,4.3,5.7,5.3,5.9,8.4,4.6
Rolla,-120.13,55.90,May,3.5,5.3,4.6,5.7,8.6,5.5
Rolla,-120.13,55.90,June,3.4,5.4,4.6,6.0,9.4,6.0
Rolla,-120.13,55.90,July,3.4,5.3,4.5,5.8,8.9,5.9
Rolla,-120.13,55.90,August,3.5,5.0,4.5,5.3,7.7,4.8
Rolla,-120.13,55.90,September,3.6,4.4,4.2,4.4,5.9,3.1
Rolla,-120.13,55.90,October,3.4,3.7,3.7,3.5,4.4,1.7
Rolla,-120.13,55.90,November,2.8,2.7,2.8,2.4,3.1,0.8
Rolla,-120.13,55.90,December,2.4,2.2,2.4,1.9,2.6,0.5
Rolla,-120.13,55.90,Annual,3.5,4.3,4.0,4.3,6.1,3.2
