name,latitude,longitude,month,South-facing vertical (tilt=90deg;),South-facing; tilt=latitude,South-facing; tilt=latitude+15deg;,South-facing; tilt=latitude-15deg;,Two-axis sun-tracking,Horizontal (tilt=0deg;)
Roosville,-115.05,49.00,January,2.9,2.8,3.0,2.5,3.4,1.3
Roosville,-115.05,49.00,February,3.6,3.8,3.9,3.5,4.6,2.2
Roosville,-115.05,49.00,March,3.9,4.8,4.7,4.7,6.2,3.6
Roosville,-115.05,49.00,April,3.5,5.2,4.8,5.4,7.5,4.8
Roosville,-115.05,49.00,May,2.9,5.0,4.4,5.4,7.9,5.7
Roosville,-115.05,49.00,June,2.9,5.5,4.7,6.1,9.2,6.3
Roosville,-115.05,49.00,July,3.1,5.8,5.0,6.3,9.6,6.7
Roosville,-115.05,49.00,August,3.5,5.7,5.1,6.0,8.7,5.7
Roosville,-115.05,49.00,September,4.2,5.6,5.3,5.5,7.6,4.0
Roosville,-115.05,49.00,October,4.2,4.7,4.8,4.4,6.0,2.6
Roosville,-115.05,49.00,November,3.0,3.0,3.1,2.6,3.6,1.3
Roosville,-115.05,49.00,December,2.4,2.3,2.5,2.0,2.7,1.0
Roosville,-115.05,49.00,Annual,3.3,4.5,4.3,4.5,6.4,3.8
