name,latitude,longitude,month,South-facing vertical (tilt=90deg;),South-facing; tilt=latitude,South-facing; tilt=latitude+15deg;,South-facing; tilt=latitude-15deg;,Two-axis sun-tracking,Horizontal (tilt=0deg;)
Rossland,-117.81,49.08,January,1.9,1.9,2.0,1.7,2.2,1.1
Rossland,-117.81,49.08,February,2.4,2.7,2.7,2.5,3.2,1.9
Rossland,-117.81,49.08,March,3.3,4.1,4.0,4.0,5.3,3.2
Rossland,-117.81,49.08,April,3.2,4.8,4.4,5.0,6.8,4.6
Rossland,-117.81,49.08,May,2.7,4.7,4.1,5.1,7.3,5.6
Rossland,-117.81,49.08,June,2.8,5.2,4.4,5.7,8.5,6.2
Rossland,-117.81,49.08,July,3.1,5.6,4.9,6.2,9.3,6.6
Rossland,-117.81,49.08,August,3.4,5.5,4.9,5.8,8.3,5.6
Rossland,-117.81,49.08,September,4.0,5.4,5.1,5.3,7.3,4.0
Rossland,-117.81,49.08,October,3.5,4.0,4.0,3.7,5.1,2.4
Rossland,-117.81,49.08,November,2.2,2.2,2.3,2.0,2.7,1.2
Rossland,-117.81,49.08,December,1.5,1.5,1.6,1.3,1.8,0.9
Rossland,-117.81,49.08,Annual,2.8,4.0,3.7,4.0,5.7,3.6
