name,latitude,longitude,month,South-facing vertical (tilt=90deg;),South-facing; tilt=latitude,South-facing; tilt=latitude+15deg;,South-facing; tilt=latitude-15deg;,Two-axis sun-tracking,Horizontal (tilt=0deg;)
Saanich,-123.39,48.54,January,1.8,1.8,1.9,1.6,2.2,0.9
Saanich,-123.39,48.54,February,2.4,2.7,2.7,2.5,3.2,1.8
Saanich,-123.39,48.54,March,3.2,4.0,3.9,3.9,5.2,3.1
Saanich,-123.39,48.54,April,3.2,4.8,4.4,4.9,6.7,4.5
Saanich,-123.39,48.54,May,2.9,5.0,4.4,5.4,7.8,5.7
Saanich,-123.39,48.54,June,2.8,5.2,4.5,5.8,8.6,6.1
Saanich,-123.39,48.54,July,3.0,5.6,4.8,6.1,9.1,6.4
Saanich,-123.39,48.54,August,3.4,5.5,4.9,5.8,8.3,5.5
Saanich,-123.39,48.54,September,4.0,5.4,5.2,5.4,7.4,4.0
Saanich,-123.39,48.54,October,3.2,3.7,3.7,3.5,4.6,2.3
Saanich,-123.39,48.54,November,2.0,2.1,2.1,1.9,2.4,1.1
Saanich,-123.39,48.54,December,1.7,1.7,1.8,1.5,2.0,0.7
Saanich,-123.39,48.54,Annual,2.8,4.0,3.7,4.0,5.6,3.5
