name,latitude,longitude,month,South-facing vertical (tilt=90deg;),South-facing; tilt=latitude,South-facing; tilt=latitude+15deg;,South-facing; tilt=latitude-15deg;,Two-axis sun-tracking,Horizontal (tilt=0deg;)
Salmo,-117.27,49.19,January,2.1,2.1,2.2,1.8,2.4,1.1
Salmo,-117.27,49.19,February,2.6,2.9,2.9,2.7,3.4,2.0
Salmo,-117.27,49.19,March,3.5,4.3,4.2,4.2,5.5,3.3
Salmo,-117.27,49.19,April,3.3,4.9,4.5,5.1,7.0,4.7
Salmo,-117.27,49.19,May,2.8,4.8,4.2,5.2,7.5,5.7
Salmo,-117.27,49.19,June,2.9,5.3,4.6,5.9,8.9,6.3
Salmo,-117.27,49.19,July,3.1,5.7,4.9,6.2,9.4,6.6
Salmo,-117.27,49.19,August,3.4,5.4,4.9,5.7,8.2,5.6
Salmo,-117.27,49.19,September,4.0,5.4,5.1,5.3,7.4,4.0
Salmo,-117.27,49.19,October,3.5,4.1,4.1,3.8,5.2,2.4
Salmo,-117.27,49.19,November,2.3,2.4,2.5,2.1,2.9,1.2
Salmo,-117.27,49.19,December,1.7,1.6,1.7,1.4,1.9,0.9
Salmo,-117.27,49.19,Annual,2.9,4.1,3.8,4.1,5.8,3.7
