name,latitude,longitude,month,South-facing vertical (tilt=90deg;),South-facing; tilt=latitude,South-facing; tilt=latitude+15deg;,South-facing; tilt=latitude-15deg;,Two-axis sun-tracking,Horizontal (tilt=0deg;)
Salmon Arm,-119.27,50.70,January,2.0,1.9,2.0,1.7,2.3,1.0
Salmon Arm,-119.27,50.70,February,2.9,3.1,3.1,2.8,3.6,1.9
Salmon Arm,-119.27,50.70,March,3.8,4.5,4.4,4.4,5.8,3.3
Salmon Arm,-119.27,50.70,April,3.6,5.2,4.8,5.3,7.4,4.7
Salmon Arm,-119.27,50.70,May,3.1,5.1,4.5,5.5,7.9,5.7
Salmon Arm,-119.27,50.70,June,3.0,5.4,4.6,5.9,8.9,6.2
Salmon Arm,-119.27,50.70,July,3.2,5.6,4.8,6.2,9.3,6.5
Salmon Arm,-119.27,50.70,August,3.5,5.5,4.9,5.8,8.3,5.4
Salmon Arm,-119.27,50.70,September,3.9,5.2,4.9,5.1,7.0,3.8
Salmon Arm,-119.27,50.70,October,3.4,3.8,3.8,3.6,4.7,2.3
Salmon Arm,-119.27,50.70,November,2.2,2.3,2.4,2.0,2.7,1.1
Salmon Arm,-119.27,50.70,December,1.7,1.6,1.7,1.4,1.9,0.8
Salmon Arm,-119.27,50.70,Annual,3.0,4.1,3.8,4.2,5.8,3.6
