name,latitude,longitude,month,South-facing vertical (tilt=90deg;),South-facing; tilt=latitude,South-facing; tilt=latitude+15deg;,South-facing; tilt=latitude-15deg;,Two-axis sun-tracking,Horizontal (tilt=0deg;)
Saltair,-123.77,48.96,January,1.7,1.8,1.8,1.6,2.1,0.9
Saltair,-123.77,48.96,February,2.3,2.5,2.6,2.4,3.0,1.7
Saltair,-123.77,48.96,March,3.0,3.8,3.7,3.7,4.9,2.8
Saltair,-123.77,48.96,April,3.1,4.6,4.2,4.8,6.5,4.3
Saltair,-123.77,48.96,May,2.9,5.0,4.3,5.3,7.6,5.6
Saltair,-123.77,48.96,June,2.8,5.1,4.4,5.6,8.4,6.0
Saltair,-123.77,48.96,July,3.0,5.5,4.7,6.0,8.9,6.3
Saltair,-123.77,48.96,August,3.3,5.4,4.8,5.7,8.2,5.4
Saltair,-123.77,48.96,September,4.0,5.3,5.1,5.3,7.3,3.9
Saltair,-123.77,48.96,October,3.0,3.5,3.5,3.3,4.3,2.2
Saltair,-123.77,48.96,November,1.9,2.0,2.1,1.8,2.3,1.0
Saltair,-123.77,48.96,December,1.6,1.6,1.7,1.4,1.9,0.7
Saltair,-123.77,48.96,Annual,2.7,3.8,3.6,3.9,5.5,3.4
