name,latitude,longitude,month,South-facing vertical (tilt=90deg;),South-facing; tilt=latitude,South-facing; tilt=latitude+15deg;,South-facing; tilt=latitude-15deg;,Two-axis sun-tracking,Horizontal (tilt=0deg;)
Saltery Bay,-124.13,49.78,January,1.7,1.7,1.8,1.5,2.0,0.8
Saltery Bay,-124.13,49.78,February,2.2,2.5,2.5,2.3,2.9,1.6
Saltery Bay,-124.13,49.78,March,3.0,3.7,3.6,3.6,4.7,2.7
Saltery Bay,-124.13,49.78,April,3.0,4.4,4.0,4.6,6.2,4.0
Saltery Bay,-124.13,49.78,May,2.7,4.5,4.0,4.9,6.9,5.3
Saltery Bay,-124.13,49.78,June,2.6,4.8,4.1,5.3,7.7,5.7
Saltery Bay,-124.13,49.78,July,2.9,5.2,4.5,5.7,8.4,6.0
Saltery Bay,-124.13,49.78,August,3.2,5.0,4.5,5.3,7.5,5.1
Saltery Bay,-124.13,49.78,September,3.7,4.9,4.6,4.8,6.6,3.6
Saltery Bay,-124.13,49.78,October,2.6,3.1,3.0,2.9,3.8,1.9
Saltery Bay,-124.13,49.78,November,1.8,1.9,1.9,1.7,2.2,1.0
Saltery Bay,-124.13,49.78,December,1.6,1.5,1.6,1.3,1.8,0.7
Saltery Bay,-124.13,49.78,Annual,2.6,3.6,3.4,3.7,5.1,3.2
