name,latitude,longitude,month,South-facing vertical (tilt=90deg;),South-facing; tilt=latitude,South-facing; tilt=latitude+15deg;,South-facing; tilt=latitude-15deg;,Two-axis sun-tracking,Horizontal (tilt=0deg;)
Sandspit,-131.81,53.25,January,1.3,1.3,1.3,1.2,1.5,0.6
Sandspit,-131.81,53.25,February,2.1,2.3,2.3,2.1,2.6,1.3
Sandspit,-131.81,53.25,March,2.8,3.4,3.3,3.3,4.2,2.5
Sandspit,-131.81,53.25,April,3.0,4.1,3.8,4.3,5.6,3.8
Sandspit,-131.81,53.25,May,3.0,4.7,4.1,5.0,6.8,5.0
Sandspit,-131.81,53.25,June,2.8,4.6,3.9,5.0,6.9,5.3
Sandspit,-131.81,53.25,July,2.8,4.5,3.9,4.9,6.7,5.2
Sandspit,-131.81,53.25,August,3.0,4.4,3.9,4.6,6.3,4.4
Sandspit,-131.81,53.25,September,3.0,3.9,3.7,3.9,5.1,3.0
Sandspit,-131.81,53.25,October,2.1,2.5,2.4,2.4,2.9,1.6
Sandspit,-131.81,53.25,November,1.6,1.6,1.7,1.5,1.8,0.8
Sandspit,-131.81,53.25,December,1.1,1.1,1.1,1.0,1.2,0.5
Sandspit,-131.81,53.25,Annual,2.4,3.2,3.0,3.3,4.3,2.8
