name,latitude,longitude,month,South-facing vertical (tilt=90deg;),South-facing; tilt=latitude,South-facing; tilt=latitude+15deg;,South-facing; tilt=latitude-15deg;,Two-axis sun-tracking,Horizontal (tilt=0deg;)
Saturna,-123.17,48.80,January,1.8,1.8,1.9,1.7,2.2,0.9
Saturna,-123.17,48.80,February,2.5,2.8,2.8,2.6,3.3,1.8
Saturna,-123.17,48.80,March,3.2,4.1,3.9,4.0,5.2,3.1
Saturna,-123.17,48.80,April,3.1,4.7,4.3,4.9,6.6,4.5
Saturna,-123.17,48.80,May,2.9,5.0,4.3,5.3,7.7,5.6
Saturna,-123.17,48.80,June,2.8,5.1,4.4,5.7,8.4,6.0
Saturna,-123.17,48.80,July,3.0,5.5,4.8,6.0,9.1,6.4
Saturna,-123.17,48.80,August,3.3,5.4,4.9,5.7,8.2,5.4
Saturna,-123.17,48.80,September,4.0,5.4,5.1,5.3,7.3,4.0
Saturna,-123.17,48.80,October,3.2,3.7,3.7,3.4,4.6,2.2
Saturna,-123.17,48.80,November,2.0,2.1,2.1,1.9,2.4,1.1
Saturna,-123.17,48.80,December,1.7,1.7,1.8,1.5,2.0,0.7
Saturna,-123.17,48.80,Annual,2.8,3.9,3.7,4.0,5.6,3.5
