name,latitude,longitude,month,South-facing vertical (tilt=90deg;),South-facing; tilt=latitude,South-facing; tilt=latitude+15deg;,South-facing; tilt=latitude-15deg;,Two-axis sun-tracking,Horizontal (tilt=0deg;)
Savona,-120.83,50.75,January,2.2,2.2,2.3,1.9,2.5,1.0
Savona,-120.83,50.75,February,3.1,3.3,3.4,3.1,3.9,2.0
Savona,-120.83,50.75,March,4.0,4.8,4.7,4.7,6.2,3.4
Savona,-120.83,50.75,April,3.6,5.3,4.8,5.4,7.5,4.8
Savona,-120.83,50.75,May,3.2,5.3,4.6,5.7,8.2,5.8
Savona,-120.83,50.75,June,3.0,5.4,4.6,6.0,9.0,6.2
Savona,-120.83,50.75,July,3.3,5.7,4.9,6.2,9.4,6.5
Savona,-120.83,50.75,August,3.6,5.6,5.0,5.9,8.5,5.4
Savona,-120.83,50.75,September,4.0,5.3,5.0,5.2,7.1,3.9
Savona,-120.83,50.75,October,3.5,4.0,4.0,3.7,4.9,2.3
Savona,-120.83,50.75,November,2.3,2.3,2.5,2.1,2.8,1.1
Savona,-120.83,50.75,December,1.9,1.8,1.9,1.6,2.1,0.7
Savona,-120.83,50.75,Annual,3.2,4.3,4.0,4.3,6.0,3.6
