name,latitude,longitude,month,South-facing vertical (tilt=90deg;),South-facing; tilt=latitude,South-facing; tilt=latitude+15deg;,South-facing; tilt=latitude-15deg;,Two-axis sun-tracking,Horizontal (tilt=0deg;)
Sayward,-125.95,50.38,January,1.7,1.7,1.7,1.5,1.9,0.7
Sayward,-125.95,50.38,February,2.1,2.3,2.3,2.2,2.7,1.4
Sayward,-125.95,50.38,March,2.9,3.6,3.5,3.5,4.5,2.5
Sayward,-125.95,50.38,April,3.0,4.4,4.0,4.5,6.1,3.8
Sayward,-125.95,50.38,May,2.7,4.5,3.9,4.9,6.7,5.1
Sayward,-125.95,50.38,June,2.7,4.7,4.1,5.2,7.5,5.5
Sayward,-125.95,50.38,July,2.9,4.9,4.3,5.4,7.9,5.7
Sayward,-125.95,50.38,August,2.9,4.6,4.1,4.8,6.8,4.8
Sayward,-125.95,50.38,September,3.5,4.6,4.4,4.6,6.2,3.3
Sayward,-125.95,50.38,October,2.5,2.9,2.9,2.8,3.5,1.8
Sayward,-125.95,50.38,November,1.8,1.8,1.9,1.7,2.1,0.9
Sayward,-125.95,50.38,December,1.4,1.4,1.5,1.2,1.6,0.6
Sayward,-125.95,50.38,Annual,2.5,3.5,3.2,3.5,4.8,3.0
