name,latitude,longitude,month,South-facing vertical (tilt=90deg;),South-facing; tilt=latitude,South-facing; tilt=latitude+15deg;,South-facing; tilt=latitude-15deg;,Two-axis sun-tracking,Horizontal (tilt=0deg;)
Sechelt,-123.77,49.47,January,1.7,1.7,1.8,1.5,2.0,0.9
Sechelt,-123.77,49.47,February,2.3,2.5,2.5,2.3,3.0,1.6
Sechelt,-123.77,49.47,March,3.0,3.8,3.6,3.7,4.8,2.8
Sechelt,-123.77,49.47,April,3.0,4.5,4.1,4.6,6.3,4.1
Sechelt,-123.77,49.47,May,2.8,4.6,4.1,5.0,7.1,5.4
Sechelt,-123.77,49.47,June,2.7,4.9,4.2,5.4,7.9,5.8
Sechelt,-123.77,49.47,July,2.9,5.3,4.6,5.8,8.6,6.1
Sechelt,-123.77,49.47,August,3.2,5.2,4.6,5.4,7.8,5.2
Sechelt,-123.77,49.47,September,3.8,5.0,4.8,5.0,6.8,3.7
Sechelt,-123.77,49.47,October,2.8,3.2,3.2,3.0,4.0,2.0
Sechelt,-123.77,49.47,November,1.8,1.9,2.0,1.7,2.2,1.0
Sechelt,-123.77,49.47,December,1.6,1.6,1.7,1.4,1.9,0.7
Sechelt,-123.77,49.47,Annual,2.6,3.7,3.4,3.7,5.2,3.3
