name,latitude,longitude,month,South-facing vertical (tilt=90deg;),South-facing; tilt=latitude,South-facing; tilt=latitude+15deg;,South-facing; tilt=latitude-15deg;,Two-axis sun-tracking,Horizontal (tilt=0deg;)
Shalalth,-122.21,50.73,January,2.2,2.1,2.2,1.9,2.5,0.9
Shalalth,-122.21,50.73,February,3.0,3.2,3.2,2.9,3.8,1.8
Shalalth,-122.21,50.73,March,3.8,4.6,4.5,4.5,5.9,3.2
Shalalth,-122.21,50.73,April,3.5,5.1,4.6,5.2,7.2,4.7
Shalalth,-122.21,50.73,May,3.1,5.2,4.5,5.6,8.0,5.7
Shalalth,-122.21,50.73,June,3.0,5.3,4.5,5.8,8.8,6.1
Shalalth,-122.21,50.73,July,3.2,5.6,4.8,6.1,9.2,6.3
Shalalth,-122.21,50.73,August,3.5,5.5,4.9,5.8,8.3,5.4
Shalalth,-122.21,50.73,September,3.9,5.2,4.9,5.1,7.0,3.8
Shalalth,-122.21,50.73,October,3.3,3.7,3.7,3.5,4.5,2.1
Shalalth,-122.21,50.73,November,2.1,2.2,2.3,2.0,2.5,1.0
Shalalth,-122.21,50.73,December,1.9,1.8,1.9,1.6,2.1,0.7
Shalalth,-122.21,50.73,Annual,3.0,4.1,3.8,4.2,5.8,3.5
