name,latitude,longitude,month,South-facing vertical (tilt=90deg;),South-facing; tilt=latitude,South-facing; tilt=latitude+15deg;,South-facing; tilt=latitude-15deg;,Two-axis sun-tracking,Horizontal (tilt=0deg;)
Shawnigan Lake,-123.63,48.66,January,1.8,1.8,1.9,1.6,2.1,0.9
Shawnigan Lake,-123.63,48.66,February,2.3,2.5,2.5,2.3,3.0,1.7
Shawnigan Lake,-123.63,48.66,March,3.0,3.7,3.6,3.7,4.8,2.8
Shawnigan Lake,-123.63,48.66,April,3.1,4.6,4.2,4.8,6.5,4.3
Shawnigan Lake,-123.63,48.66,May,2.9,5.0,4.3,5.3,7.6,5.6
Shawnigan Lake,-123.63,48.66,June,2.8,5.1,4.4,5.7,8.4,6.0
Shawnigan Lake,-123.63,48.66,July,3.0,5.5,4.8,6.0,9.0,6.4
Shawnigan Lake,-123.63,48.66,August,3.3,5.4,4.9,5.7,8.2,5.4
Shawnigan Lake,-123.63,48.66,September,4.0,5.4,5.1,5.3,7.3,3.9
Shawnigan Lake,-123.63,48.66,October,3.0,3.5,3.5,3.3,4.4,2.2
Shawnigan Lake,-123.63,48.66,November,1.9,2.0,2.1,1.8,2.3,1.0
Shawnigan Lake,-123.63,48.66,December,1.7,1.6,1.7,1.4,1.9,0.7
Shawnigan Lake,-123.63,48.66,Annual,2.7,3.9,3.6,3.9,5.5,3.4
