name,latitude,longitude,month,South-facing vertical (tilt=90deg;),South-facing; tilt=latitude,South-facing; tilt=latitude+15deg;,South-facing; tilt=latitude-15deg;,Two-axis sun-tracking,Horizontal (tilt=0deg;)
Shuswap Falls,-118.82,50.30,January,1.9,1.9,2.0,1.7,2.2,1.1
Shuswap Falls,-118.82,50.30,February,2.8,3.0,3.1,2.8,3.6,2.0
Shuswap Falls,-118.82,50.30,March,3.7,4.5,4.4,4.4,5.8,3.4
Shuswap Falls,-118.82,50.30,April,3.5,5.1,4.7,5.3,7.3,4.7
Shuswap Falls,-118.82,50.30,May,3.0,5.0,4.4,5.4,7.7,5.7
Shuswap Falls,-118.82,50.30,June,3.0,5.3,4.5,5.8,8.8,6.2
Shuswap Falls,-118.82,50.30,July,3.2,5.6,4.8,6.1,9.3,6.5
Shuswap Falls,-118.82,50.30,August,3.5,5.5,4.9,5.8,8.3,5.5
Shuswap Falls,-118.82,50.30,September,3.9,5.2,4.9,5.2,7.0,3.8
Shuswap Falls,-118.82,50.30,October,3.4,3.9,3.9,3.7,4.9,2.3
Shuswap Falls,-118.82,50.30,November,2.3,2.3,2.4,2.1,2.7,1.2
Shuswap Falls,-118.82,50.30,December,1.6,1.6,1.7,1.4,1.8,0.8
Shuswap Falls,-118.82,50.30,Annual,3.0,4.1,3.8,4.1,5.8,3.6
