name,latitude,longitude,month,South-facing vertical (tilt=90deg;),South-facing; tilt=latitude,South-facing; tilt=latitude+15deg;,South-facing; tilt=latitude-15deg;,Two-axis sun-tracking,Horizontal (tilt=0deg;)
Sicamous,-118.98,50.83,January,2.0,2.0,2.0,1.7,2.3,1.0
Sicamous,-118.98,50.83,February,2.9,3.0,3.1,2.8,3.6,1.9
Sicamous,-118.98,50.83,March,3.7,4.5,4.4,4.4,5.7,3.3
Sicamous,-118.98,50.83,April,3.6,5.2,4.7,5.3,7.3,4.6
Sicamous,-118.98,50.83,May,3.0,5.0,4.4,5.4,7.7,5.6
Sicamous,-118.98,50.83,June,3.0,5.3,4.5,5.8,8.7,6.2
Sicamous,-118.98,50.83,July,3.2,5.5,4.8,6.1,9.1,6.4
Sicamous,-118.98,50.83,August,3.4,5.3,4.8,5.6,8.0,5.4
Sicamous,-118.98,50.83,September,3.9,5.0,4.8,5.0,6.8,3.7
Sicamous,-118.98,50.83,October,3.3,3.8,3.8,3.5,4.7,2.2
Sicamous,-118.98,50.83,November,2.3,2.3,2.4,2.1,2.7,1.1
Sicamous,-118.98,50.83,December,1.7,1.6,1.7,1.4,1.9,0.8
Sicamous,-118.98,50.83,Annual,3.0,4.0,3.8,4.1,5.7,3.5
