name,latitude,longitude,month,South-facing vertical (tilt=90deg;),South-facing; tilt=latitude,South-facing; tilt=latitude+15deg;,South-facing; tilt=latitude-15deg;,Two-axis sun-tracking,Horizontal (tilt=0deg;)
Sidney,-123.42,48.66,January,1.8,1.8,1.9,1.6,2.2,0.9
Sidney,-123.42,48.66,February,2.4,2.7,2.7,2.5,3.2,1.8
Sidney,-123.42,48.66,March,3.2,4.0,3.9,3.9,5.2,3.1
Sidney,-123.42,48.66,April,3.2,4.8,4.3,4.9,6.7,4.5
Sidney,-123.42,48.66,May,2.9,5.0,4.4,5.4,7.8,5.7
Sidney,-123.42,48.66,June,2.8,5.2,4.5,5.7,8.6,6.0
Sidney,-123.42,48.66,July,3.0,5.6,4.8,6.1,9.1,6.4
Sidney,-123.42,48.66,August,3.4,5.5,4.9,5.8,8.3,5.5
Sidney,-123.42,48.66,September,4.0,5.4,5.2,5.3,7.4,4.0
Sidney,-123.42,48.66,October,3.2,3.7,3.7,3.5,4.6,2.3
Sidney,-123.42,48.66,November,2.0,2.1,2.1,1.9,2.4,1.1
Sidney,-123.42,48.66,December,1.7,1.7,1.8,1.5,2.0,0.7
Sidney,-123.42,48.66,Annual,2.8,4.0,3.7,4.0,5.6,3.5
