name,latitude,longitude,month,South-facing vertical (tilt=90deg;),South-facing; tilt=latitude,South-facing; tilt=latitude+15deg;,South-facing; tilt=latitude-15deg;,Two-axis sun-tracking,Horizontal (tilt=0deg;)
Silverton,-117.35,49.95,January,2.1,2.0,2.1,1.8,2.4,1.1
Silverton,-117.35,49.95,February,2.8,3.0,3.0,2.8,3.6,1.9
Silverton,-117.35,49.95,March,3.6,4.3,4.2,4.2,5.5,3.3
Silverton,-117.35,49.95,April,3.4,5.0,4.6,5.2,7.1,4.6
Silverton,-117.35,49.95,May,2.9,4.9,4.3,5.3,7.7,5.7
Silverton,-117.35,49.95,June,2.9,5.3,4.5,5.8,8.8,6.2
Silverton,-117.35,49.95,July,3.1,5.6,4.8,6.1,9.3,6.5
Silverton,-117.35,49.95,August,3.3,5.3,4.8,5.6,8.1,5.5
Silverton,-117.35,49.95,September,3.9,5.2,5.0,5.2,7.1,3.8
Silverton,-117.35,49.95,October,3.4,3.9,3.9,3.7,4.9,2.3
Silverton,-117.35,49.95,November,2.4,2.4,2.5,2.1,2.9,1.2
Silverton,-117.35,49.95,December,1.7,1.6,1.7,1.5,1.9,0.9
Silverton,-117.35,49.95,Annual,3.0,4.1,3.8,4.1,5.8,3.6
