name,latitude,longitude,month,South-facing vertical (tilt=90deg;),South-facing; tilt=latitude,South-facing; tilt=latitude+15deg;,South-facing; tilt=latitude-15deg;,Two-axis sun-tracking,Horizontal (tilt=0deg;)
Skidegate,-131.99,53.27,January,1.3,1.3,1.3,1.2,1.4,0.6
Skidegate,-131.99,53.27,February,2.0,2.2,2.2,2.1,2.5,1.2
Skidegate,-131.99,53.27,March,2.7,3.3,3.1,3.2,4.0,2.4
Skidegate,-131.99,53.27,April,2.9,4.0,3.7,4.2,5.4,3.7
Skidegate,-131.99,53.27,May,2.9,4.6,4.0,4.9,6.6,4.9
Skidegate,-131.99,53.27,June,2.7,4.5,3.9,4.9,6.7,5.3
Skidegate,-131.99,53.27,July,2.8,4.4,3.8,4.8,6.6,5.1
Skidegate,-131.99,53.27,August,2.9,4.3,3.8,4.5,6.1,4.3
Skidegate,-131.99,53.27,September,2.9,3.8,3.6,3.8,4.9,2.9
Skidegate,-131.99,53.27,October,2.1,2.4,2.4,2.3,2.8,1.5
Skidegate,-131.99,53.27,November,1.5,1.6,1.6,1.5,1.8,0.8
Skidegate,-131.99,53.27,December,1.1,1.1,1.1,1.0,1.2,0.5
Skidegate,-131.99,53.27,Annual,2.3,3.1,2.9,3.2,4.2,2.8
