name,latitude,longitude,month,South-facing vertical (tilt=90deg;),South-facing; tilt=latitude,South-facing; tilt=latitude+15deg;,South-facing; tilt=latitude-15deg;,Two-axis sun-tracking,Horizontal (tilt=0deg;)
Slesse Park,-121.82,49.08,January,1.8,1.8,1.8,1.6,2.0,0.9
Slesse Park,-121.82,49.08,February,2.3,2.5,2.5,2.3,3.0,1.7
Slesse Park,-121.82,49.08,March,2.9,3.6,3.5,3.5,4.6,2.8
Slesse Park,-121.82,49.08,April,2.9,4.3,3.9,4.5,6.0,4.0
Slesse Park,-121.82,49.08,May,2.6,4.5,3.9,4.9,6.9,5.3
Slesse Park,-121.82,49.08,June,2.6,4.8,4.1,5.3,7.8,5.9
Slesse Park,-121.82,49.08,July,2.9,5.3,4.5,5.8,8.6,6.2
Slesse Park,-121.82,49.08,August,3.2,5.2,4.7,5.5,7.9,5.4
Slesse Park,-121.82,49.08,September,3.6,4.9,4.7,4.9,6.7,3.6
Slesse Park,-121.82,49.08,October,2.8,3.3,3.2,3.1,4.0,2.1
Slesse Park,-121.82,49.08,November,1.8,1.9,2.0,1.7,2.2,1.0
Slesse Park,-121.82,49.08,December,1.7,1.6,1.7,1.4,1.9,0.8
Slesse Park,-121.82,49.08,Annual,2.6,3.6,3.4,3.7,5.1,3.3
