name,latitude,longitude,month,South-facing vertical (tilt=90deg;),South-facing; tilt=latitude,South-facing; tilt=latitude+15deg;,South-facing; tilt=latitude-15deg;,Two-axis sun-tracking,Horizontal (tilt=0deg;)
Sliammon,-124.57,49.89,January,1.7,1.7,1.8,1.6,2.1,0.8
Sliammon,-124.57,49.89,February,2.4,2.6,2.6,2.4,3.1,1.6
Sliammon,-124.57,49.89,March,3.2,3.9,3.8,3.8,5.0,2.8
Sliammon,-124.57,49.89,April,3.2,4.6,4.2,4.8,6.5,4.2
Sliammon,-124.57,49.89,May,2.9,4.8,4.2,5.1,7.3,5.4
Sliammon,-124.57,49.89,June,2.8,4.9,4.2,5.5,8.0,5.8
Sliammon,-124.57,49.89,July,3.0,5.2,4.5,5.7,8.5,6.0
Sliammon,-124.57,49.89,August,3.2,5.1,4.6,5.4,7.6,5.1
Sliammon,-124.57,49.89,September,3.8,5.0,4.7,5.0,6.8,3.7
Sliammon,-124.57,49.89,October,2.8,3.2,3.2,3.1,4.0,2.0
Sliammon,-124.57,49.89,November,1.9,1.9,2.0,1.8,2.3,1.0
Sliammon,-124.57,49.89,December,1.6,1.5,1.6,1.3,1.8,0.7
Sliammon,-124.57,49.89,Annual,2.7,3.7,3.5,3.8,5.3,3.3
