name,latitude,longitude,month,South-facing vertical (tilt=90deg;),South-facing; tilt=latitude,South-facing; tilt=latitude+15deg;,South-facing; tilt=latitude-15deg;,Two-axis sun-tracking,Horizontal (tilt=0deg;)
Slocan,-117.46,49.77,January,2.0,2.0,2.1,1.8,2.3,1.1
Slocan,-117.46,49.77,February,2.7,2.9,3.0,2.7,3.5,1.9
Slocan,-117.46,49.77,March,3.5,4.3,4.2,4.2,5.5,3.3
Slocan,-117.46,49.77,April,3.3,4.9,4.5,5.1,7.0,4.6
Slocan,-117.46,49.77,May,2.8,4.9,4.2,5.3,7.6,5.7
Slocan,-117.46,49.77,June,2.9,5.2,4.5,5.8,8.7,6.2
Slocan,-117.46,49.77,July,3.1,5.6,4.8,6.1,9.3,6.5
Slocan,-117.46,49.77,August,3.4,5.4,4.8,5.7,8.2,5.5
Slocan,-117.46,49.77,September,4.0,5.3,5.0,5.2,7.2,3.8
Slocan,-117.46,49.77,October,3.4,3.9,3.9,3.7,4.9,2.3
Slocan,-117.46,49.77,November,2.3,2.3,2.4,2.1,2.8,1.2
Slocan,-117.46,49.77,December,1.7,1.6,1.7,1.4,1.9,0.9
Slocan,-117.46,49.77,Annual,2.9,4.0,3.8,4.1,5.7,3.6
