name,latitude,longitude,month,South-facing vertical (tilt=90deg;),South-facing; tilt=latitude,South-facing; tilt=latitude+15deg;,South-facing; tilt=latitude-15deg;,Two-axis sun-tracking,Horizontal (tilt=0deg;)
Smithers,-127.17,54.78,January,1.9,1.8,2.0,1.6,2.1,0.6
Smithers,-127.17,54.78,February,2.9,3.0,3.0,2.7,3.5,1.5
Smithers,-127.17,54.78,March,3.6,4.2,4.0,4.1,5.3,2.9
Smithers,-127.17,54.78,April,3.3,4.6,4.2,4.8,6.7,4.5
Smithers,-127.17,54.78,May,3.0,4.5,4.0,4.9,7.2,5.4
Smithers,-127.17,54.78,June,2.9,4.7,4.0,5.2,7.9,5.7
Smithers,-127.17,54.78,July,3.0,4.8,4.2,5.3,7.8,5.6
Smithers,-127.17,54.78,August,3.3,4.8,4.3,5.1,7.3,4.6
Smithers,-127.17,54.78,September,3.2,4.1,3.9,4.1,5.6,3.2
Smithers,-127.17,54.78,October,2.4,2.7,2.6,2.5,3.3,1.7
Smithers,-127.17,54.78,November,1.8,1.8,1.8,1.6,2.1,0.8
Smithers,-127.17,54.78,December,1.5,1.4,1.5,1.2,1.6,0.4
Smithers,-127.17,54.78,Annual,2.7,3.5,3.3,3.6,5.1,3.1
