name,latitude,longitude,month,South-facing vertical (tilt=90deg;),South-facing; tilt=latitude,South-facing; tilt=latitude+15deg;,South-facing; tilt=latitude-15deg;,Two-axis sun-tracking,Horizontal (tilt=0deg;)
Sointula,-127.04,50.65,January,1.6,1.6,1.7,1.5,1.9,0.7
Sointula,-127.04,50.65,February,2.1,2.3,2.4,2.2,2.8,1.4
Sointula,-127.04,50.65,March,2.9,3.7,3.5,3.6,4.6,2.6
Sointula,-127.04,50.65,April,3.0,4.4,4.0,4.6,6.1,3.9
Sointula,-127.04,50.65,May,2.8,4.5,4.0,4.9,6.8,5.1
Sointula,-127.04,50.65,June,2.8,4.8,4.1,5.3,7.6,5.5
Sointula,-127.04,50.65,July,2.9,4.9,4.3,5.4,7.8,5.6
Sointula,-127.04,50.65,August,2.9,4.5,4.0,4.8,6.6,4.7
Sointula,-127.04,50.65,September,3.4,4.5,4.3,4.5,6.0,3.2
Sointula,-127.04,50.65,October,2.5,2.9,2.8,2.7,3.5,1.8
Sointula,-127.04,50.65,November,1.7,1.8,1.8,1.6,2.1,0.9
Sointula,-127.04,50.65,December,1.4,1.3,1.4,1.2,1.5,0.6
Sointula,-127.04,50.65,Annual,2.5,3.4,3.2,3.5,4.8,3.0
