name,latitude,longitude,month,South-facing vertical (tilt=90deg;),South-facing; tilt=latitude,South-facing; tilt=latitude+15deg;,South-facing; tilt=latitude-15deg;,Two-axis sun-tracking,Horizontal (tilt=0deg;)
Sooke,-123.72,48.38,January,1.8,1.8,1.9,1.6,2.1,0.9
Sooke,-123.72,48.38,February,2.3,2.5,2.5,2.3,3.0,1.7
Sooke,-123.72,48.38,March,3.0,3.8,3.7,3.7,4.8,2.9
Sooke,-123.72,48.38,April,3.0,4.6,4.2,4.7,6.4,4.2
Sooke,-123.72,48.38,May,2.8,5.0,4.3,5.3,7.6,5.6
Sooke,-123.72,48.38,June,2.8,5.2,4.5,5.8,8.5,6.0
Sooke,-123.72,48.38,July,3.0,5.5,4.8,6.0,9.0,6.4
Sooke,-123.72,48.38,August,3.3,5.4,4.8,5.7,8.2,5.4
Sooke,-123.72,48.38,September,4.0,5.3,5.1,5.3,7.3,3.9
Sooke,-123.72,48.38,October,3.1,3.5,3.5,3.3,4.4,2.2
Sooke,-123.72,48.38,November,1.9,2.0,2.1,1.8,2.4,1.0
Sooke,-123.72,48.38,December,1.7,1.6,1.7,1.4,1.9,0.7
Sooke,-123.72,48.38,Annual,2.7,3.9,3.6,3.9,5.5,3.4
