name,latitude,longitude,month,South-facing vertical (tilt=90deg;),South-facing; tilt=latitude,South-facing; tilt=latitude+15deg;,South-facing; tilt=latitude-15deg;,Two-axis sun-tracking,Horizontal (tilt=0deg;)
Sorrento,-119.47,50.88,January,2.0,2.0,2.1,1.8,2.3,1.0
Sorrento,-119.47,50.88,February,2.9,3.1,3.1,2.9,3.7,1.9
Sorrento,-119.47,50.88,March,3.8,4.6,4.5,4.5,5.9,3.3
Sorrento,-119.47,50.88,April,3.6,5.2,4.8,5.4,7.4,4.7
Sorrento,-119.47,50.88,May,3.1,5.1,4.5,5.5,8.0,5.7
Sorrento,-119.47,50.88,June,3.0,5.4,4.6,5.9,8.9,6.2
Sorrento,-119.47,50.88,July,3.2,5.6,4.8,6.2,9.3,6.4
Sorrento,-119.47,50.88,August,3.5,5.5,4.9,5.8,8.3,5.4
Sorrento,-119.47,50.88,September,3.9,5.2,4.9,5.1,7.0,3.8
Sorrento,-119.47,50.88,October,3.4,3.8,3.8,3.6,4.8,2.2
Sorrento,-119.47,50.88,November,2.3,2.3,2.4,2.1,2.7,1.1
Sorrento,-119.47,50.88,December,1.7,1.7,1.8,1.5,1.9,0.8
Sorrento,-119.47,50.88,Annual,3.0,4.1,3.9,4.2,5.9,3.6
