name,latitude,longitude,month,South-facing vertical (tilt=90deg;),South-facing; tilt=latitude,South-facing; tilt=latitude+15deg;,South-facing; tilt=latitude-15deg;,Two-axis sun-tracking,Horizontal (tilt=0deg;)
Southbank,-125.77,54.02,January,1.9,1.9,2.0,1.7,2.2,0.7
Southbank,-125.77,54.02,February,2.8,2.9,3.0,2.7,3.5,1.6
Southbank,-125.77,54.02,March,3.6,4.3,4.2,4.2,5.5,3.0
Southbank,-125.77,54.02,April,3.5,4.8,4.4,5.0,7.0,4.5
Southbank,-125.77,54.02,May,3.0,4.7,4.1,5.1,7.4,5.4
Southbank,-125.77,54.02,June,2.9,4.8,4.1,5.3,8.0,5.8
Southbank,-125.77,54.02,July,3.1,5.0,4.4,5.5,8.2,5.7
Southbank,-125.77,54.02,August,3.4,5.0,4.5,5.3,7.6,4.8
Southbank,-125.77,54.02,September,3.4,4.4,4.2,4.4,6.0,3.4
Southbank,-125.77,54.02,October,2.6,2.9,2.9,2.7,3.6,1.8
Southbank,-125.77,54.02,November,1.9,1.9,2.0,1.7,2.2,0.8
Southbank,-125.77,54.02,December,1.5,1.4,1.5,1.3,1.7,0.5
Southbank,-125.77,54.02,Annual,2.8,3.7,3.4,3.8,5.2,3.2
