name,latitude,longitude,month,South-facing vertical (tilt=90deg;),South-facing; tilt=latitude,South-facing; tilt=latitude+15deg;,South-facing; tilt=latitude-15deg;,Two-axis sun-tracking,Horizontal (tilt=0deg;)
Sparwood,-114.89,49.72,January,3.0,2.9,3.1,2.5,3.4,1.2
Sparwood,-114.89,49.72,February,3.6,3.8,3.9,3.5,4.7,2.1
Sparwood,-114.89,49.72,March,4.0,4.8,4.7,4.7,6.2,3.5
Sparwood,-114.89,49.72,April,3.6,5.2,4.8,5.4,7.6,4.7
Sparwood,-114.89,49.72,May,3.0,5.2,4.5,5.6,8.2,5.8
Sparwood,-114.89,49.72,June,3.0,5.5,4.7,6.1,9.4,6.4
Sparwood,-114.89,49.72,July,3.2,5.8,5.0,6.3,9.7,6.7
Sparwood,-114.89,49.72,August,3.5,5.6,5.0,5.9,8.5,5.6
Sparwood,-114.89,49.72,September,4.1,5.4,5.2,5.4,7.4,3.9
Sparwood,-114.89,49.72,October,4.1,4.5,4.6,4.3,5.7,2.5
Sparwood,-114.89,49.72,November,3.0,3.0,3.1,2.7,3.6,1.3
Sparwood,-114.89,49.72,December,2.5,2.4,2.6,2.1,2.8,0.9
Sparwood,-114.89,49.72,Annual,3.4,4.5,4.3,4.5,6.4,3.7
