name,latitude,longitude,month,South-facing vertical (tilt=90deg;),South-facing; tilt=latitude,South-facing; tilt=latitude+15deg;,South-facing; tilt=latitude-15deg;,Two-axis sun-tracking,Horizontal (tilt=0deg;)
Spences Bridge,-121.35,50.41,January,2.1,2.1,2.2,1.9,2.4,1.0
Spences Bridge,-121.35,50.41,February,3.0,3.2,3.3,3.0,3.8,1.9
Spences Bridge,-121.35,50.41,March,3.8,4.7,4.5,4.5,6.0,3.3
Spences Bridge,-121.35,50.41,April,3.5,5.1,4.7,5.3,7.3,4.8
Spences Bridge,-121.35,50.41,May,3.1,5.2,4.5,5.6,8.1,5.8
Spences Bridge,-121.35,50.41,June,3.0,5.4,4.6,5.9,8.9,6.2
Spences Bridge,-121.35,50.41,July,3.2,5.7,4.9,6.2,9.4,6.5
Spences Bridge,-121.35,50.41,August,3.6,5.6,5.0,5.9,8.5,5.5
Spences Bridge,-121.35,50.41,September,4.0,5.3,5.0,5.2,7.2,3.9
Spences Bridge,-121.35,50.41,October,3.4,3.9,3.9,3.6,4.8,2.3
Spences Bridge,-121.35,50.41,November,2.2,2.2,2.3,2.0,2.6,1.1
Spences Bridge,-121.35,50.41,December,1.9,1.8,1.9,1.6,2.1,0.7
Spences Bridge,-121.35,50.41,Annual,3.1,4.2,3.9,4.2,5.9,3.6
