name,latitude,longitude,month,South-facing vertical (tilt=90deg;),South-facing; tilt=latitude,South-facing; tilt=latitude+15deg;,South-facing; tilt=latitude-15deg;,Two-axis sun-tracking,Horizontal (tilt=0deg;)
Spillimacheen,-116.35,50.90,January,2.5,2.5,2.6,2.2,2.9,1.1
Spillimacheen,-116.35,50.90,February,3.5,3.7,3.8,3.4,4.5,2.0
Spillimacheen,-116.35,50.90,March,4.1,4.9,4.8,4.8,6.3,3.5
Spillimacheen,-116.35,50.90,April,3.8,5.4,5.0,5.6,7.8,4.9
Spillimacheen,-116.35,50.90,May,3.1,5.1,4.5,5.6,8.2,5.8
Spillimacheen,-116.35,50.90,June,3.1,5.5,4.7,6.1,9.3,6.4
Spillimacheen,-116.35,50.90,July,3.3,5.8,5.0,6.3,9.7,6.6
Spillimacheen,-116.35,50.90,August,3.5,5.5,4.9,5.8,8.4,5.5
Spillimacheen,-116.35,50.90,September,4.0,5.3,5.0,5.2,7.2,3.8
Spillimacheen,-116.35,50.90,October,3.9,4.3,4.3,4.0,5.5,2.4
Spillimacheen,-116.35,50.90,November,2.9,2.9,3.1,2.6,3.5,1.2
Spillimacheen,-116.35,50.90,December,2.1,2.0,2.2,1.8,2.4,0.8
Spillimacheen,-116.35,50.90,Annual,3.3,4.4,4.2,4.4,6.3,3.7
