name,latitude,longitude,month,South-facing vertical (tilt=90deg;),South-facing; tilt=latitude,South-facing; tilt=latitude+15deg;,South-facing; tilt=latitude-15deg;,Two-axis sun-tracking,Horizontal (tilt=0deg;)
Sproat Lake,-124.93,49.30,January,1.7,1.7,1.8,1.5,2.0,0.8
Sproat Lake,-124.93,49.30,February,2.1,2.3,2.3,2.2,2.8,1.5
Sproat Lake,-124.93,49.30,March,2.8,3.5,3.4,3.4,4.5,2.5
Sproat Lake,-124.93,49.30,April,3.0,4.4,4.0,4.5,6.1,3.9
Sproat Lake,-124.93,49.30,May,2.8,4.7,4.1,5.1,7.2,5.3
Sproat Lake,-124.93,49.30,June,2.8,5.0,4.3,5.5,8.1,5.8
Sproat Lake,-124.93,49.30,July,3.0,5.3,4.6,5.8,8.6,6.1
Sproat Lake,-124.93,49.30,August,3.1,5.0,4.5,5.3,7.6,5.2
Sproat Lake,-124.93,49.30,September,3.8,5.0,4.8,5.0,6.8,3.7
Sproat Lake,-124.93,49.30,October,2.8,3.2,3.2,3.0,3.9,1.9
Sproat Lake,-124.93,49.30,November,1.9,1.9,2.0,1.7,2.3,1.0
Sproat Lake,-124.93,49.30,December,1.5,1.5,1.6,1.3,1.8,0.7
Sproat Lake,-124.93,49.30,Annual,2.6,3.6,3.4,3.7,5.1,3.2
