name,latitude,longitude,month,South-facing vertical (tilt=90deg;),South-facing; tilt=latitude,South-facing; tilt=latitude+15deg;,South-facing; tilt=latitude-15deg;,Two-axis sun-tracking,Horizontal (tilt=0deg;)
Squamish,-123.13,49.74,January,1.7,1.7,1.8,1.5,2.0,0.8
Squamish,-123.13,49.74,February,2.2,2.4,2.4,2.2,2.8,1.5
Squamish,-123.13,49.74,March,2.9,3.5,3.4,3.5,4.5,2.5
Squamish,-123.13,49.74,April,2.8,4.2,3.9,4.4,5.9,3.7
Squamish,-123.13,49.74,May,2.6,4.4,3.9,4.8,6.7,5.2
Squamish,-123.13,49.74,June,2.6,4.7,4.1,5.2,7.7,5.7
Squamish,-123.13,49.74,July,2.9,5.2,4.5,5.7,8.4,6.0
Squamish,-123.13,49.74,August,3.2,5.1,4.5,5.3,7.6,5.2
Squamish,-123.13,49.74,September,3.6,4.8,4.5,4.7,6.5,3.4
Squamish,-123.13,49.74,October,2.5,2.9,2.9,2.8,3.6,1.9
Squamish,-123.13,49.74,November,1.8,1.9,1.9,1.7,2.2,1.0
Squamish,-123.13,49.74,December,1.6,1.6,1.7,1.4,1.9,0.7
Squamish,-123.13,49.74,Annual,2.5,3.5,3.3,3.6,5.0,3.1
