name,latitude,longitude,month,South-facing vertical (tilt=90deg;),South-facing; tilt=latitude,South-facing; tilt=latitude+15deg;,South-facing; tilt=latitude-15deg;,Two-axis sun-tracking,Horizontal (tilt=0deg;)
Stewart,-130.01,55.92,January,1.5,1.5,1.5,1.3,1.7,0.5
Stewart,-130.01,55.92,February,2.4,2.4,2.5,2.3,2.9,1.1
Stewart,-130.01,55.92,March,2.9,3.4,3.3,3.4,4.3,2.4
Stewart,-130.01,55.92,April,3.1,4.2,3.8,4.4,6.0,3.9
Stewart,-130.01,55.92,May,3.0,4.4,3.9,4.8,6.9,5.1
Stewart,-130.01,55.92,June,2.9,4.5,3.9,5.0,7.4,5.5
Stewart,-130.01,55.92,July,2.8,4.4,3.8,4.8,6.9,5.2
Stewart,-130.01,55.92,August,3.0,4.2,3.7,4.4,6.1,4.1
Stewart,-130.01,55.92,September,2.6,3.3,3.0,3.3,4.2,2.5
Stewart,-130.01,55.92,October,1.7,1.9,1.9,1.8,2.2,1.3
Stewart,-130.01,55.92,November,1.4,1.4,1.4,1.2,1.6,0.6
Stewart,-130.01,55.92,December,1.1,1.1,1.1,0.9,1.2,0.4
Stewart,-130.01,55.92,Annual,2.4,3.1,2.8,3.1,4.3,2.7
