name,latitude,longitude,month,South-facing vertical (tilt=90deg;),South-facing; tilt=latitude,South-facing; tilt=latitude+15deg;,South-facing; tilt=latitude-15deg;,Two-axis sun-tracking,Horizontal (tilt=0deg;)
Sugarcane,-121.99,52.11,January,2.4,2.3,2.4,2.0,2.7,0.9
Sugarcane,-121.99,52.11,February,3.2,3.4,3.5,3.1,4.0,1.8
Sugarcane,-121.99,52.11,March,4.1,4.9,4.7,4.7,6.2,3.3
Sugarcane,-121.99,52.11,April,3.7,5.2,4.8,5.4,7.5,4.6
Sugarcane,-121.99,52.11,May,3.1,5.1,4.4,5.5,8.0,5.6
Sugarcane,-121.99,52.11,June,3.0,5.2,4.4,5.7,8.7,6.0
Sugarcane,-121.99,52.11,July,3.2,5.4,4.7,5.9,8.9,6.1
Sugarcane,-121.99,52.11,August,3.5,5.3,4.7,5.6,8.0,5.1
Sugarcane,-121.99,52.11,September,3.8,4.9,4.7,4.9,6.7,3.7
Sugarcane,-121.99,52.11,October,3.3,3.6,3.6,3.4,4.4,2.1
Sugarcane,-121.99,52.11,November,2.3,2.3,2.4,2.1,2.7,1.0
Sugarcane,-121.99,52.11,December,2.0,1.9,2.0,1.7,2.2,0.6
Sugarcane,-121.99,52.11,Annual,3.1,4.1,3.9,4.2,5.8,3.4
