name,latitude,longitude,month,South-facing vertical (tilt=90deg;),South-facing; tilt=latitude,South-facing; tilt=latitude+15deg;,South-facing; tilt=latitude-15deg;,Two-axis sun-tracking,Horizontal (tilt=0deg;)
Surrey,-122.84,49.18,January,1.8,1.8,1.9,1.6,2.1,0.9
Surrey,-122.84,49.18,February,2.3,2.5,2.6,2.4,3.0,1.6
Surrey,-122.84,49.18,March,2.9,3.7,3.6,3.6,4.7,2.7
Surrey,-122.84,49.18,April,2.9,4.4,4.0,4.5,6.1,4.0
Surrey,-122.84,49.18,May,2.7,4.6,4.0,4.9,7.0,5.4
Surrey,-122.84,49.18,June,2.6,4.9,4.2,5.4,7.9,5.9
Surrey,-122.84,49.18,July,2.9,5.3,4.5,5.8,8.6,6.2
Surrey,-122.84,49.18,August,3.2,5.2,4.6,5.5,7.8,5.3
Surrey,-122.84,49.18,September,3.7,5.0,4.8,5.0,6.8,3.7
Surrey,-122.84,49.18,October,2.8,3.3,3.3,3.1,4.1,2.1
Surrey,-122.84,49.18,November,1.8,1.9,2.0,1.7,2.3,1.0
Surrey,-122.84,49.18,December,1.7,1.6,1.7,1.4,1.9,0.7
Surrey,-122.84,49.18,Annual,2.6,3.7,3.4,3.7,5.2,3.3
