name,latitude,longitude,month,South-facing vertical (tilt=90deg;),South-facing; tilt=latitude,South-facing; tilt=latitude+15deg;,South-facing; tilt=latitude-15deg;,Two-axis sun-tracking,Horizontal (tilt=0deg;)
Tachie,-124.68,54.64,January,2.0,1.9,2.0,1.7,2.2,0.7
Tachie,-124.68,54.64,February,2.9,3.0,3.1,2.8,3.5,1.5
Tachie,-124.68,54.64,March,3.8,4.4,4.3,4.3,5.6,2.9
Tachie,-124.68,54.64,April,3.6,5.0,4.5,5.2,7.2,4.5
Tachie,-124.68,54.64,May,3.1,4.7,4.1,5.1,7.4,5.4
Tachie,-124.68,54.64,June,3.1,5.1,4.4,5.6,8.5,5.9
Tachie,-124.68,54.64,July,3.2,5.1,4.4,5.6,8.3,5.8
Tachie,-124.68,54.64,August,3.5,5.1,4.5,5.3,7.7,4.8
Tachie,-124.68,54.64,September,3.4,4.3,4.1,4.3,5.8,3.3
Tachie,-124.68,54.64,October,2.6,2.9,2.9,2.8,3.6,1.7
Tachie,-124.68,54.64,November,2.0,2.0,2.1,1.8,2.3,0.8
Tachie,-124.68,54.64,December,1.5,1.4,1.5,1.3,1.7,0.5
Tachie,-124.68,54.64,Annual,2.9,3.7,3.5,3.8,5.3,3.1
