name,latitude,longitude,month,South-facing vertical (tilt=90deg;),South-facing; tilt=latitude,South-facing; tilt=latitude+15deg;,South-facing; tilt=latitude-15deg;,Two-axis sun-tracking,Horizontal (tilt=0deg;)
Taghum,-117.39,49.49,January,2.0,2.0,2.1,1.8,2.4,1.1
Taghum,-117.39,49.49,February,2.7,2.9,2.9,2.7,3.5,2.0
Taghum,-117.39,49.49,March,3.5,4.3,4.2,4.2,5.5,3.3
Taghum,-117.39,49.49,April,3.3,4.9,4.5,5.1,7.0,4.6
Taghum,-117.39,49.49,May,2.8,4.9,4.2,5.2,7.5,5.7
Taghum,-117.39,49.49,June,2.9,5.3,4.5,5.8,8.7,6.3
Taghum,-117.39,49.49,July,3.1,5.6,4.8,6.2,9.3,6.6
Taghum,-117.39,49.49,August,3.4,5.5,4.9,5.7,8.3,5.6
Taghum,-117.39,49.49,September,4.0,5.3,5.1,5.3,7.2,3.9
Taghum,-117.39,49.49,October,3.5,4.0,4.0,3.7,5.0,2.4
Taghum,-117.39,49.49,November,2.3,2.3,2.4,2.1,2.8,1.2
Taghum,-117.39,49.49,December,1.6,1.6,1.7,1.4,1.9,0.9
Taghum,-117.39,49.49,Annual,2.9,4.0,3.8,4.1,5.8,3.6
