name,latitude,longitude,month,South-facing vertical (tilt=90deg;),South-facing; tilt=latitude,South-facing; tilt=latitude+15deg;,South-facing; tilt=latitude-15deg;,Two-axis sun-tracking,Horizontal (tilt=0deg;)
Tahsis,-126.67,49.92,January,1.7,1.7,1.8,1.5,2.0,0.8
Tahsis,-126.67,49.92,February,2.0,2.2,2.3,2.1,2.6,1.4
Tahsis,-126.67,49.92,March,2.7,3.4,3.3,3.3,4.2,2.4
Tahsis,-126.67,49.92,April,2.8,4.1,3.7,4.2,5.6,3.4
Tahsis,-126.67,49.92,May,2.6,4.2,3.7,4.6,6.2,4.9
Tahsis,-126.67,49.92,June,2.6,4.5,3.9,5.0,7.1,5.3
Tahsis,-126.67,49.92,July,2.7,4.8,4.1,5.2,7.5,5.6
Tahsis,-126.67,49.92,August,2.7,4.3,3.8,4.5,6.3,4.7
Tahsis,-126.67,49.92,September,3.4,4.4,4.2,4.4,5.8,3.1
Tahsis,-126.67,49.92,October,2.6,3.0,2.9,2.8,3.6,1.8
Tahsis,-126.67,49.92,November,1.8,1.9,1.9,1.7,2.2,0.9
Tahsis,-126.67,49.92,December,1.4,1.4,1.5,1.3,1.6,0.6
Tahsis,-126.67,49.92,Annual,2.4,3.3,3.1,3.4,4.6,2.9
