name,latitude,longitude,month,South-facing vertical (tilt=90deg;),South-facing; tilt=latitude,South-facing; tilt=latitude+15deg;,South-facing; tilt=latitude-15deg;,Two-axis sun-tracking,Horizontal (tilt=0deg;)
Tappen,-119.33,50.78,January,2.0,2.0,2.0,1.7,2.3,1.0
Tappen,-119.33,50.78,February,2.9,3.1,3.1,2.8,3.7,1.9
Tappen,-119.33,50.78,March,3.8,4.6,4.4,4.4,5.8,3.3
Tappen,-119.33,50.78,April,3.6,5.2,4.8,5.3,7.4,4.7
Tappen,-119.33,50.78,May,3.1,5.1,4.5,5.5,7.9,5.7
Tappen,-119.33,50.78,June,3.0,5.4,4.6,5.9,8.9,6.2
Tappen,-119.33,50.78,July,3.2,5.6,4.8,6.1,9.3,6.4
Tappen,-119.33,50.78,August,3.5,5.5,4.9,5.8,8.3,5.4
Tappen,-119.33,50.78,September,3.9,5.2,4.9,5.1,7.0,3.8
Tappen,-119.33,50.78,October,3.3,3.8,3.8,3.6,4.7,2.2
Tappen,-119.33,50.78,November,2.2,2.3,2.3,2.0,2.7,1.1
Tappen,-119.33,50.78,December,1.7,1.6,1.7,1.4,1.9,0.8
Tappen,-119.33,50.78,Annual,3.0,4.1,3.8,4.2,5.8,3.6
