name,latitude,longitude,month,South-facing vertical (tilt=90deg;),South-facing; tilt=latitude,South-facing; tilt=latitude+15deg;,South-facing; tilt=latitude-15deg;,Two-axis sun-tracking,Horizontal (tilt=0deg;)
Taylor,-120.68,56.16,January,2.7,2.6,2.7,2.3,3.0,0.7
Taylor,-120.68,56.16,February,3.8,3.9,4.0,3.5,4.6,1.5
Taylor,-120.68,56.16,March,4.7,5.3,5.2,5.1,6.8,3.0
Taylor,-120.68,56.16,April,4.3,5.7,5.3,5.9,8.4,4.6
Taylor,-120.68,56.16,May,3.5,5.3,4.6,5.7,8.6,5.5
Taylor,-120.68,56.16,June,3.5,5.5,4.6,6.0,9.5,6.0
Taylor,-120.68,56.16,July,3.4,5.3,4.5,5.8,8.9,5.9
Taylor,-120.68,56.16,August,3.6,5.1,4.6,5.4,7.9,4.8
Taylor,-120.68,56.16,September,3.6,4.4,4.2,4.4,5.9,3.2
Taylor,-120.68,56.16,October,3.4,3.6,3.6,3.4,4.3,1.7
Taylor,-120.68,56.16,November,2.7,2.6,2.8,2.3,3.0,0.8
Taylor,-120.68,56.16,December,2.4,2.2,2.4,1.9,2.5,0.5
Taylor,-120.68,56.16,Annual,3.5,4.3,4.0,4.3,6.1,3.2
