name,latitude,longitude,month,South-facing vertical (tilt=90deg;),South-facing; tilt=latitude,South-facing; tilt=latitude+15deg;,South-facing; tilt=latitude-15deg;,Two-axis sun-tracking,Horizontal (tilt=0deg;)
Telegraph Creek,-131.17,57.90,January,1.5,1.5,1.5,1.3,1.7,0.5
Telegraph Creek,-131.17,57.90,February,2.9,2.9,3.0,2.7,3.4,1.3
Telegraph Creek,-131.17,57.90,March,3.7,4.3,4.1,4.2,5.4,2.8
Telegraph Creek,-131.17,57.90,April,3.7,4.9,4.5,5.1,7.1,4.5
Telegraph Creek,-131.17,57.90,May,3.5,5.1,4.4,5.5,8.0,5.4
Telegraph Creek,-131.17,57.90,June,3.3,5.0,4.3,5.6,8.3,5.8
Telegraph Creek,-131.17,57.90,July,3.2,4.8,4.2,5.3,7.7,5.4
Telegraph Creek,-131.17,57.90,August,3.5,4.9,4.3,5.1,7.2,4.4
Telegraph Creek,-131.17,57.90,September,3.1,3.9,3.6,3.9,5.1,2.9
Telegraph Creek,-131.17,57.90,October,2.0,2.3,2.2,2.2,2.7,1.4
Telegraph Creek,-131.17,57.90,November,1.5,1.5,1.6,1.4,1.8,0.6
Telegraph Creek,-131.17,57.90,December,1.0,1.0,1.0,0.8,1.1,0.3
Telegraph Creek,-131.17,57.90,Annual,2.7,3.5,3.2,3.6,5.0,2.9
