name,latitude,longitude,month,South-facing vertical (tilt=90deg;),South-facing; tilt=latitude,South-facing; tilt=latitude+15deg;,South-facing; tilt=latitude-15deg;,Two-axis sun-tracking,Horizontal (tilt=0deg;)
Telkwa,-127.05,54.70,January,1.9,1.9,2.0,1.6,2.2,0.6
Telkwa,-127.05,54.70,February,2.9,3.0,3.0,2.7,3.5,1.5
Telkwa,-127.05,54.70,March,3.6,4.2,4.1,4.1,5.3,2.9
Telkwa,-127.05,54.70,April,3.3,4.6,4.2,4.8,6.8,4.5
Telkwa,-127.05,54.70,May,3.0,4.6,4.0,5.0,7.2,5.4
Telkwa,-127.05,54.70,June,2.9,4.7,4.0,5.2,8.0,5.7
Telkwa,-127.05,54.70,July,3.0,4.8,4.2,5.3,7.9,5.6
Telkwa,-127.05,54.70,August,3.3,4.9,4.4,5.2,7.4,4.7
Telkwa,-127.05,54.70,September,3.3,4.2,4.0,4.2,5.6,3.2
Telkwa,-127.05,54.70,October,2.4,2.7,2.7,2.6,3.3,1.7
Telkwa,-127.05,54.70,November,1.8,1.8,1.9,1.6,2.1,0.8
Telkwa,-127.05,54.70,December,1.5,1.4,1.5,1.3,1.6,0.4
Telkwa,-127.05,54.70,Annual,2.7,3.6,3.3,3.6,5.1,3.1
