name,latitude,longitude,month,South-facing vertical (tilt=90deg;),South-facing; tilt=latitude,South-facing; tilt=latitude+15deg;,South-facing; tilt=latitude-15deg;,Two-axis sun-tracking,Horizontal (tilt=0deg;)
Terrace,-128.62,54.52,January,1.6,1.6,1.7,1.4,1.8,0.5
Terrace,-128.62,54.52,February,2.4,2.5,2.6,2.3,3.0,1.3
Terrace,-128.62,54.52,March,3.0,3.6,3.5,3.5,4.6,2.6
Terrace,-128.62,54.52,April,3.0,4.3,3.9,4.5,6.1,4.1
Terrace,-128.62,54.52,May,2.8,4.4,3.8,4.8,6.9,5.2
Terrace,-128.62,54.52,June,2.8,4.6,3.9,5.1,7.6,5.6
Terrace,-128.62,54.52,July,2.8,4.6,4.0,5.1,7.4,5.4
Terrace,-128.62,54.52,August,3.1,4.6,4.1,4.8,6.8,4.5
Terrace,-128.62,54.52,September,2.9,3.8,3.6,3.8,5.0,2.9
Terrace,-128.62,54.52,October,1.9,2.2,2.2,2.1,2.6,1.4
Terrace,-128.62,54.52,November,1.5,1.5,1.5,1.3,1.7,0.7
Terrace,-128.62,54.52,December,1.3,1.2,1.3,1.1,1.4,0.4
Terrace,-128.62,54.52,Annual,2.4,3.2,3.0,3.3,4.6,2.9
