name,latitude,longitude,month,South-facing vertical (tilt=90deg;),South-facing; tilt=latitude,South-facing; tilt=latitude+15deg;,South-facing; tilt=latitude-15deg;,Two-axis sun-tracking,Horizontal (tilt=0deg;)
Thrums,-117.60,49.35,January,2.0,2.0,2.1,1.8,2.3,1.1
Thrums,-117.60,49.35,February,2.6,2.8,2.9,2.6,3.4,2.0
Thrums,-117.60,49.35,March,3.4,4.2,4.1,4.1,5.4,3.3
Thrums,-117.60,49.35,April,3.3,4.9,4.5,5.1,7.0,4.6
Thrums,-117.60,49.35,May,2.8,4.8,4.2,5.2,7.5,5.7
Thrums,-117.60,49.35,June,2.8,5.3,4.5,5.8,8.7,6.3
Thrums,-117.60,49.35,July,3.1,5.7,4.9,6.2,9.4,6.6
Thrums,-117.60,49.35,August,3.4,5.5,4.9,5.8,8.3,5.6
Thrums,-117.60,49.35,September,4.0,5.4,5.1,5.3,7.3,3.9
Thrums,-117.60,49.35,October,3.5,4.0,4.0,3.7,5.0,2.4
Thrums,-117.60,49.35,November,2.2,2.3,2.4,2.1,2.8,1.2
Thrums,-117.60,49.35,December,1.6,1.6,1.6,1.4,1.8,0.9
Thrums,-117.60,49.35,Annual,2.9,4.0,3.8,4.1,5.8,3.6
