name,latitude,longitude,month,South-facing vertical (tilt=90deg;),South-facing; tilt=latitude,South-facing; tilt=latitude+15deg;,South-facing; tilt=latitude-15deg;,Two-axis sun-tracking,Horizontal (tilt=0deg;)
Tintagel,-125.59,54.20,January,2.0,1.9,2.0,1.7,2.2,0.7
Tintagel,-125.59,54.20,February,2.8,3.0,3.0,2.7,3.5,1.5
Tintagel,-125.59,54.20,March,3.6,4.3,4.2,4.2,5.5,2.9
Tintagel,-125.59,54.20,April,3.5,4.9,4.4,5.1,7.0,4.5
Tintagel,-125.59,54.20,May,3.0,4.7,4.1,5.1,7.4,5.4
Tintagel,-125.59,54.20,June,3.0,4.9,4.2,5.4,8.2,5.8
Tintagel,-125.59,54.20,July,3.1,5.1,4.4,5.5,8.2,5.7
Tintagel,-125.59,54.20,August,3.4,5.0,4.5,5.3,7.6,4.8
Tintagel,-125.59,54.20,September,3.4,4.4,4.2,4.4,5.9,3.3
Tintagel,-125.59,54.20,October,2.6,2.9,2.9,2.8,3.6,1.8
Tintagel,-125.59,54.20,November,1.9,1.9,2.0,1.7,2.2,0.8
Tintagel,-125.59,54.20,December,1.5,1.4,1.5,1.3,1.7,0.5
Tintagel,-125.59,54.20,Annual,2.8,3.7,3.4,3.8,5.3,3.2
