name,latitude,longitude,month,South-facing vertical (tilt=90deg;),South-facing; tilt=latitude,South-facing; tilt=latitude+15deg;,South-facing; tilt=latitude-15deg;,Two-axis sun-tracking,Horizontal (tilt=0deg;)
Tlell,-131.94,53.58,January,1.3,1.4,1.4,1.2,1.5,0.6
Tlell,-131.94,53.58,February,2.2,2.4,2.4,2.3,2.8,1.3
Tlell,-131.94,53.58,March,2.9,3.5,3.4,3.5,4.3,2.5
Tlell,-131.94,53.58,April,3.1,4.3,3.9,4.4,5.8,4.0
Tlell,-131.94,53.58,May,3.0,4.8,4.2,5.2,7.0,5.0
Tlell,-131.94,53.58,June,2.8,4.6,4.0,5.0,7.0,5.4
Tlell,-131.94,53.58,July,2.8,4.5,3.9,4.9,6.7,5.2
Tlell,-131.94,53.58,August,3.0,4.5,4.0,4.7,6.4,4.4
Tlell,-131.94,53.58,September,3.0,4.0,3.7,4.0,5.2,3.0
Tlell,-131.94,53.58,October,2.2,2.5,2.5,2.4,2.9,1.6
Tlell,-131.94,53.58,November,1.6,1.7,1.7,1.5,1.9,0.8
Tlell,-131.94,53.58,December,1.1,1.1,1.1,1.0,1.2,0.5
Tlell,-131.94,53.58,Annual,2.4,3.3,3.0,3.3,4.4,2.9
