name,latitude,longitude,month,South-facing vertical (tilt=90deg;),South-facing; tilt=latitude,South-facing; tilt=latitude+15deg;,South-facing; tilt=latitude-15deg;,Two-axis sun-tracking,Horizontal (tilt=0deg;)
Tofino,-125.90,49.15,January,1.8,1.8,1.9,1.6,2.1,0.8
Tofino,-125.90,49.15,February,2.0,2.3,2.3,2.1,2.7,1.5
Tofino,-125.90,49.15,March,2.7,3.4,3.3,3.3,4.3,2.4
Tofino,-125.90,49.15,April,2.8,4.1,3.8,4.3,5.6,3.5
Tofino,-125.90,49.15,May,2.6,4.3,3.8,4.7,6.4,4.9
Tofino,-125.90,49.15,June,2.6,4.6,4.0,5.1,7.3,5.3
Tofino,-125.90,49.15,July,2.8,4.9,4.3,5.4,7.8,5.7
Tofino,-125.90,49.15,August,2.8,4.6,4.1,4.8,6.8,5.0
Tofino,-125.90,49.15,September,3.5,4.7,4.4,4.7,6.2,3.4
Tofino,-125.90,49.15,October,2.7,3.1,3.1,3.0,3.8,1.9
Tofino,-125.90,49.15,November,1.9,2.0,2.0,1.8,2.3,1.0
Tofino,-125.90,49.15,December,1.6,1.5,1.6,1.4,1.8,0.7
Tofino,-125.90,49.15,Annual,2.5,3.4,3.2,3.5,4.8,3.0
