name,latitude,longitude,month,South-facing vertical (tilt=90deg;),South-facing; tilt=latitude,South-facing; tilt=latitude+15deg;,South-facing; tilt=latitude-15deg;,Two-axis sun-tracking,Horizontal (tilt=0deg;)
Topley,-126.30,54.51,January,2.0,1.9,2.0,1.7,2.2,0.7
Topley,-126.30,54.51,February,2.8,2.9,3.0,2.7,3.5,1.5
Topley,-126.30,54.51,March,3.6,4.3,4.1,4.1,5.4,2.9
Topley,-126.30,54.51,April,3.4,4.7,4.3,4.9,6.9,4.5
Topley,-126.30,54.51,May,3.0,4.6,4.0,5.0,7.3,5.4
Topley,-126.30,54.51,June,2.9,4.8,4.1,5.3,8.0,5.8
Topley,-126.30,54.51,July,3.1,4.9,4.3,5.4,8.0,5.7
Topley,-126.30,54.51,August,3.4,4.9,4.4,5.2,7.5,4.7
Topley,-126.30,54.51,September,3.4,4.3,4.1,4.3,5.8,3.3
Topley,-126.30,54.51,October,2.5,2.8,2.8,2.7,3.5,1.7
Topley,-126.30,54.51,November,1.9,1.8,1.9,1.7,2.2,0.8
Topley,-126.30,54.51,December,1.5,1.4,1.5,1.3,1.7,0.5
Topley,-126.30,54.51,Annual,2.8,3.6,3.4,3.7,5.2,3.1
