name,latitude,longitude,month,South-facing vertical (tilt=90deg;),South-facing; tilt=latitude,South-facing; tilt=latitude+15deg;,South-facing; tilt=latitude-15deg;,Two-axis sun-tracking,Horizontal (tilt=0deg;)
Trutch,-122.95,57.74,January,2.2,2.1,2.2,1.9,2.4,0.6
Trutch,-122.95,57.74,February,3.5,3.5,3.7,3.2,4.2,1.4
Trutch,-122.95,57.74,March,4.6,5.0,5.0,4.9,6.5,2.8
Trutch,-122.95,57.74,April,4.2,5.5,5.0,5.7,8.0,4.4
Trutch,-122.95,57.74,May,3.3,4.8,4.2,5.2,7.9,5.3
Trutch,-122.95,57.74,June,3.3,5.0,4.3,5.6,8.8,5.9
Trutch,-122.95,57.74,July,3.2,4.8,4.1,5.3,8.0,5.5
Trutch,-122.95,57.74,August,3.4,4.6,4.1,4.9,7.0,4.5
Trutch,-122.95,57.74,September,3.4,4.1,3.9,4.1,5.5,2.9
Trutch,-122.95,57.74,October,2.8,3.0,3.0,2.8,3.6,1.5
Trutch,-122.95,57.74,November,2.3,2.2,2.3,2.0,2.5,0.7
Trutch,-122.95,57.74,December,1.8,1.7,1.8,1.5,1.9,0.4
Trutch,-122.95,57.74,Annual,3.2,3.9,3.6,3.9,5.5,3.0
