name,latitude,longitude,month,South-facing vertical (tilt=90deg;),South-facing; tilt=latitude,South-facing; tilt=latitude+15deg;,South-facing; tilt=latitude-15deg;,Two-axis sun-tracking,Horizontal (tilt=0deg;)
Tsawwassen,-123.09,49.02,January,1.8,1.8,1.9,1.6,2.2,0.9
Tsawwassen,-123.09,49.02,February,2.5,2.8,2.8,2.6,3.3,1.8
Tsawwassen,-123.09,49.02,March,3.2,4.0,3.9,3.9,5.1,3.0
Tsawwassen,-123.09,49.02,April,3.1,4.6,4.2,4.8,6.5,4.4
Tsawwassen,-123.09,49.02,May,2.8,4.9,4.2,5.3,7.5,5.6
Tsawwassen,-123.09,49.02,June,2.7,5.1,4.3,5.6,8.3,6.0
Tsawwassen,-123.09,49.02,July,3.0,5.5,4.7,6.0,9.0,6.3
Tsawwassen,-123.09,49.02,August,3.3,5.4,4.8,5.7,8.2,5.4
Tsawwassen,-123.09,49.02,September,3.9,5.2,5.0,5.2,7.2,3.9
Tsawwassen,-123.09,49.02,October,3.1,3.6,3.6,3.4,4.4,2.2
Tsawwassen,-123.09,49.02,November,2.0,2.0,2.1,1.8,2.4,1.0
Tsawwassen,-123.09,49.02,December,1.7,1.7,1.8,1.5,2.0,0.7
Tsawwassen,-123.09,49.02,Annual,2.8,3.9,3.6,3.9,5.5,3.4
