name,latitude,longitude,month,South-facing vertical (tilt=90deg;),South-facing; tilt=latitude,South-facing; tilt=latitude+15deg;,South-facing; tilt=latitude-15deg;,Two-axis sun-tracking,Horizontal (tilt=0deg;)
Tumbler Ridge,-120.99,55.14,January,2.6,2.4,2.6,2.1,2.8,0.7
Tumbler Ridge,-120.99,55.14,February,3.6,3.6,3.7,3.3,4.3,1.6
Tumbler Ridge,-120.99,55.14,March,4.4,5.0,4.9,4.8,6.4,3.0
Tumbler Ridge,-120.99,55.14,April,4.1,5.5,5.1,5.7,8.0,4.5
Tumbler Ridge,-120.99,55.14,May,3.4,5.2,4.6,5.6,8.4,5.5
Tumbler Ridge,-120.99,55.14,June,3.3,5.3,4.5,5.8,9.0,5.9
Tumbler Ridge,-120.99,55.14,July,3.3,5.2,4.5,5.7,8.7,5.8
Tumbler Ridge,-120.99,55.14,August,3.5,5.1,4.5,5.3,7.7,4.8
Tumbler Ridge,-120.99,55.14,September,3.6,4.4,4.2,4.4,5.9,3.2
Tumbler Ridge,-120.99,55.14,October,3.2,3.5,3.5,3.3,4.2,1.7
Tumbler Ridge,-120.99,55.14,November,2.5,2.5,2.6,2.2,2.9,0.8
Tumbler Ridge,-120.99,55.14,December,2.2,2.1,2.2,1.8,2.4,0.5
Tumbler Ridge,-120.99,55.14,Annual,3.3,4.1,3.9,4.2,5.9,3.2
