name,latitude,longitude,month,South-facing vertical (tilt=90deg;),South-facing; tilt=latitude,South-facing; tilt=latitude+15deg;,South-facing; tilt=latitude-15deg;,Two-axis sun-tracking,Horizontal (tilt=0deg;)
Ucluelet,-125.55,48.94,January,1.8,1.8,1.9,1.6,2.1,0.8
Ucluelet,-125.55,48.94,February,2.0,2.3,2.3,2.1,2.7,1.5
Ucluelet,-125.55,48.94,March,2.7,3.4,3.3,3.3,4.3,2.4
Ucluelet,-125.55,48.94,April,2.8,4.2,3.8,4.3,5.7,3.5
Ucluelet,-125.55,48.94,May,2.5,4.3,3.8,4.6,6.4,4.9
Ucluelet,-125.55,48.94,June,2.5,4.6,4.0,5.1,7.3,5.4
Ucluelet,-125.55,48.94,July,2.7,4.9,4.2,5.4,7.8,5.7
Ucluelet,-125.55,48.94,August,2.8,4.6,4.1,4.8,6.8,4.9
Ucluelet,-125.55,48.94,September,3.6,4.7,4.5,4.7,6.3,3.4
Ucluelet,-125.55,48.94,October,2.8,3.2,3.2,3.0,3.9,1.9
Ucluelet,-125.55,48.94,November,1.9,2.0,2.1,1.8,2.3,1.0
Ucluelet,-125.55,48.94,December,1.6,1.6,1.6,1.4,1.8,0.7
Ucluelet,-125.55,48.94,Annual,2.5,3.5,3.2,3.5,4.8,3.0
