name,latitude,longitude,month,South-facing vertical (tilt=90deg;),South-facing; tilt=latitude,South-facing; tilt=latitude+15deg;,South-facing; tilt=latitude-15deg;,Two-axis sun-tracking,Horizontal (tilt=0deg;)
Upper Fraser,-121.94,54.11,January,2.2,2.1,2.3,1.9,2.5,0.7
Upper Fraser,-121.94,54.11,February,3.1,3.2,3.2,2.9,3.8,1.5
Upper Fraser,-121.94,54.11,March,3.9,4.6,4.5,4.4,5.8,2.9
Upper Fraser,-121.94,54.11,April,3.8,5.3,4.8,5.4,7.6,4.4
Upper Fraser,-121.94,54.11,May,3.1,4.9,4.3,5.3,7.7,5.4
Upper Fraser,-121.94,54.11,June,3.1,5.1,4.4,5.7,8.5,5.9
Upper Fraser,-121.94,54.11,July,3.3,5.3,4.6,5.8,8.7,5.9
Upper Fraser,-121.94,54.11,August,3.5,5.1,4.6,5.4,7.7,4.9
Upper Fraser,-121.94,54.11,September,3.4,4.4,4.1,4.4,5.8,3.1
Upper Fraser,-121.94,54.11,October,2.7,3.0,3.0,2.9,3.7,1.7
Upper Fraser,-121.94,54.11,November,2.3,2.2,2.3,2.0,2.6,0.8
Upper Fraser,-121.94,54.11,December,1.8,1.7,1.8,1.5,2.0,0.5
Upper Fraser,-121.94,54.11,Annual,3.0,3.9,3.7,4.0,5.5,3.1
