name,latitude,longitude,month,South-facing vertical (tilt=90deg;),South-facing; tilt=latitude,South-facing; tilt=latitude+15deg;,South-facing; tilt=latitude-15deg;,Two-axis sun-tracking,Horizontal (tilt=0deg;)
Usk,-128.42,54.64,January,1.7,1.6,1.7,1.4,1.9,0.6
Usk,-128.42,54.64,February,2.5,2.6,2.7,2.4,3.1,1.3
Usk,-128.42,54.64,March,3.1,3.7,3.6,3.6,4.7,2.7
Usk,-128.42,54.64,April,3.1,4.4,4.0,4.6,6.3,4.2
Usk,-128.42,54.64,May,2.8,4.4,3.9,4.8,7.0,5.3
Usk,-128.42,54.64,June,2.8,4.6,4.0,5.1,7.7,5.7
Usk,-128.42,54.64,July,2.9,4.7,4.0,5.1,7.5,5.5
Usk,-128.42,54.64,August,3.2,4.6,4.2,4.9,6.9,4.5
Usk,-128.42,54.64,September,3.0,3.9,3.6,3.8,5.1,3.0
Usk,-128.42,54.64,October,2.0,2.2,2.2,2.1,2.7,1.5
Usk,-128.42,54.64,November,1.5,1.5,1.6,1.4,1.8,0.7
Usk,-128.42,54.64,December,1.3,1.3,1.3,1.1,1.4,0.4
Usk,-128.42,54.64,Annual,2.5,3.3,3.1,3.4,4.7,2.9
