name,latitude,longitude,month,South-facing vertical (tilt=90deg;),South-facing; tilt=latitude,South-facing; tilt=latitude+15deg;,South-facing; tilt=latitude-15deg;,Two-axis sun-tracking,Horizontal (tilt=0deg;)
Valemount,-119.26,52.83,January,2.4,2.3,2.4,2.0,2.7,0.9
Valemount,-119.26,52.83,February,3.4,3.5,3.6,3.2,4.2,1.7
Valemount,-119.26,52.83,March,4.1,4.8,4.7,4.7,6.2,3.2
Valemount,-119.26,52.83,April,3.9,5.4,5.0,5.6,7.8,4.6
Valemount,-119.26,52.83,May,3.2,5.2,4.5,5.6,8.2,5.6
Valemount,-119.26,52.83,June,3.2,5.4,4.6,6.0,9.2,6.2
Valemount,-119.26,52.83,July,3.3,5.5,4.7,6.0,9.2,6.2
Valemount,-119.26,52.83,August,3.5,5.2,4.7,5.5,8.0,5.2
Valemount,-119.26,52.83,September,3.7,4.7,4.5,4.7,6.4,3.4
Valemount,-119.26,52.83,October,3.3,3.7,3.7,3.5,4.5,2.0
Valemount,-119.26,52.83,November,2.6,2.6,2.7,2.3,3.0,1.0
Valemount,-119.26,52.83,December,2.1,2.0,2.1,1.7,2.3,0.7
Valemount,-119.26,52.83,Annual,3.2,4.2,3.9,4.2,6.0,3.4
