name,latitude,longitude,month,South-facing vertical (tilt=90deg;),South-facing; tilt=latitude,South-facing; tilt=latitude+15deg;,South-facing; tilt=latitude-15deg;,Two-axis sun-tracking,Horizontal (tilt=0deg;)
Van Anda,-124.55,49.76,January,1.7,1.8,1.8,1.6,2.1,0.8
Van Anda,-124.55,49.76,February,2.4,2.6,2.6,2.4,3.1,1.7
Van Anda,-124.55,49.76,March,3.2,4.0,3.9,3.9,5.1,2.8
Van Anda,-124.55,49.76,April,3.2,4.6,4.3,4.8,6.5,4.3
Van Anda,-124.55,49.76,May,2.9,4.8,4.2,5.2,7.4,5.4
Van Anda,-124.55,49.76,June,2.8,5.0,4.3,5.5,8.1,5.8
Van Anda,-124.55,49.76,July,3.0,5.3,4.6,5.8,8.6,6.1
Van Anda,-124.55,49.76,August,3.2,5.1,4.6,5.4,7.7,5.2
Van Anda,-124.55,49.76,September,3.9,5.1,4.8,5.0,6.9,3.8
Van Anda,-124.55,49.76,October,2.9,3.4,3.4,3.2,4.2,2.0
Van Anda,-124.55,49.76,November,1.9,2.0,2.0,1.8,2.3,1.0
Van Anda,-124.55,49.76,December,1.6,1.5,1.6,1.3,1.8,0.7
Van Anda,-124.55,49.76,Annual,2.7,3.8,3.5,3.8,5.3,3.3
