name,latitude,longitude,month,South-facing vertical (tilt=90deg;),South-facing; tilt=latitude,South-facing; tilt=latitude+15deg;,South-facing; tilt=latitude-15deg;,Two-axis sun-tracking,Horizontal (tilt=0deg;)
Vancouver,-123.11,49.25,January,1.8,1.8,1.8,1.6,2.1,0.9
Vancouver,-123.11,49.25,February,2.3,2.5,2.6,2.4,3.0,1.6
Vancouver,-123.11,49.25,March,3.0,3.7,3.6,3.6,4.7,2.8
Vancouver,-123.11,49.25,April,3.0,4.4,4.0,4.6,6.2,4.1
Vancouver,-123.11,49.25,May,2.7,4.6,4.1,5.0,7.1,5.4
Vancouver,-123.11,49.25,June,2.7,4.9,4.2,5.4,8.0,5.9
Vancouver,-123.11,49.25,July,2.9,5.3,4.6,5.8,8.7,6.2
Vancouver,-123.11,49.25,August,3.2,5.2,4.7,5.5,7.8,5.3
Vancouver,-123.11,49.25,September,3.7,5.0,4.7,5.0,6.8,3.7
Vancouver,-123.11,49.25,October,2.8,3.2,3.2,3.1,4.0,2.1
Vancouver,-123.11,49.25,November,1.9,1.9,2.0,1.7,2.3,1.0
Vancouver,-123.11,49.25,December,1.7,1.6,1.7,1.4,1.9,0.7
Vancouver,-123.11,49.25,Annual,2.6,3.7,3.4,3.8,5.2,3.3
