name,latitude,longitude,month,South-facing vertical (tilt=90deg;),South-facing; tilt=latitude,South-facing; tilt=latitude+15deg;,South-facing; tilt=latitude-15deg;,Two-axis sun-tracking,Horizontal (tilt=0deg;)
Vanderhoof,-124.01,54.01,January,2.0,1.9,2.1,1.7,2.3,0.7
Vanderhoof,-124.01,54.01,February,2.9,3.0,3.1,2.8,3.6,1.6
Vanderhoof,-124.01,54.01,March,3.8,4.4,4.3,4.3,5.7,3.0
Vanderhoof,-124.01,54.01,April,3.6,5.0,4.6,5.2,7.3,4.5
Vanderhoof,-124.01,54.01,May,3.1,4.8,4.2,5.2,7.5,5.4
Vanderhoof,-124.01,54.01,June,3.1,5.1,4.4,5.6,8.5,5.9
Vanderhoof,-124.01,54.01,July,3.2,5.2,4.5,5.7,8.5,5.9
Vanderhoof,-124.01,54.01,August,3.5,5.1,4.6,5.4,7.7,4.9
Vanderhoof,-124.01,54.01,September,3.4,4.5,4.2,4.4,6.0,3.4
Vanderhoof,-124.01,54.01,October,2.7,3.0,3.0,2.8,3.7,1.8
Vanderhoof,-124.01,54.01,November,2.1,2.0,2.1,1.8,2.4,0.8
Vanderhoof,-124.01,54.01,December,1.5,1.5,1.6,1.3,1.7,0.5
Vanderhoof,-124.01,54.01,Annual,2.9,3.8,3.6,3.9,5.4,3.2
