name,latitude,longitude,month,South-facing vertical (tilt=90deg;),South-facing; tilt=latitude,South-facing; tilt=latitude+15deg;,South-facing; tilt=latitude-15deg;,Two-axis sun-tracking,Horizontal (tilt=0deg;)
Vavenby,-119.72,51.59,January,2.2,2.2,2.3,1.9,2.5,0.9
Vavenby,-119.72,51.59,February,3.1,3.3,3.3,3.0,3.9,1.8
Vavenby,-119.72,51.59,March,4.0,4.8,4.6,4.6,6.1,3.3
Vavenby,-119.72,51.59,April,3.7,5.2,4.8,5.4,7.5,4.6
Vavenby,-119.72,51.59,May,3.1,5.1,4.4,5.5,7.9,5.6
Vavenby,-119.72,51.59,June,3.0,5.3,4.5,5.8,8.8,6.1
Vavenby,-119.72,51.59,July,3.2,5.5,4.7,6.0,9.1,6.3
Vavenby,-119.72,51.59,August,3.4,5.2,4.7,5.5,7.8,5.3
Vavenby,-119.72,51.59,September,3.8,5.0,4.7,4.9,6.7,3.6
Vavenby,-119.72,51.59,October,3.3,3.7,3.7,3.5,4.6,2.1
Vavenby,-119.72,51.59,November,2.4,2.4,2.5,2.1,2.8,1.0
Vavenby,-119.72,51.59,December,1.9,1.8,1.9,1.6,2.1,0.7
Vavenby,-119.72,51.59,Annual,3.1,4.1,3.8,4.2,5.8,3.5
