name,latitude,longitude,month,South-facing vertical (tilt=90deg;),South-facing; tilt=latitude,South-facing; tilt=latitude+15deg;,South-facing; tilt=latitude-15deg;,Two-axis sun-tracking,Horizontal (tilt=0deg;)
Victoria,-123.37,48.43,January,1.8,1.9,2.0,1.7,2.2,0.9
Victoria,-123.37,48.43,February,2.5,2.7,2.8,2.5,3.3,1.8
Victoria,-123.37,48.43,March,3.2,4.1,3.9,4.0,5.3,3.1
Victoria,-123.37,48.43,April,3.2,4.8,4.4,5.0,6.8,4.5
Victoria,-123.37,48.43,May,2.9,5.1,4.4,5.5,7.9,5.7
Victoria,-123.37,48.43,June,2.8,5.3,4.5,5.8,8.7,6.1
Victoria,-123.37,48.43,July,3.0,5.6,4.8,6.1,9.2,6.5
Victoria,-123.37,48.43,August,3.4,5.5,4.9,5.8,8.4,5.5
Victoria,-123.37,48.43,September,4.1,5.5,5.2,5.4,7.5,4.1
Victoria,-123.37,48.43,October,3.3,3.8,3.8,3.6,4.7,2.3
Victoria,-123.37,48.43,November,2.0,2.1,2.2,1.9,2.4,1.1
Victoria,-123.37,48.43,December,1.7,1.7,1.8,1.5,2.0,0.7
Victoria,-123.37,48.43,Annual,2.8,4.0,3.7,4.1,5.7,3.5
