name,latitude,longitude,month,South-facing vertical (tilt=90deg;),South-facing; tilt=latitude,South-facing; tilt=latitude+15deg;,South-facing; tilt=latitude-15deg;,Two-axis sun-tracking,Horizontal (tilt=0deg;)
Waglisla,-128.14,52.16,January,1.5,1.5,1.6,1.3,1.7,0.6
Waglisla,-128.14,52.16,February,2.1,2.3,2.3,2.1,2.6,1.3
Waglisla,-128.14,52.16,March,2.6,3.2,3.1,3.1,4.0,2.3
Waglisla,-128.14,52.16,April,2.7,3.9,3.5,4.0,5.3,3.4
Waglisla,-128.14,52.16,May,2.5,4.0,3.5,4.3,5.9,4.7
Waglisla,-128.14,52.16,June,2.5,4.2,3.6,4.6,6.5,5.1
Waglisla,-128.14,52.16,July,2.6,4.3,3.7,4.7,6.6,5.1
Waglisla,-128.14,52.16,August,2.6,4.0,3.6,4.2,5.8,4.3
Waglisla,-128.14,52.16,September,2.9,3.8,3.6,3.8,5.0,2.8
Waglisla,-128.14,52.16,October,2.1,2.4,2.4,2.3,3.0,1.6
Waglisla,-128.14,52.16,November,1.6,1.6,1.7,1.5,1.9,0.8
Waglisla,-128.14,52.16,December,1.3,1.2,1.3,1.1,1.4,0.5
Waglisla,-128.14,52.16,Annual,2.2,3.0,2.8,3.1,4.1,2.7
