name,latitude,longitude,month,South-facing vertical (tilt=90deg;),South-facing; tilt=latitude,South-facing; tilt=latitude+15deg;,South-facing; tilt=latitude-15deg;,Two-axis sun-tracking,Horizontal (tilt=0deg;)
Wasa,-115.75,49.79,January,2.7,2.6,2.8,2.3,3.2,1.2
Wasa,-115.75,49.79,February,3.6,3.7,3.8,3.4,4.6,2.2
Wasa,-115.75,49.79,March,4.0,4.9,4.8,4.7,6.3,3.6
Wasa,-115.75,49.79,April,3.6,5.3,4.9,5.5,7.7,4.9
Wasa,-115.75,49.79,May,3.1,5.2,4.5,5.6,8.3,5.8
Wasa,-115.75,49.79,June,3.0,5.5,4.7,6.1,9.4,6.4
Wasa,-115.75,49.79,July,3.2,5.9,5.1,6.4,9.8,6.8
Wasa,-115.75,49.79,August,3.6,5.7,5.1,6.0,8.7,5.6
Wasa,-115.75,49.79,September,4.2,5.5,5.2,5.5,7.5,4.0
Wasa,-115.75,49.79,October,4.1,4.6,4.6,4.3,5.8,2.5
Wasa,-115.75,49.79,November,2.9,2.9,3.1,2.6,3.5,1.3
Wasa,-115.75,49.79,December,2.3,2.1,2.3,1.9,2.5,0.9
Wasa,-115.75,49.79,Annual,3.4,4.5,4.2,4.5,6.5,3.8
