name,latitude,longitude,month,South-facing vertical (tilt=90deg;),South-facing; tilt=latitude,South-facing; tilt=latitude+15deg;,South-facing; tilt=latitude-15deg;,Two-axis sun-tracking,Horizontal (tilt=0deg;)
Wells,-121.58,53.10,January,2.3,2.2,2.3,1.9,2.5,0.8
Wells,-121.58,53.10,February,3.0,3.2,3.2,2.9,3.8,1.6
Wells,-121.58,53.10,March,3.9,4.5,4.4,4.4,5.8,3.0
Wells,-121.58,53.10,April,3.7,5.1,4.7,5.3,7.3,4.4
Wells,-121.58,53.10,May,3.0,4.8,4.2,5.2,7.5,5.4
Wells,-121.58,53.10,June,3.0,5.0,4.3,5.5,8.3,5.8
Wells,-121.58,53.10,July,3.1,5.1,4.4,5.6,8.4,5.9
Wells,-121.58,53.10,August,3.3,4.9,4.4,5.2,7.4,4.9
Wells,-121.58,53.10,September,3.5,4.5,4.2,4.5,6.0,3.3
Wells,-121.58,53.10,October,2.9,3.2,3.2,3.0,3.9,1.8
Wells,-121.58,53.10,November,2.2,2.2,2.3,2.0,2.6,0.9
Wells,-121.58,53.10,December,1.9,1.8,1.9,1.6,2.1,0.6
Wells,-121.58,53.10,Annual,3.0,3.9,3.6,3.9,5.5,3.2
