name,latitude,longitude,month,South-facing vertical (tilt=90deg;),South-facing; tilt=latitude,South-facing; tilt=latitude+15deg;,South-facing; tilt=latitude-15deg;,Two-axis sun-tracking,Horizontal (tilt=0deg;)
West Vancouver,-123.17,49.35,January,1.7,1.7,1.8,1.5,2.0,0.8
West Vancouver,-123.17,49.35,February,2.2,2.4,2.4,2.2,2.9,1.5
West Vancouver,-123.17,49.35,March,2.8,3.6,3.5,3.5,4.5,2.6
West Vancouver,-123.17,49.35,April,2.8,4.2,3.8,4.3,5.8,3.8
West Vancouver,-123.17,49.35,May,2.6,4.4,3.9,4.7,6.7,5.2
West Vancouver,-123.17,49.35,June,2.5,4.7,4.0,5.2,7.6,5.7
West Vancouver,-123.17,49.35,July,2.8,5.1,4.4,5.6,8.3,6.0
West Vancouver,-123.17,49.35,August,3.1,4.9,4.4,5.2,7.4,5.2
West Vancouver,-123.17,49.35,September,3.6,4.8,4.6,4.8,6.5,3.5
West Vancouver,-123.17,49.35,October,2.6,3.1,3.0,2.9,3.8,2.0
West Vancouver,-123.17,49.35,November,1.8,1.9,1.9,1.7,2.2,1.0
West Vancouver,-123.17,49.35,December,1.6,1.6,1.7,1.4,1.9,0.7
West Vancouver,-123.17,49.35,Annual,2.5,3.5,3.3,3.6,5.0,3.2
