name,latitude,longitude,month,South-facing vertical (tilt=90deg;),South-facing; tilt=latitude,South-facing; tilt=latitude+15deg;,South-facing; tilt=latitude-15deg;,Two-axis sun-tracking,Horizontal (tilt=0deg;)
Westwold,-119.75,50.47,January,2.0,2.0,2.1,1.8,2.3,1.0
Westwold,-119.75,50.47,February,2.9,3.1,3.2,2.9,3.7,2.0
Westwold,-119.75,50.47,March,3.8,4.6,4.5,4.5,5.9,3.4
Westwold,-119.75,50.47,April,3.6,5.2,4.8,5.4,7.4,4.8
Westwold,-119.75,50.47,May,3.1,5.2,4.5,5.6,8.0,5.8
Westwold,-119.75,50.47,June,3.0,5.4,4.6,5.9,8.9,6.3
Westwold,-119.75,50.47,July,3.2,5.6,4.9,6.2,9.3,6.5
Westwold,-119.75,50.47,August,3.6,5.6,5.0,5.9,8.4,5.5
Westwold,-119.75,50.47,September,4.0,5.2,5.0,5.2,7.1,3.9
Westwold,-119.75,50.47,October,3.5,3.9,3.9,3.7,4.9,2.3
Westwold,-119.75,50.47,November,2.3,2.3,2.4,2.1,2.7,1.1
Westwold,-119.75,50.47,December,1.7,1.6,1.7,1.5,1.9,0.8
Westwold,-119.75,50.47,Annual,3.1,4.2,3.9,4.2,5.9,3.6
