name,latitude,longitude,month,South-facing vertical (tilt=90deg;),South-facing; tilt=latitude,South-facing; tilt=latitude+15deg;,South-facing; tilt=latitude-15deg;,Two-axis sun-tracking,Horizontal (tilt=0deg;)
Whistler,-122.99,50.10,January,1.8,1.8,1.9,1.6,2.1,0.8
Whistler,-122.99,50.10,February,2.3,2.5,2.6,2.3,3.0,1.5
Whistler,-122.99,50.10,March,3.1,3.8,3.6,3.7,4.8,2.7
Whistler,-122.99,50.10,April,3.1,4.6,4.2,4.7,6.4,4.1
Whistler,-122.99,50.10,May,2.8,4.7,4.1,5.0,7.2,5.4
Whistler,-122.99,50.10,June,2.7,4.9,4.2,5.4,8.0,5.9
Whistler,-122.99,50.10,July,3.0,5.3,4.6,5.8,8.6,6.1
Whistler,-122.99,50.10,August,3.2,5.1,4.6,5.4,7.7,5.2
Whistler,-122.99,50.10,September,3.6,4.8,4.5,4.7,6.5,3.5
Whistler,-122.99,50.10,October,2.6,3.1,3.0,2.9,3.8,1.9
Whistler,-122.99,50.10,November,1.8,1.9,2.0,1.7,2.2,1.0
Whistler,-122.99,50.10,December,1.7,1.6,1.7,1.4,1.9,0.7
Whistler,-122.99,50.10,Annual,2.6,3.7,3.4,3.7,5.2,3.2
