name,latitude,longitude,month,South-facing vertical (tilt=90deg;),South-facing; tilt=latitude,South-facing; tilt=latitude+15deg;,South-facing; tilt=latitude-15deg;,Two-axis sun-tracking,Horizontal (tilt=0deg;)
White Rock,-122.80,49.02,January,1.8,1.8,1.9,1.6,2.1,0.9
White Rock,-122.80,49.02,February,2.4,2.7,2.7,2.5,3.2,1.7
White Rock,-122.80,49.02,March,3.1,3.9,3.8,3.8,5.0,2.9
White Rock,-122.80,49.02,April,3.0,4.5,4.1,4.7,6.4,4.2
White Rock,-122.80,49.02,May,2.7,4.7,4.1,5.1,7.3,5.5
White Rock,-122.80,49.02,June,2.7,5.0,4.3,5.5,8.2,6.0
White Rock,-122.80,49.02,July,2.9,5.4,4.6,5.9,8.8,6.3
White Rock,-122.80,49.02,August,3.3,5.3,4.8,5.6,8.0,5.4
White Rock,-122.80,49.02,September,3.8,5.2,4.9,5.1,7.0,3.8
White Rock,-122.80,49.02,October,3.0,3.4,3.4,3.2,4.3,2.1
White Rock,-122.80,49.02,November,1.9,2.0,2.1,1.8,2.3,1.0
White Rock,-122.80,49.02,December,1.7,1.7,1.8,1.5,2.0,0.7
White Rock,-122.80,49.02,Annual,2.7,3.8,3.5,3.9,5.4,3.4
