name,latitude,longitude,month,South-facing vertical (tilt=90deg;),South-facing; tilt=latitude,South-facing; tilt=latitude+15deg;,South-facing; tilt=latitude-15deg;,Two-axis sun-tracking,Horizontal (tilt=0deg;)
Willow River,-122.46,54.07,January,2.1,2.0,2.2,1.8,2.4,0.7
Willow River,-122.46,54.07,February,3.0,3.1,3.2,2.8,3.7,1.5
Willow River,-122.46,54.07,March,3.9,4.5,4.4,4.4,5.8,2.9
Willow River,-122.46,54.07,April,3.7,5.1,4.7,5.3,7.4,4.5
Willow River,-122.46,54.07,May,3.1,4.9,4.2,5.3,7.6,5.4
Willow River,-122.46,54.07,June,3.2,5.1,4.4,5.7,8.5,5.9
Willow River,-122.46,54.07,July,3.3,5.3,4.6,5.8,8.7,5.9
Willow River,-122.46,54.07,August,3.5,5.1,4.6,5.4,7.8,4.9
Willow River,-122.46,54.07,September,3.4,4.4,4.2,4.4,5.9,3.2
Willow River,-122.46,54.07,October,2.6,2.9,2.9,2.8,3.5,1.7
Willow River,-122.46,54.07,November,2.1,2.1,2.2,1.9,2.5,0.8
Willow River,-122.46,54.07,December,1.7,1.6,1.7,1.4,1.8,0.5
Willow River,-122.46,54.07,Annual,3.0,3.9,3.6,3.9,5.5,3.2
