name,latitude,longitude,month,South-facing vertical (tilt=90deg;),South-facing; tilt=latitude,South-facing; tilt=latitude+15deg;,South-facing; tilt=latitude-15deg;,Two-axis sun-tracking,Horizontal (tilt=0deg;)
Williams Lake,-122.13,52.13,January,2.4,2.3,2.4,2.0,2.7,0.9
Williams Lake,-122.13,52.13,February,3.2,3.4,3.4,3.1,4.0,1.8
Williams Lake,-122.13,52.13,March,4.1,4.9,4.7,4.7,6.2,3.3
Williams Lake,-122.13,52.13,April,3.7,5.2,4.8,5.4,7.5,4.6
Williams Lake,-122.13,52.13,May,3.1,5.1,4.4,5.5,8.0,5.6
Williams Lake,-122.13,52.13,June,3.0,5.2,4.4,5.7,8.6,6.0
Williams Lake,-122.13,52.13,July,3.2,5.4,4.7,5.9,8.9,6.1
Williams Lake,-122.13,52.13,August,3.5,5.3,4.7,5.6,8.0,5.1
Williams Lake,-122.13,52.13,September,3.8,4.9,4.7,4.9,6.6,3.7
Williams Lake,-122.13,52.13,October,3.2,3.6,3.6,3.4,4.4,2.1
Williams Lake,-122.13,52.13,November,2.3,2.3,2.4,2.0,2.7,1.0
Williams Lake,-122.13,52.13,December,2.0,1.9,2.0,1.6,2.2,0.6
Williams Lake,-122.13,52.13,Annual,3.1,4.1,3.9,4.2,5.8,3.4
