name,latitude,longitude,month,South-facing vertical (tilt=90deg;),South-facing; tilt=latitude,South-facing; tilt=latitude+15deg;,South-facing; tilt=latitude-15deg;,Two-axis sun-tracking,Horizontal (tilt=0deg;)
Windermere,-115.97,50.46,January,2.7,2.6,2.7,2.3,3.1,1.1
Windermere,-115.97,50.46,February,3.6,3.8,3.9,3.5,4.6,2.1
Windermere,-115.97,50.46,March,4.1,4.9,4.8,4.8,6.3,3.6
Windermere,-115.97,50.46,April,3.7,5.4,4.9,5.5,7.8,4.9
Windermere,-115.97,50.46,May,3.1,5.2,4.5,5.6,8.2,5.8
Windermere,-115.97,50.46,June,3.1,5.5,4.7,6.1,9.4,6.4
Windermere,-115.97,50.46,July,3.3,5.8,5.0,6.4,9.7,6.7
Windermere,-115.97,50.46,August,3.5,5.6,5.0,5.9,8.5,5.6
Windermere,-115.97,50.46,September,4.1,5.4,5.1,5.3,7.3,3.9
Windermere,-115.97,50.46,October,4.0,4.5,4.5,4.2,5.6,2.4
Windermere,-115.97,50.46,November,3.0,2.9,3.1,2.6,3.5,1.2
Windermere,-115.97,50.46,December,2.2,2.1,2.3,1.9,2.5,0.9
Windermere,-115.97,50.46,Annual,3.4,4.5,4.2,4.5,6.4,3.7
