name,latitude,longitude,month,South-facing vertical (tilt=90deg;),South-facing; tilt=latitude,South-facing; tilt=latitude+15deg;,South-facing; tilt=latitude-15deg;,Two-axis sun-tracking,Horizontal (tilt=0deg;)
Winlaw,-117.55,49.62,January,2.0,2.0,2.1,1.8,2.3,1.1
Winlaw,-117.55,49.62,February,2.7,2.9,3.0,2.7,3.5,2.0
Winlaw,-117.55,49.62,March,3.5,4.3,4.2,4.2,5.5,3.3
Winlaw,-117.55,49.62,April,3.3,4.9,4.5,5.1,7.0,4.6
Winlaw,-117.55,49.62,May,2.8,4.9,4.3,5.3,7.6,5.7
Winlaw,-117.55,49.62,June,2.9,5.3,4.5,5.8,8.7,6.2
Winlaw,-117.55,49.62,July,3.1,5.6,4.9,6.2,9.3,6.6
Winlaw,-117.55,49.62,August,3.4,5.5,4.9,5.8,8.3,5.5
Winlaw,-117.55,49.62,September,4.0,5.3,5.0,5.3,7.2,3.9
Winlaw,-117.55,49.62,October,3.4,3.9,3.9,3.7,5.0,2.4
Winlaw,-117.55,49.62,November,2.3,2.3,2.4,2.1,2.8,1.2
Winlaw,-117.55,49.62,December,1.6,1.6,1.7,1.4,1.9,0.9
Winlaw,-117.55,49.62,Annual,2.9,4.0,3.8,4.1,5.8,3.6
