name,latitude,longitude,month,South-facing vertical (tilt=90deg;),South-facing; tilt=latitude,South-facing; tilt=latitude+15deg;,South-facing; tilt=latitude-15deg;,Two-axis sun-tracking,Horizontal (tilt=0deg;)
Wonowon,-121.68,56.67,January,2.6,2.4,2.6,2.1,2.8,0.6
Wonowon,-121.68,56.67,February,3.7,3.7,3.8,3.4,4.4,1.5
Wonowon,-121.68,56.67,March,4.6,5.1,5.0,4.9,6.5,2.9
Wonowon,-121.68,56.67,April,4.3,5.6,5.2,5.8,8.2,4.5
Wonowon,-121.68,56.67,May,3.4,5.1,4.4,5.5,8.2,5.4
Wonowon,-121.68,56.67,June,3.4,5.3,4.5,5.8,9.2,5.9
Wonowon,-121.68,56.67,July,3.3,5.1,4.4,5.6,8.5,5.6
Wonowon,-121.68,56.67,August,3.5,4.9,4.4,5.2,7.5,4.6
Wonowon,-121.68,56.67,September,3.6,4.3,4.1,4.3,5.8,3.1
Wonowon,-121.68,56.67,October,3.2,3.4,3.4,3.2,4.1,1.6
Wonowon,-121.68,56.67,November,2.5,2.4,2.6,2.2,2.8,0.8
Wonowon,-121.68,56.67,December,2.2,2.0,2.1,1.7,2.3,0.4
Wonowon,-121.68,56.67,Annual,3.3,4.1,3.9,4.1,5.9,3.1
