name,latitude,longitude,month,South-facing vertical (tilt=90deg;),South-facing; tilt=latitude,South-facing; tilt=latitude+15deg;,South-facing; tilt=latitude-15deg;,Two-axis sun-tracking,Horizontal (tilt=0deg;)
Woodsdale,-119.39,50.05,January,1.9,1.9,1.9,1.7,2.2,1.1
Woodsdale,-119.39,50.05,February,2.8,3.0,3.1,2.8,3.6,2.0
Woodsdale,-119.39,50.05,March,3.7,4.5,4.4,4.4,5.8,3.4
Woodsdale,-119.39,50.05,April,3.5,5.1,4.7,5.3,7.3,4.8
Woodsdale,-119.39,50.05,May,3.1,5.2,4.6,5.6,8.0,5.8
Woodsdale,-119.39,50.05,June,3.0,5.4,4.6,6.0,9.0,6.3
Woodsdale,-119.39,50.05,July,3.2,5.7,4.9,6.2,9.4,6.6
Woodsdale,-119.39,50.05,August,3.6,5.6,5.0,5.9,8.5,5.5
Woodsdale,-119.39,50.05,September,4.0,5.3,5.0,5.2,7.2,3.9
Woodsdale,-119.39,50.05,October,3.5,4.0,4.0,3.7,5.0,2.4
Woodsdale,-119.39,50.05,November,2.2,2.3,2.4,2.0,2.7,1.2
Woodsdale,-119.39,50.05,December,1.6,1.6,1.6,1.4,1.8,0.8
Woodsdale,-119.39,50.05,Annual,3.0,4.1,3.9,4.2,5.9,3.6
