name,latitude,longitude,month,South-facing vertical (tilt=90deg;),South-facing; tilt=latitude,South-facing; tilt=latitude+15deg;,South-facing; tilt=latitude-15deg;,Two-axis sun-tracking,Horizontal (tilt=0deg;)
Wynndel,-116.57,49.19,January,2.3,2.3,2.4,2.0,2.7,1.2
Wynndel,-116.57,49.19,February,3.0,3.2,3.2,2.9,3.8,2.0
Wynndel,-116.57,49.19,March,3.6,4.4,4.3,4.3,5.7,3.4
Wynndel,-116.57,49.19,April,3.4,5.1,4.6,5.2,7.3,4.7
Wynndel,-116.57,49.19,May,2.9,5.1,4.4,5.5,7.9,5.8
Wynndel,-116.57,49.19,June,2.9,5.4,4.6,6.0,9.1,6.4
Wynndel,-116.57,49.19,July,3.2,5.8,5.0,6.3,9.7,6.7
Wynndel,-116.57,49.19,August,3.5,5.6,5.0,5.9,8.5,5.6
Wynndel,-116.57,49.19,September,4.1,5.5,5.2,5.5,7.5,4.0
Wynndel,-116.57,49.19,October,3.8,4.3,4.3,4.0,5.5,2.5
Wynndel,-116.57,49.19,November,2.5,2.5,2.6,2.3,3.1,1.2
Wynndel,-116.57,49.19,December,1.9,1.8,1.9,1.6,2.1,0.9
Wynndel,-116.57,49.19,Annual,3.1,4.3,4.0,4.3,6.1,3.7
