name,latitude,longitude,month,South-facing vertical (tilt=90deg;),South-facing; tilt=latitude,South-facing; tilt=latitude+15deg;,South-facing; tilt=latitude-15deg;,Two-axis sun-tracking,Horizontal (tilt=0deg;)
Yahk,-116.09,49.09,January,2.5,2.5,2.6,2.2,2.9,1.2
Yahk,-116.09,49.09,February,3.2,3.4,3.5,3.1,4.1,2.1
Yahk,-116.09,49.09,March,3.7,4.6,4.5,4.4,5.9,3.5
Yahk,-116.09,49.09,April,3.4,5.1,4.7,5.3,7.4,4.8
Yahk,-116.09,49.09,May,2.9,5.0,4.4,5.4,7.9,5.8
Yahk,-116.09,49.09,June,2.9,5.4,4.6,6.0,9.1,6.4
Yahk,-116.09,49.09,July,3.2,5.8,5.0,6.4,9.7,6.8
Yahk,-116.09,49.09,August,3.5,5.7,5.1,6.0,8.7,5.7
Yahk,-116.09,49.09,September,4.2,5.5,5.3,5.5,7.6,4.0
Yahk,-116.09,49.09,October,4.0,4.5,4.5,4.2,5.7,2.5
Yahk,-116.09,49.09,November,2.7,2.7,2.8,2.4,3.3,1.3
Yahk,-116.09,49.09,December,2.0,1.9,2.1,1.7,2.3,0.9
Yahk,-116.09,49.09,Annual,3.2,4.4,4.1,4.4,6.2,3.8
