name,latitude,longitude,month,South-facing vertical (tilt=90deg;),South-facing; tilt=latitude,South-facing; tilt=latitude+15deg;,South-facing; tilt=latitude-15deg;,Two-axis sun-tracking,Horizontal (tilt=0deg;)
Yale,-121.44,49.56,January,1.7,1.8,1.8,1.6,2.0,0.9
Yale,-121.44,49.56,February,2.3,2.5,2.5,2.3,3.0,1.6
Yale,-121.44,49.56,March,3.0,3.7,3.6,3.7,4.7,2.8
Yale,-121.44,49.56,April,3.0,4.5,4.1,4.6,6.3,4.1
Yale,-121.44,49.56,May,2.8,4.8,4.2,5.2,7.3,5.5
Yale,-121.44,49.56,June,2.8,5.1,4.3,5.6,8.3,6.0
Yale,-121.44,49.56,July,3.0,5.5,4.7,6.0,9.0,6.4
Yale,-121.44,49.56,August,3.4,5.4,4.8,5.7,8.2,5.4
Yale,-121.44,49.56,September,3.8,5.0,4.8,5.0,6.8,3.7
Yale,-121.44,49.56,October,2.8,3.2,3.2,3.0,4.0,2.0
Yale,-121.44,49.56,November,1.8,1.9,1.9,1.7,2.2,1.0
Yale,-121.44,49.56,December,1.7,1.6,1.7,1.4,1.9,0.7
Yale,-121.44,49.56,Annual,2.7,3.8,3.5,3.8,5.3,3.4
