name,latitude,longitude,month,South-facing vertical (tilt=90deg;),South-facing; tilt=latitude,South-facing; tilt=latitude+15deg;,South-facing; tilt=latitude-15deg;,Two-axis sun-tracking,Horizontal (tilt=0deg;)
Yarrow,-122.04,49.06,January,1.8,1.8,1.8,1.6,2.0,0.9
Yarrow,-122.04,49.06,February,2.2,2.4,2.5,2.3,2.9,1.6
Yarrow,-122.04,49.06,March,2.8,3.5,3.4,3.5,4.5,2.7
Yarrow,-122.04,49.06,April,2.8,4.2,3.9,4.4,5.9,3.9
Yarrow,-122.04,49.06,May,2.5,4.4,3.8,4.7,6.7,5.3
Yarrow,-122.04,49.06,June,2.5,4.7,4.0,5.2,7.6,5.8
Yarrow,-122.04,49.06,July,2.8,5.2,4.5,5.7,8.4,6.1
Yarrow,-122.04,49.06,August,3.2,5.1,4.6,5.4,7.7,5.3
Yarrow,-122.04,49.06,September,3.6,4.8,4.6,4.8,6.5,3.6
Yarrow,-122.04,49.06,October,2.7,3.2,3.2,3.0,3.9,2.0
Yarrow,-122.04,49.06,November,1.8,1.9,1.9,1.7,2.2,1.0
Yarrow,-122.04,49.06,December,1.7,1.6,1.7,1.5,1.9,0.7
Yarrow,-122.04,49.06,Annual,2.5,3.6,3.3,3.6,5.0,3.3
