name,latitude,longitude,month,South-facing vertical (tilt=90deg;),South-facing; tilt=latitude,South-facing; tilt=latitude+15deg;,South-facing; tilt=latitude-15deg;,Two-axis sun-tracking,Horizontal (tilt=0deg;)
Ymir,-117.21,49.28,January,2.1,2.1,2.2,1.8,2.4,1.1
Ymir,-117.21,49.28,February,2.6,2.9,2.9,2.7,3.5,2.0
Ymir,-117.21,49.28,March,3.5,4.3,4.1,4.1,5.4,3.3
Ymir,-117.21,49.28,April,3.3,4.9,4.5,5.1,7.0,4.6
Ymir,-117.21,49.28,May,2.8,4.8,4.2,5.2,7.5,5.7
Ymir,-117.21,49.28,June,2.9,5.3,4.5,5.8,8.8,6.3
Ymir,-117.21,49.28,July,3.1,5.6,4.9,6.2,9.3,6.6
Ymir,-117.21,49.28,August,3.3,5.4,4.9,5.7,8.2,5.6
Ymir,-117.21,49.28,September,4.0,5.4,5.1,5.3,7.3,3.9
Ymir,-117.21,49.28,October,3.5,4.0,4.1,3.8,5.1,2.4
Ymir,-117.21,49.28,November,2.3,2.4,2.5,2.1,2.9,1.2
Ymir,-117.21,49.28,December,1.7,1.6,1.7,1.4,1.9,0.9
Ymir,-117.21,49.28,Annual,2.9,4.1,3.8,4.1,5.8,3.6
