name,latitude,longitude,month,South-facing vertical (tilt=90deg;),South-facing; tilt=latitude,South-facing; tilt=latitude+15deg;,South-facing; tilt=latitude-15deg;,Two-axis sun-tracking,Horizontal (tilt=0deg;)
Youbou,-124.17,48.87,January,1.7,1.7,1.8,1.5,2.0,0.8
Youbou,-124.17,48.87,February,2.1,2.3,2.3,2.2,2.8,1.5
Youbou,-124.17,48.87,March,2.7,3.5,3.3,3.4,4.4,2.5
Youbou,-124.17,48.87,April,2.9,4.3,3.9,4.4,5.9,3.8
Youbou,-124.17,48.87,May,2.7,4.6,4.0,4.9,7.0,5.3
Youbou,-124.17,48.87,June,2.7,4.9,4.2,5.4,7.9,5.8
Youbou,-124.17,48.87,July,2.9,5.3,4.5,5.8,8.5,6.1
Youbou,-124.17,48.87,August,3.1,5.1,4.5,5.3,7.6,5.2
Youbou,-124.17,48.87,September,3.8,5.1,4.8,5.0,6.9,3.6
Youbou,-124.17,48.87,October,2.7,3.1,3.1,3.0,3.9,2.0
Youbou,-124.17,48.87,November,1.9,1.9,2.0,1.8,2.3,1.0
Youbou,-124.17,48.87,December,1.6,1.6,1.7,1.4,1.8,0.7
Youbou,-124.17,48.87,Annual,2.6,3.6,3.4,3.7,5.1,3.2
