name,latitude,longitude,month,South-facing vertical (tilt=90deg;),South-facing; tilt=latitude,South-facing; tilt=latitude+15deg;,South-facing; tilt=latitude-15deg;,Two-axis sun-tracking,Horizontal (tilt=0deg;)
Zeballos,-126.85,49.99,January,1.7,1.7,1.7,1.5,1.9,0.8
Zeballos,-126.85,49.99,February,2.0,2.2,2.3,2.1,2.6,1.4
Zeballos,-126.85,49.99,March,2.7,3.4,3.2,3.3,4.2,2.4
Zeballos,-126.85,49.99,April,2.8,4.1,3.7,4.2,5.6,3.4
Zeballos,-126.85,49.99,May,2.6,4.2,3.7,4.6,6.2,4.9
Zeballos,-126.85,49.99,June,2.6,4.5,3.9,5.0,7.1,5.3
Zeballos,-126.85,49.99,July,2.7,4.7,4.1,5.2,7.4,5.5
Zeballos,-126.85,49.99,August,2.7,4.3,3.8,4.5,6.3,4.7
Zeballos,-126.85,49.99,September,3.3,4.4,4.1,4.4,5.8,3.1
Zeballos,-126.85,49.99,October,2.6,2.9,2.9,2.8,3.6,1.8
Zeballos,-126.85,49.99,November,1.8,1.9,1.9,1.7,2.2,0.9
Zeballos,-126.85,49.99,December,1.4,1.4,1.5,1.3,1.6,0.6
Zeballos,-126.85,49.99,Annual,2.4,3.3,3.1,3.4,4.6,2.9
